ID,FEPRES,femme,marital,sei,degree,partner
1,1,0,1,43.4,1,12
2,1,0,0,38.9,3,17
3,1,0,1,35.1,4,18
4,1,1,1,62.5,0,6
5,1,1,1,17.1,0,8
6,1,1,1,69.2,3,17
7,1,0,1,29.8,1,12
8,1,1,0,37.7,1,13
9,1,1,1,37.7,1,13
10,1,1,1,,1,13
11,1,1,0,92.3,4,19
12,0,1,1,80.9,4,16
13,1,1,0,76.4,3,16
14,1,0,1,37.4,1,13
15,1,1,1,38.4,3,16
16,1,0,0,38.9,3,16
17,1,0,1,62.5,1,15
18,1,0,0,83.9,4,19
19,1,0,1,17.1,1,13
20,1,1,0,37.7,1,12
21,1,0,1,39.4,1,12
22,1,1,1,27.5,0,4
23,1,0,0,49.9,1,15
24,1,1,1,29.3,1,12
25,1,1,0,29.3,0,11
26,1,1,0,52.5,1,16
27,1,1,1,53.7,3,20
28,1,0,0,76.3,3,17
29,1,1,0,72.5,3,16
30,1,1,0,33.9,3,16
31,1,1,1,78.7,4,20
32,1,0,1,28.4,0,3
33,1,0,1,60.6,2,15
34,1,1,0,63.5,3,16
35,1,0,0,67,3,16
36,1,1,1,63.5,2,14
37,1,0,0,,0,9
38,1,1,1,28.4,4,17
39,1,1,1,,0,10
40,1,1,0,69.2,3,16
41,1,0,0,50.7,1,14
42,1,1,1,22.5,0,8
43,1,1,1,56.6,4,18
44,1,1,0,,0,12
45,0,0,0,37.6,0,10
46,1,1,1,67,3,16
47,1,1,0,33.1,0,7
48,0,0,0,32.1,0,9
49,0,0,1,34.2,1,12
50,1,1,1,23.3,1,12
51,1,1,0,31.4,1,13
52,1,1,1,96,4,18
53,1,0,1,53.7,1,12
54,0,0,0,28.6,1,12
55,1,1,0,97.2,4,20
56,1,0,0,63.5,3,16
57,1,0,0,33.9,3,16
58,1,0,0,53.7,1,12
59,1,0,0,60.6,1,13
60,1,0,0,29.6,0,11
61,1,0,1,28.6,1,12
62,1,1,0,33.1,3,17
63,1,0,1,63.5,1,12
64,1,1,1,38.9,1,12
65,1,0,1,63.5,3,16
66,1,1,1,38,3,16
67,0,0,0,28.6,2,14
68,0,1,1,,0,6
69,0,1,1,38,1,12
70,1,1,1,36.5,1,12
71,1,1,1,29.3,0,8
72,1,0,0,81,3,16
73,1,1,1,,1,10
74,1,1,0,36.5,3,15
75,1,1,0,,1,10
76,1,1,1,,0,10
77,1,1,1,69.2,4,18
78,0,0,1,45.8,1,15
79,1,0,0,28.4,0,10
80,1,1,0,38,1,12
81,1,0,1,69.2,1,12
82,1,1,0,29.3,1,13
83,1,1,0,50.5,3,16
84,1,1,1,68.1,1,12
85,1,1,1,33.9,1,12
86,1,1,1,76.4,3,16
87,1,0,1,39,1,16
88,1,1,1,63.5,3,16
89,1,0,1,76.4,3,16
90,1,0,1,73.9,4,20
91,1,1,0,,0,11
92,1,0,1,38.9,3,16
93,1,1,0,38.9,3,16
94,1,0,1,52.5,1,13
95,1,1,1,50.7,3,16
96,1,0,1,64.1,1,15
97,1,0,1,32.1,0,12
98,1,0,1,35.1,1,13
99,1,0,0,22.7,0,7
100,1,1,0,30.8,1,11
101,1,0,1,29.4,1,14
102,1,1,0,33.1,0,10
103,1,1,1,,1,12
104,1,1,1,26.4,1,14
105,0,0,1,,1,
106,1,1,1,,0,9
107,1,0,1,29.2,0,8
108,1,0,0,28.6,0,11
109,1,0,0,53.3,3,16
110,1,1,0,29.3,1,13
111,1,1,0,,1,13
112,1,1,0,48.9,1,12
113,1,1,1,22.5,3,16
114,1,0,1,44.7,1,15
115,1,1,1,29.3,1,11
116,1,1,0,38.9,1,13
117,1,1,1,28.4,0,9
118,1,0,1,87,4,20
119,1,1,0,33.6,2,14
120,1,1,1,80.3,3,16
121,1,1,1,38.4,1,14
122,1,0,1,53.7,0,14
123,0,1,1,50.7,1,14
124,1,0,1,58.3,3,16
125,1,1,1,63.5,1,14
126,1,1,0,62.5,1,13
127,1,1,1,26.4,1,12
128,1,0,1,35.1,2,14
129,1,0,0,37.3,1,13
130,1,1,1,70.5,1,10
131,1,0,1,38.1,1,12
132,1,1,1,37.6,1,12
133,1,1,1,73.6,0,8
134,1,1,1,33.9,1,12
135,0,0,0,92.3,4,20
136,1,0,1,49.9,1,13
137,1,1,1,36.5,1,12
138,1,1,0,33.1,0,11
139,1,1,1,50.3,1,14
140,1,1,1,31.4,2,14
141,1,1,1,36.5,1,14
142,1,0,0,36.2,1,14
143,1,1,0,22.7,0,12
144,1,1,1,48.5,0,10
145,1,0,0,33.1,1,12
146,1,1,0,50.5,1,13
147,1,1,0,33.1,4,16
148,1,0,0,60.5,1,15
149,1,0,0,30.7,1,12
150,1,0,1,38.1,1,14
151,1,1,1,50.5,2,14
152,1,1,1,22.7,0,10
153,1,1,1,76.3,4,18
154,1,0,0,76.3,1,14
155,1,0,1,33.1,1,12
156,1,1,0,,1,14
157,1,0,1,28.4,1,12
158,1,1,1,45.8,1,13
159,1,0,1,74.4,4,20
160,1,1,1,36.5,0,11
161,1,1,1,63.5,1,14
162,1,0,1,63.5,3,20
163,1,1,1,76.5,4,18
164,1,1,1,37.7,1,13
165,1,0,1,63.5,0,11
166,1,0,1,32,3,16
167,1,0,0,36.5,1,14
168,1,1,1,64.4,4,19
169,1,0,1,60.5,1,12
170,1,1,1,48.8,1,12
171,1,0,1,38.2,1,12
172,1,0,1,34.2,1,14
173,1,0,1,28.4,0,11
174,1,1,1,50.5,3,19
175,1,1,1,74.4,1,15
176,1,1,1,38.4,1,14
177,1,0,1,38.2,1,13
178,1,0,0,74.4,4,20
179,0,0,0,63.5,3,16
180,0,0,1,63.5,1,12
181,0,1,1,76.4,3,16
182,1,0,1,28.6,1,12
183,1,1,1,83.7,4,20
184,1,0,1,63.2,3,16
185,1,0,1,34.2,3,16
186,1,1,1,73.3,1,12
187,1,1,1,52.5,3,16
188,1,1,1,73.2,3,19
189,1,1,1,73.6,1,12
190,1,0,1,53.7,3,16
191,1,1,1,37.4,3,17
192,1,0,1,63.5,3,16
193,1,0,1,58.3,1,12
194,1,1,1,34.4,1,15
195,1,1,1,50.7,2,14
196,1,0,0,63.5,3,16
197,1,0,0,32,3,17
198,1,1,1,39,1,14
199,1,1,1,32,1,14
200,1,0,1,32.3,1,12
201,0,0,1,38.1,1,13
202,1,1,1,73.2,1,12
203,1,1,1,50.5,1,14
204,1,1,1,38.4,1,13
205,1,0,1,33.9,4,18
206,1,1,1,51.9,1,12
207,1,0,1,86.5,3,16
208,1,0,1,32.3,0,11
209,1,0,1,28.6,1,12
210,1,0,0,33.6,1,12
211,1,1,1,78.5,3,17
212,1,0,1,44.7,1,12
213,1,0,0,81.9,3,16
214,1,1,1,53.7,1,13
215,1,1,0,53.7,1,13
216,1,1,1,63.5,4,18
217,1,1,1,61.1,3,16
218,1,1,1,63.5,3,16
219,1,1,1,38.4,1,15
220,1,1,1,63.5,3,16
221,1,0,1,82.7,1,13
222,1,0,1,63.5,4,20
223,1,1,1,61.1,4,18
224,1,1,1,26.4,3,16
225,1,0,1,42.5,0,14
226,1,0,1,52.5,3,16
227,1,0,1,72.5,3,18
228,1,0,0,84.7,3,16
229,1,0,0,52.5,3,17
230,1,0,0,40.2,3,17
231,1,0,1,82.7,3,16
232,1,0,1,22.5,1,14
233,1,0,1,63.5,1,12
234,0,1,0,33.9,1,14
235,1,1,1,76.4,3,16
236,1,1,1,75.9,4,18
237,0,0,0,40.1,3,16
238,1,1,1,78.5,3,17
239,1,0,0,60.5,2,14
240,1,0,1,78.5,4,19
241,1,0,0,60.6,0,17
242,1,0,1,76.4,4,20
243,1,1,1,60.6,1,15
244,1,1,0,36.5,0,11
245,1,1,0,36.9,1,13
246,0,1,1,22.5,0,7
247,1,1,0,36.9,1,13
248,1,1,1,43.7,0,14
249,1,1,0,28.4,1,12
250,1,1,0,,0,11
251,0,1,1,50.5,0,10
252,1,1,1,29.3,1,16
253,1,1,1,42.3,1,15
254,1,1,0,29.3,0,
255,1,1,1,76.4,2,16
256,1,0,1,49.6,1,13
257,1,1,1,38,2,14
258,1,1,1,67,1,13
259,1,1,1,67,2,14
260,1,1,1,63.2,3,16
261,1,0,1,53.1,1,14
262,1,0,1,63.5,3,17
263,1,1,1,80.3,3,16
264,1,1,1,38,1,13
265,0,0,1,86.5,4,20
266,1,0,0,50.7,2,14
267,1,1,1,81,3,16
268,1,1,1,46.7,1,12
269,1,1,1,20.1,1,12
270,1,1,1,73.2,3,18
271,1,1,1,61.9,3,16
272,1,1,1,63.5,1,14
273,1,1,1,41.6,1,12
274,1,0,1,28.6,1,13
275,1,0,0,49.6,1,14
276,1,1,0,,1,12
277,1,0,0,73.2,3,16
278,1,1,1,53.7,0,9
279,1,1,1,53.7,1,12
280,1,1,1,74.4,3,16
281,1,1,0,68.1,0,11
282,1,0,1,45.3,1,12
283,1,0,0,28.6,1,14
284,1,1,0,37.7,1,12
285,1,0,1,28.6,1,13
286,1,0,1,86.8,3,16
287,1,0,1,32.7,1,14
288,1,1,1,31.4,1,13
289,1,1,1,37.9,1,13
290,1,0,1,31.4,1,14
291,1,1,1,53.3,1,12
292,1,1,0,38.4,2,15
293,1,1,0,,0,13
294,1,1,1,50.7,3,17
295,1,1,1,32.4,0,8
296,1,0,1,40,0,6
297,1,0,0,32.3,1,14
298,1,1,1,33.1,1,13
299,1,1,1,32.4,0,8
300,1,0,0,38.7,1,12
301,1,0,1,34.2,1,14
302,1,0,1,48.9,1,13
303,1,1,1,50.5,1,13
304,1,1,0,37.3,1,12
305,1,1,0,36.5,1,12
306,1,1,1,60.6,2,14
307,1,1,1,38.4,0,8
308,1,1,1,39.6,1,14
309,1,0,1,32,1,12
310,0,0,1,50.7,2,15
311,1,1,0,29.8,0,10
312,1,1,0,54.2,1,13
313,1,1,1,36.9,3,16
314,1,1,1,,1,12
315,1,1,1,,0,10
316,1,1,1,,4,17
317,1,1,1,38.9,1,12
318,1,0,0,38.2,1,12
319,1,0,0,30.1,0,12
320,1,1,1,68.1,3,16
321,1,1,1,33.9,0,11
322,1,0,1,50.7,3,16
323,0,1,1,38,1,13
324,1,0,1,48.9,2,13
325,1,1,1,78.5,4,20
326,1,1,1,50.7,3,16
327,1,0,1,54.2,1,12
328,1,1,1,63.5,1,12
329,1,0,1,32.1,0,10
330,1,1,1,50.7,0,10
331,1,0,1,38.1,1,12
332,1,1,1,36.1,1,12
333,1,1,0,76.4,3,16
334,1,1,1,29,1,12
335,1,0,1,48.5,1,12
336,1,0,1,36.5,1,14
337,1,0,0,32.7,1,12
338,0,0,0,28.4,1,12
339,1,0,1,31.2,2,16
340,1,0,1,50.7,2,15
341,1,0,1,50.5,3,17
342,1,0,0,,1,12
343,1,1,0,29,1,12
344,1,0,1,29.2,0,8
345,1,1,1,54.7,1,12
346,1,1,1,22.7,0,9
347,0,1,1,39,1,10
348,1,1,0,33.1,1,13
349,1,1,1,17.1,0,10
350,1,0,1,45.3,1,14
351,1,1,0,,1,17
352,1,0,0,85.1,4,16
353,1,1,1,33.9,1,12
354,1,1,0,36.5,1,14
355,1,1,0,,0,11
356,1,1,1,54.5,1,12
357,1,1,1,22.5,0,7
358,1,1,1,26.4,1,15
359,1,1,1,22.7,0,10
360,1,1,1,21.2,1,12
361,1,1,0,42.3,0,11
362,1,1,1,32.4,1,12
363,0,0,1,43.2,1,13
364,1,0,1,28.4,1,12
365,1,1,1,73.2,2,15
366,1,0,1,56.5,1,16
367,1,1,1,40.1,1,12
368,1,0,0,86.6,3,16
369,1,1,0,69.2,4,17
370,1,1,1,36.5,1,12
371,1,0,1,83.7,3,16
372,1,0,0,69.2,4,19
373,1,1,1,78.5,4,18
374,1,1,0,57.1,3,16
375,1,1,0,63.2,3,16
376,1,1,1,38.9,2,14
377,1,0,1,50.7,1,13
378,1,1,1,46.8,3,16
379,1,0,1,34.2,1,12
380,1,1,1,37.3,1,12
381,1,0,1,83.7,3,17
382,1,1,1,51.9,2,16
383,1,0,1,80.3,4,18
384,1,0,1,35.1,1,12
385,1,1,1,38.4,1,12
386,1,1,0,73.7,3,17
387,1,0,0,36.2,1,14
388,0,1,1,38,1,12
389,1,0,0,29.7,1,12
390,1,0,1,60.5,2,14
391,1,0,1,29.2,1,13
392,1,0,1,37.8,1,12
393,1,0,1,29,1,12
394,1,0,1,57.1,1,12
395,0,0,1,27.2,1,12
396,1,0,1,63.5,3,16
397,1,1,1,73.2,3,16
398,1,0,1,29.5,1,14
399,1,1,0,69.2,1,14
400,1,1,1,21.3,0,10
401,1,1,1,32,2,14
402,1,1,1,38.9,1,12
403,1,0,0,32.3,1,9
404,1,1,1,29.4,0,11
405,1,1,0,68.8,3,16
406,1,1,1,32.7,1,9
407,1,0,1,63.5,3,16
408,1,0,1,59,3,16
409,1,1,1,44.2,2,13
410,1,1,0,36.5,1,12
411,1,1,1,28.4,0,12
412,1,1,0,,0,10
413,1,1,1,56.6,3,16
414,1,0,1,34.2,0,10
415,1,0,1,31.5,1,12
416,1,1,1,67,1,12
417,1,0,1,53.2,2,16
418,1,1,1,78.7,1,14
419,1,0,1,63.5,1,13
420,1,0,1,68.8,4,18
421,1,0,0,76.4,1,15
422,1,0,0,34.3,2,15
423,1,1,1,74.4,3,17
424,1,0,1,67,3,16
425,0,0,1,86.5,3,16
426,1,0,1,60.6,3,16
427,1,0,1,35.4,1,12
428,1,1,0,46.8,1,13
429,1,0,0,60.5,0,10
430,1,0,1,31.4,2,14
431,1,0,1,38.1,1,13
432,1,1,0,35.1,0,11
433,1,1,1,50.7,1,12
434,1,1,1,26.4,1,12
435,1,0,0,33.1,2,15
436,1,1,1,28.4,2,15
437,1,0,1,31.5,0,10
438,1,0,0,26.4,2,15
439,1,1,1,33.1,1,12
440,1,1,1,,0,5
441,1,1,0,33.9,1,13
442,1,0,1,85.1,3,20
443,1,0,1,28.6,1,14
444,1,1,1,38.4,0,11
445,1,0,1,31.5,0,10
446,1,1,1,51.9,1,12
447,1,1,1,63.5,1,14
448,1,1,1,78.5,3,18
449,1,0,1,59.1,3,17
450,1,1,1,34.4,4,19
451,1,0,0,63.5,3,17
452,1,0,1,34.2,1,11
453,1,0,1,78.5,1,12
454,1,0,1,50.7,0,11
455,1,1,1,76.4,1,13
456,1,1,1,39.4,,
457,1,1,1,73.2,3,16
458,1,0,1,45.9,1,17
459,1,1,1,25.5,0,11
460,1,0,0,28.4,1,12
461,1,1,0,29.3,1,14
462,1,0,1,28.4,1,15
463,1,1,1,,0,0
464,1,0,0,83.7,4,17
465,1,0,1,86.6,3,16
466,1,1,1,75.2,4,18
467,1,1,0,83.7,1,14
468,1,1,1,38,1,14
469,1,1,1,31.4,1,13
470,1,1,1,69.2,1,14
471,1,1,1,50.7,1,12
472,1,1,1,31.4,1,12
473,1,0,1,69.2,3,16
474,1,0,1,53.9,1,13
475,0,0,1,66.1,0,14
476,1,0,1,36.4,1,14
477,1,0,1,37.8,1,12
478,1,0,1,31.5,1,12
479,1,0,1,29.2,3,16
480,1,0,1,32.3,0,5
481,1,1,1,66.1,0,10
482,1,0,1,32.3,1,10
483,1,1,1,32.4,1,12
484,1,0,0,53.9,1,13
485,1,1,1,36.5,1,13
486,1,1,1,81.9,4,20
487,1,1,1,34.4,1,10
488,1,0,1,45.2,1,14
489,1,1,1,38.9,3,16
490,1,1,0,74.4,3,14
491,1,1,0,78.5,3,20
492,1,0,0,29,0,13
493,1,1,0,,0,11
494,1,0,1,33.2,0,10
495,1,0,1,63.9,1,14
496,1,1,1,43.7,1,13
497,1,1,1,63.5,1,12
498,1,0,0,43.3,0,9
499,1,1,1,22.6,0,6
500,1,1,1,17.1,0,8
501,1,1,1,86.5,3,17
502,1,1,1,27.5,0,5
503,1,1,1,31.2,0,10
504,1,1,1,53.3,1,12
505,1,1,1,31.4,1,13
506,1,1,1,28.4,1,12
507,1,1,1,63.5,1,12
508,0,1,1,23.3,0,9
509,1,0,1,66.1,1,13
510,1,1,1,38.4,3,16
511,1,1,1,69.7,1,12
512,1,0,1,29.2,1,12
513,0,0,1,53.1,1,12
514,1,1,1,88.8,3,17
515,1,1,1,37.9,1,12
516,1,1,1,78.5,3,16
517,1,0,1,33.2,1,12
518,1,1,1,19.4,1,12
519,1,0,1,86.6,3,16
520,1,1,1,35.4,1,12
521,1,1,1,63.5,1,12
522,1,1,1,50.5,1,16
523,1,1,1,39.4,1,12
524,1,1,1,,0,10
525,1,0,0,30.1,1,12
526,1,0,1,86.8,4,20
527,1,1,1,63.5,0,10
528,1,0,1,86.6,3,16
529,1,1,1,38.9,2,14
530,1,0,1,50.7,1,12
531,1,0,1,31.5,0,8
532,1,1,1,50.7,3,16
533,1,1,1,26.7,0,9
534,1,1,1,37.4,0,7
535,1,1,1,56.6,3,16
536,1,1,1,67,1,12
537,1,1,1,78.5,3,16
538,1,0,1,63.5,3,16
539,1,0,1,82.7,4,19
540,1,1,1,78.5,4,17
541,1,0,0,37.4,1,14
542,1,1,0,34.4,1,14
543,1,1,1,83.7,4,20
544,1,1,1,58.3,1,14
545,1,1,1,76.4,3,16
546,1,0,1,42.2,1,14
547,1,1,1,80.9,4,18
548,1,1,1,63.2,1,14
549,1,1,1,61.9,3,17
550,1,1,0,,1,11
551,1,1,0,29.3,1,12
552,1,1,1,21.2,0,4
553,1,1,1,22.6,0,11
554,1,1,1,41.6,1,14
555,1,1,1,17.1,1,11
556,1,1,1,35.4,1,15
557,1,1,0,29.2,1,12
558,1,1,1,38.4,1,12
559,1,0,1,22.9,0,8
560,1,1,1,27.7,0,11
561,1,0,0,30.2,1,10
562,1,1,1,33.1,0,5
563,1,0,1,48.8,2,14
564,1,0,1,63.5,1,12
565,1,1,1,68.1,1,14
566,1,1,1,35.4,1,12
567,1,1,1,65.8,1,13
568,1,1,1,64.4,3,16
569,1,1,1,37.3,1,12
570,1,0,1,76.4,3,16
571,1,0,1,45.9,1,13
572,1,1,1,38.9,3,16
573,1,0,1,83.7,4,20
574,1,0,1,48.5,4,20
575,1,0,1,87.4,4,20
576,1,0,1,63.5,4,18
577,1,0,1,33.3,1,14
578,1,0,1,63.5,3,16
579,1,1,0,97.2,4,20
580,1,1,1,50.5,3,16
581,1,1,1,45.4,1,12
582,1,1,1,38.4,2,14
583,1,1,1,17.1,1,10
584,1,1,1,33.1,2,14
585,1,1,1,,1,14
586,1,1,1,63.5,1,12
587,1,0,0,35.1,1,12
588,1,1,0,29.2,1,15
589,1,0,1,65.8,4,18
590,1,1,1,64.8,1,12
591,1,0,0,38.9,4,18
592,1,1,0,78.5,4,18
593,1,0,0,38.9,1,13
594,1,1,1,50.7,1,15
595,1,1,1,65.8,3,19
596,1,1,1,26.7,1,12
597,1,0,0,48.6,3,16
598,1,0,0,32.3,1,13
599,1,0,1,63.5,2,14
600,1,1,1,63.5,1,13
601,1,0,0,63.5,1,12
602,1,0,1,38.2,2,16
603,1,0,0,73.9,3,16
604,1,0,0,30.7,1,14
605,1,1,1,73.2,3,16
606,1,1,1,65.2,1,11
607,1,0,0,38.9,3,16
608,1,1,1,57.1,1,16
609,1,1,0,50.5,1,13
610,1,0,1,76.4,4,18
611,1,1,1,83.7,3,18
612,1,1,1,63.5,3,16
613,1,1,1,50.7,3,16
614,1,1,1,83.7,4,20
615,1,1,0,38.4,3,16
616,1,0,1,83.7,3,17
617,1,0,1,82.7,4,18
618,1,1,1,38.4,1,15
619,1,1,1,84,4,17
620,1,0,0,61.1,1,15
621,1,0,1,28.6,1,12
622,1,1,1,38.4,1,9
623,1,1,1,73.9,4,20
624,1,1,1,71.2,3,16
625,1,0,0,87,3,17
626,1,0,1,63.5,4,20
627,1,1,0,36.5,3,18
628,1,1,0,37.7,3,16
629,1,1,0,63.5,1,12
630,1,1,1,53.7,1,14
631,1,1,0,63.5,3,16
632,1,0,1,76.3,4,18
633,1,1,1,73.2,3,18
634,1,1,1,36.5,1,12
635,1,1,1,34.4,0,8
636,1,1,1,,0,7
637,1,1,1,50.7,0,11
638,1,0,1,37.7,4,18
639,1,1,1,61.9,3,15
640,1,0,1,84,3,18
641,1,0,0,86.5,3,17
642,1,1,1,27.5,1,12
643,1,1,1,63.5,4,20
644,1,1,1,69.7,4,18
645,1,0,0,37.7,3,16
646,1,0,0,76.3,1,11
647,1,1,1,35.4,1,12
648,1,0,0,82.7,3,16
649,1,0,1,32.3,1,13
650,1,1,1,50.7,3,16
651,1,0,1,26.7,3,18
652,0,1,1,38.9,1,13
653,1,1,0,33.9,1,11
654,1,0,1,36.5,1,12
655,1,0,1,87.9,3,16
656,1,1,1,38,3,16
657,1,0,1,63.5,4,20
658,1,0,1,63.5,3,17
659,1,0,1,38.9,1,14
660,1,0,1,84,4,20
661,1,1,1,26.5,1,12
662,1,1,1,67,1,12
663,1,0,1,38.9,3,17
664,1,1,1,29.8,1,12
665,1,1,1,29.2,1,12
666,1,1,1,28.4,0,5
667,1,0,0,,0,10
668,1,1,1,36.1,1,15
669,1,0,1,52.4,1,13
670,1,0,1,51,1,14
671,1,0,1,63.5,3,16
672,1,1,1,63.2,1,13
673,1,1,1,85.1,4,20
674,1,1,1,80.9,4,19
675,1,1,1,35.4,1,12
676,1,0,1,86.6,1,17
677,1,0,0,35.1,1,13
678,1,0,1,86,3,16
679,1,1,1,36.1,3,16
680,1,1,1,63.5,1,12
681,0,1,1,33.1,1,12
682,1,1,1,38.4,0,10
683,0,1,1,78.5,1,14
684,1,1,1,27.9,0,10
685,1,1,0,22.5,3,19
686,1,0,0,38.2,0,13
687,1,1,0,37.7,3,16
688,1,1,0,48.6,1,12
689,1,1,1,73.2,2,16
690,1,1,1,73.6,2,14
691,1,0,1,86.8,4,17
692,1,1,1,38,1,13
693,1,0,1,63.5,3,17
694,1,1,1,64.2,4,18
695,1,0,1,63.5,3,17
696,1,1,1,26.7,0,11
697,1,0,1,26.4,0,8
698,1,1,1,63.5,1,12
699,1,1,1,,3,16
700,1,0,1,83.7,,14
701,1,1,1,78.5,3,16
702,1,0,0,83.7,4,19
703,1,0,1,29.2,0,10
704,1,1,1,38.4,1,12
705,1,1,1,38.4,1,12
706,1,1,1,63.5,4,18
707,1,1,1,63.5,2,14
708,1,0,1,50.5,1,14
709,1,0,1,29.5,0,9
710,1,1,1,60.6,3,16
711,1,1,1,37.7,1,15
712,1,0,0,51.9,1,12
713,1,1,0,68.1,2,14
714,1,0,0,64.1,1,13
715,1,0,1,71.6,4,18
716,1,0,1,36.5,1,12
717,1,1,1,26.7,0,9
718,1,1,0,64.4,3,17
719,1,1,0,33.3,1,12
720,1,1,1,57.1,1,12
721,1,0,0,29.5,1,13
722,1,0,1,49.6,1,13
723,1,1,1,38,1,11
724,1,1,1,68.1,1,15
725,1,0,1,31.4,1,12
726,1,0,1,50.7,1,14
727,1,1,1,36.5,2,16
728,1,1,0,68.8,3,16
729,1,0,1,65.8,1,14
730,1,1,1,63.5,1,14
731,1,0,1,28.4,1,12
732,1,1,1,87,3,16
733,1,0,1,63.5,4,18
734,1,0,1,63.5,3,16
735,1,0,1,81,3,16
736,1,1,1,64.2,3,16
737,1,1,1,38.9,1,12
738,1,0,1,50.7,1,15
739,1,0,1,63.5,1,15
740,1,1,1,63.5,3,16
741,1,0,1,63.5,3,16
742,1,0,1,63.5,3,16
743,1,1,1,,3,16
744,1,0,1,73.6,3,16
745,0,0,1,73.6,3,16
746,1,0,1,63.5,3,16
747,1,0,0,37.6,1,12
748,1,0,1,63.5,3,17
749,1,0,0,63.2,3,16
750,1,1,1,29,0,10
751,1,0,1,32.3,3,16
752,1,1,1,36.5,1,13
753,1,0,1,34.2,1,12
754,1,0,1,86.5,3,16
755,1,0,1,48.6,2,14
756,0,1,1,78.5,4,16
757,1,0,0,47.8,3,16
758,1,0,1,87.9,3,16
759,1,0,0,97.2,4,16
760,1,0,1,63.5,1,12
761,1,0,1,63.5,1,12
762,1,0,1,25.2,1,10
763,1,0,1,31.4,1,11
764,1,0,1,64.2,3,16
765,1,0,0,76.3,3,16
766,1,0,1,,1,19
767,1,1,1,28.4,0,7
768,1,1,1,38,1,13
769,1,1,0,26.5,0,7
770,1,0,1,52.4,1,14
771,1,1,1,38.9,2,14
772,1,1,1,,1,12
773,1,0,1,60.5,2,14
774,1,1,1,31.4,1,13
775,1,1,1,33.1,0,11
776,0,1,1,35.4,1,15
777,1,0,1,64.1,3,16
778,1,1,1,43.7,2,14
779,1,0,1,38.2,1,14
780,1,0,1,88.8,3,20
781,1,0,1,37.4,0,10
782,1,1,1,63.5,1,12
783,1,1,1,88.3,3,18
784,1,0,1,80,3,16
785,1,1,1,76.4,2,14
786,1,1,0,38.4,1,13
787,1,1,1,38.4,1,14
788,1,1,1,21.2,1,12
789,0,0,1,31.4,1,13
790,1,0,1,44.8,0,11
791,1,1,1,29,0,10
792,0,1,1,44.3,1,14
793,1,1,1,29.2,0,8
794,1,0,1,59.1,3,16
795,1,1,1,38.4,1,12
796,1,1,1,32.4,0,8
797,1,1,1,28.6,0,8
798,1,0,1,63.5,3,16
799,1,0,1,28.6,1,12
800,1,1,1,32.4,0,10
801,1,1,0,73.2,2,14
802,1,0,1,27.5,2,14
803,1,1,1,73.2,3,15
804,1,0,0,69.7,3,17
805,1,0,1,34.2,1,12
806,1,1,0,34.3,1,15
807,1,0,1,28.4,0,9
808,0,1,1,28.4,1,12
809,1,1,0,64.8,2,14
810,1,1,1,29.3,0,
811,1,1,0,29.3,1,15
812,1,0,0,32.3,1,12
813,1,1,0,21.2,1,13
814,1,1,1,30.8,0,11
815,1,0,1,62.1,1,12
816,1,1,1,33.1,1,12
817,1,0,1,63.5,1,13
818,1,0,1,50.7,1,13
819,1,0,1,35.1,1,12
820,1,1,0,50.7,1,13
821,1,1,1,39,1,13
822,1,1,1,29,1,12
823,1,0,1,28.4,1,12
824,1,0,1,50.7,0,6
825,1,1,1,21.2,0,0
826,1,0,0,,0,11
827,1,1,0,73.2,1,13
828,1,1,1,29.4,1,12
829,1,1,0,48.5,1,12
830,1,1,1,78.5,4,18
831,1,0,1,73.3,3,16
832,1,1,1,37.7,1,12
833,1,1,1,27.7,1,12
834,1,1,1,53.3,1,14
835,1,1,1,65.8,3,16
836,1,0,1,60.6,3,16
837,1,1,1,38.4,1,12
838,1,1,1,39,0,11
839,1,0,1,48.5,1,14
840,1,1,1,73.3,1,14
841,1,0,0,76.4,3,16
842,1,0,1,37.9,0,10
843,1,1,1,31.4,1,12
844,1,0,1,32.3,1,12
845,1,1,1,81,2,14
846,1,1,1,22.5,1,12
847,1,0,1,48.5,1,12
848,1,1,1,55.1,1,12
849,1,0,0,40,1,16
850,1,0,0,90.8,4,20
851,1,0,0,29.8,1,14
852,1,1,1,84,4,20
853,1,1,1,73.6,3,16
854,1,1,0,50.7,3,16
855,1,0,1,34.2,1,12
856,1,1,0,21.2,1,15
857,1,0,0,63.5,1,13
858,1,0,0,63.5,1,17
859,1,1,1,33.1,1,12
860,1,0,0,69.7,3,16
861,1,0,1,51,1,15
862,1,1,1,42.3,1,12
863,1,0,1,76.3,1,13
864,1,1,0,73.2,3,16
865,1,0,0,75.2,3,16
866,1,0,1,29.8,1,12
867,1,0,1,97.2,4,20
868,1,1,1,63.5,3,17
869,1,1,1,38.4,1,13
870,1,0,1,96,4,20
871,1,1,1,53.3,1,13
872,1,0,1,86.6,3,17
873,1,0,1,33.9,3,18
874,1,1,1,64.2,1,15
875,1,0,1,63.5,1,12
876,1,0,1,83.7,3,17
877,1,0,0,32.3,2,14
878,1,1,0,39.4,2,14
879,1,0,0,34.3,1,12
880,1,1,0,57.1,2,13
881,1,1,0,76.4,1,13
882,1,1,0,63.5,3,15
883,1,1,1,63.5,1,13
884,1,0,0,38.1,1,15
885,1,1,0,37.7,3,16
886,1,0,0,32.4,1,16
887,1,0,0,33.9,1,15
888,1,1,0,78.5,3,16
889,1,0,0,43.3,1,12
890,1,0,0,63.5,1,15
891,1,0,0,33.6,1,12
892,1,0,0,29.2,1,12
893,1,0,1,63.5,3,16
894,1,0,0,41.1,1,16
895,1,1,0,35.4,2,17
896,1,0,1,39,1,12
897,1,0,0,33.1,1,13
898,1,0,1,28.4,1,13
899,1,0,1,32.3,1,12
900,1,0,1,27.5,0,6
901,1,1,1,,1,12
902,1,0,0,33.1,3,18
903,1,1,0,64.8,4,20
904,1,1,1,,4,20
905,1,0,0,37.9,1,15
906,1,1,0,,1,13
907,1,0,0,20.1,1,12
908,1,0,1,34.2,1,13
909,1,0,1,36.4,1,12
910,1,0,1,27.9,1,12
911,1,1,1,76.4,2,14
912,1,0,1,87.9,2,14
913,1,1,0,30.8,1,12
914,1,0,1,63.5,4,20
915,1,1,1,29.3,1,12
916,1,0,0,37.4,1,12
917,1,0,1,83.9,1,15
918,1,0,1,97.2,4,20
919,1,0,1,73.3,4,18
920,0,1,1,82.7,4,18
921,1,0,1,97.2,4,20
922,1,0,1,92.3,4,20
923,1,1,1,78.5,4,18
924,1,0,1,31.3,1,14
925,1,0,0,62.5,3,16
926,1,1,0,29.3,1,16
927,1,1,0,29.3,1,12
928,1,1,1,28.4,0,11
929,1,1,1,18.5,1,12
930,1,1,0,43.5,1,13
931,1,1,0,29.1,1,12
932,1,1,0,38.9,0,10
933,1,1,0,36.5,0,10
934,1,0,1,48.5,0,8
935,1,1,0,33.6,1,14
936,1,1,0,38,1,12
937,1,0,1,86.6,4,18
938,0,0,1,63.5,1,12
939,1,0,1,31.4,3,16
940,1,0,0,,1,14
941,1,0,1,38.2,1,12
942,1,1,1,49.6,3,16
943,0,0,1,88.8,4,18
944,1,1,1,38.4,1,12
945,1,0,1,64.1,4,18
946,1,1,0,73.2,3,16
947,1,0,0,68.8,3,16
948,1,0,1,63.2,1,15
949,0,0,1,31.5,1,12
950,1,0,1,73.6,1,12
951,1,1,0,32.4,3,17
952,1,0,1,63.5,1,12
953,1,0,0,,1,12
954,1,1,1,73.2,4,16
955,1,0,0,60.5,2,16
956,1,1,1,37.4,1,13
957,1,0,0,27.5,1,12
958,1,1,1,37.7,1,12
959,1,0,1,29.8,1,12
960,1,1,1,,0,4
961,0,0,1,31.4,1,12
962,1,0,1,32.3,1,12
963,1,1,0,34.3,1,14
964,1,1,1,27.5,0,9
965,1,1,0,29.3,3,20
966,1,0,0,69.7,2,14
967,1,1,1,50.7,3,19
968,1,0,1,63.5,1,12
969,1,1,1,38.4,2,13
970,1,1,1,50.7,3,16
971,1,1,1,38.4,3,16
972,1,1,1,73.3,3,17
973,1,1,1,36.5,1,14
974,0,1,1,73.2,4,18
975,1,0,0,39.4,3,16
976,1,1,0,52.3,1,14
977,1,0,0,38.9,3,17
978,1,1,0,48.5,3,16
979,1,1,0,32.4,1,13
980,1,1,0,35.2,1,16
981,1,0,0,49.6,1,12
982,1,0,1,38.9,1,12
983,1,1,1,49.6,3,17
984,1,1,1,62.1,3,16
985,1,0,1,76.3,3,16
986,1,1,1,26.4,3,17
987,0,0,1,38.1,1,12
988,1,1,1,56.5,3,17
989,1,0,1,63.5,1,12
990,1,1,1,73.2,3,16
991,1,1,1,73.3,3,18
992,1,0,1,45.3,2,14
993,1,1,1,39,1,12
994,1,1,1,39,1,13
995,1,0,1,60.5,2,14
996,1,1,1,33.1,1,12
997,1,1,0,74.4,4,16
998,1,1,1,53.3,2,14
999,1,1,0,28.4,1,9
1000,1,1,1,69.7,1,12
1001,1,1,1,73.7,3,16
1002,0,0,0,36.7,3,16
1003,1,1,1,62.2,2,15
1004,1,0,0,29.4,1,12
1005,1,0,1,31.7,0,11
1006,1,1,1,65.8,1,13
1007,1,0,1,48.5,1,12
1008,1,0,1,27.7,1,13
1009,0,0,1,86.6,4,17
1010,1,1,1,29.1,1,13
1011,1,0,1,51.9,3,16
1012,1,1,1,56.6,3,16
1013,1,1,1,73.8,1,12
1014,1,1,0,64.4,4,20
1015,1,1,0,73.2,1,15
1016,1,1,1,73.2,1,13
1017,1,0,1,35.1,1,15
1018,0,0,1,34.2,0,6
1019,1,0,1,53.9,0,8
1020,1,1,1,33.1,1,12
1021,1,0,1,42.7,1,12
1022,1,1,1,62,0,9
1023,1,0,1,53.9,1,12
1024,1,1,1,36.9,1,12
1025,1,1,0,38.5,1,14
1026,1,1,0,67,1,12
1027,1,0,1,29.2,0,10
1028,1,1,1,29.2,1,12
1029,1,0,1,52.4,4,16
1030,1,1,1,80.9,1,14
1031,1,1,0,37.7,1,12
1032,1,1,1,62.5,1,11
1033,1,0,0,27.5,0,11
1034,1,0,1,63.5,4,18
1035,1,0,1,62.1,2,15
1036,0,1,1,37.6,1,11
1037,1,1,1,29.3,1,12
1038,1,1,0,32.4,3,17
1039,1,0,1,29.3,2,17
1040,1,0,0,27.7,1,12
1041,1,1,0,78.5,3,16
1042,1,0,1,31.7,1,12
1043,1,0,1,86.6,2,14
1044,1,1,1,73.2,4,12
1045,1,0,1,29.3,1,13
1046,1,1,0,32.4,1,16
1047,1,1,0,50.7,3,16
1048,1,0,1,28.6,1,12
1049,1,1,1,31.4,1,12
1050,1,0,1,63.5,3,16
1051,1,0,1,26.7,1,12
1052,1,1,1,,1,12
1053,1,1,0,66.1,3,17
1054,1,1,1,26.7,1,13
1055,1,1,1,33.1,1,13
1056,1,0,1,32.3,1,12
1057,1,1,1,29,1,12
1058,1,0,0,38.1,1,12
1059,1,0,0,76.3,4,18
1060,1,1,1,50.7,3,16
1061,1,0,1,97.2,4,20
1062,1,1,0,69.2,3,17
1063,1,1,0,33.6,1,13
1064,1,0,0,32.3,0,10
1065,1,0,0,,0,11
1066,1,0,1,34.2,1,12
1067,1,0,0,87.9,3,17
1068,1,1,0,36.5,1,13
1069,0,0,1,29.2,0,9
1070,1,0,1,44.7,1,12
1071,0,0,1,31.5,0,9
1072,1,0,1,32.3,1,15
1073,1,1,1,,0,8
1074,1,1,0,28.4,1,12
1075,1,1,1,21.2,0,11
1076,1,1,1,63.5,1,12
1077,1,0,0,34.2,1,13
1078,1,1,1,59.9,2,14
1079,1,0,1,64.2,2,14
1080,1,1,1,63.2,2,14
1081,1,1,1,37.7,1,12
1082,1,1,1,38.4,1,13
1083,1,1,1,26.7,0,10
1084,1,1,1,21.2,1,12
1085,1,1,1,73.8,4,18
1086,1,0,1,36.5,1,12
1087,1,1,1,38.9,4,18
1088,1,1,1,73.9,4,20
1089,1,0,1,43.3,3,18
1090,1,0,0,33.6,1,12
1091,1,1,0,38,2,14
1092,1,1,1,47,1,12
1093,1,1,1,63.2,2,14
1094,1,1,1,54.2,1,12
1095,1,1,1,37.7,1,12
1096,1,1,1,36.9,1,12
1097,1,1,0,33.1,1,12
1098,1,1,0,37.4,1,13
1099,0,1,0,,0,10
1100,1,1,0,33.6,1,12
1101,1,1,0,33.1,1,12
1102,1,1,0,21.2,0,11
1103,1,0,1,78.5,4,17
1104,1,1,0,52.5,1,15
1105,1,1,1,29.3,1,12
1106,1,1,1,51.9,1,12
1107,1,1,0,,1,12
1108,1,0,1,80.3,4,16
1109,1,1,1,78.5,3,15
1110,1,0,1,32,1,12
1111,1,0,0,86.6,3,16
1112,1,1,1,38.4,1,9
1113,1,1,1,45.8,1,13
1114,1,0,0,31.5,1,12
1115,1,0,1,26.4,0,8
1116,1,1,1,37.7,2,14
1117,1,1,1,37.7,1,14
1118,1,1,1,73.9,3,19
1119,1,1,1,37.5,1,12
1120,0,0,1,86,1,15
1121,0,0,1,31.5,0,5
1122,1,1,1,,0,10
1123,1,1,1,29.2,1,9
1124,0,1,1,17.1,0,10
1125,1,1,1,29.3,1,12
1126,1,1,1,60.6,2,14
1127,0,0,1,50.7,0,8
1128,1,1,1,36.5,2,14
1129,1,1,1,48.6,1,12
1130,1,1,1,29.8,1,14
1131,1,0,0,31.4,0,9
1132,0,0,1,63.5,1,13
1133,1,0,1,50.7,2,15
1134,1,0,1,49.6,1,13
1135,1,0,1,45.4,1,12
1136,1,0,1,38.2,1,14
1137,1,0,1,69.7,3,16
1138,1,1,1,38.4,1,13
1139,1,1,1,60.6,4,18
1140,1,0,1,28.4,1,13
1141,1,1,1,37.7,1,12
1142,1,0,1,39,1,12
1143,1,0,1,87.9,3,16
1144,1,1,1,51.9,1,12
1145,1,1,0,35.4,3,16
1146,1,0,1,32.8,1,12
1147,1,0,1,45.3,2,14
1148,1,0,1,86.5,3,16
1149,1,1,0,38.9,1,12
1150,1,0,0,27.5,1,13
1151,1,1,1,43.7,2,14
1152,1,1,1,,1,14
1153,1,1,1,22.5,1,12
1154,0,0,0,37.6,1,12
1155,1,0,1,31.5,0,10
1156,1,0,1,53.4,1,14
1157,1,1,1,74.4,2,14
1158,1,1,1,50.5,1,12
1159,1,1,1,,0,8
1160,1,0,1,32,1,11
1161,1,0,1,29.4,1,12
1162,1,0,1,29.4,1,13
1163,1,1,1,17.1,1,12
1164,1,0,0,59.1,0,9
1165,1,1,1,35.4,2,13
1166,1,0,1,36.5,1,12
1167,1,0,1,28.4,1,12
1168,1,1,1,62.5,2,15
1169,1,1,1,25.2,1,12
1170,1,1,1,29.2,1,12
1171,1,1,0,,0,10
1172,1,1,1,38.4,1,12
1173,1,1,1,78.5,4,16
1174,1,1,1,53.3,3,16
1175,1,1,1,63.5,4,18
1176,1,0,1,86.5,3,16
1177,1,1,1,73.2,3,16
1178,1,1,1,31.1,1,11
1179,0,0,0,43.4,1,12
1180,1,1,1,80.9,1,12
1181,1,1,1,27.9,0,10
1182,1,1,1,38,1,12
1183,1,0,1,31.5,0,8
1184,0,1,1,17.1,0,8
1185,1,1,0,38,4,18
1186,1,1,1,32,1,12
1187,1,0,0,42.7,1,12
1188,1,0,0,27.5,0,12
1189,1,0,1,37.1,1,12
1190,1,1,1,27.7,1,12
1191,1,1,1,31.2,1,12
1192,1,0,1,29.3,,11
1193,1,1,1,33.1,1,12
1194,1,0,1,33.9,0,11
1195,1,0,1,50.7,1,12
1196,1,1,1,29.3,0,11
1197,1,1,1,73.2,3,15
1198,1,0,0,29.5,0,11
1199,0,0,1,35.1,0,11
1200,1,0,0,34.3,1,12
1201,1,0,1,48.9,1,15
1202,1,1,0,78.5,3,17
1203,1,0,1,33.6,1,12
1204,1,1,1,38.4,1,12
1205,1,0,1,73.3,4,17
1206,1,1,0,52.3,1,13
1207,1,1,1,62.2,1,14
1208,0,0,1,45.3,1,14
1209,1,0,0,39.4,1,12
1210,1,0,0,37.6,1,12
1211,1,1,1,43.7,1,12
1212,1,0,1,39.4,0,8
1213,1,1,1,21.2,1,12
1214,1,1,1,29.8,1,10
1215,1,0,1,37.1,1,14
1216,1,1,1,17.1,1,14
1217,0,1,1,27.7,0,6
1218,1,1,1,69.2,3,16
1219,1,1,1,62.1,1,12
1220,1,1,1,33.1,1,13
1221,1,1,1,37.9,1,12
1222,1,0,1,35.4,1,12
1223,1,0,1,36.5,1,15
1224,1,1,0,73.2,4,18
1225,1,0,0,28.6,1,14
1226,1,0,0,33,1,13
1227,1,1,1,27.5,0,9
1228,1,1,1,45.8,1,13
1229,1,1,0,29.3,1,12
1230,1,0,1,28.4,0,11
1231,1,0,1,36.5,3,17
1232,1,1,0,51.9,1,13
1233,1,1,0,,0,8
1234,1,0,1,31.4,1,14
1235,1,1,0,38.4,1,11
1236,1,0,1,33.3,0,11
1237,0,0,1,74.9,3,16
1238,1,1,1,64.2,3,16
1239,1,1,1,36.5,1,12
1240,1,1,0,37.7,1,13
1241,1,1,1,33.1,1,12
1242,1,1,1,35.7,1,13
1243,1,1,1,33.9,1,13
1244,1,0,1,64.1,1,12
1245,1,1,1,37.9,0,12
1246,1,1,1,27.2,0,11
1247,1,0,1,48.5,1,12
1248,1,0,1,31.5,1,12
1249,1,1,1,29.1,1,12
1250,1,0,1,69.7,3,19
1251,1,0,0,28.6,1,12
1252,1,1,1,37.6,1,12
1253,1,0,1,29.4,1,12
1254,1,1,1,63.5,3,16
1255,1,1,1,71.6,1,15
1256,1,1,0,80.9,3,17
1257,1,1,1,26.7,1,12
1258,1,1,1,32.4,1,13
1259,1,0,1,26.7,1,14
1260,1,1,1,73.2,3,15
1261,1,1,1,33.6,1,12
1262,1,0,1,63.5,1,12
1263,0,1,1,22.7,1,12
1264,1,1,1,32.4,0,11
1265,1,1,1,22.7,0,9
1266,1,0,1,33.6,1,12
1267,0,0,1,78,1,12
1268,1,1,1,26.4,1,12
1269,1,1,1,80.3,4,18
1270,1,1,1,38,1,13
1271,1,1,1,69.2,4,18
1272,1,1,1,53.3,4,17
1273,1,0,1,65.8,1,12
1274,1,1,1,84.7,3,16
1275,1,0,1,81,1,14
1276,1,1,1,26.4,1,12
1277,1,1,0,82.7,2,15
1278,1,1,1,63.5,1,14
1279,1,0,1,64.2,2,18
1280,1,0,1,63.5,4,20
1281,1,0,1,63.2,1,12
1282,1,1,1,51,3,16
1283,1,1,0,85.8,3,19
1284,1,1,0,57.1,3,16
1285,1,0,1,33.3,1,12
1286,1,1,1,33.1,4,18
1287,1,1,1,33.1,0,11
1288,1,0,1,92.3,4,20
1289,1,0,1,63.2,3,17
1290,1,0,1,73.3,3,16
1291,1,1,0,36.9,2,14
1292,1,0,0,29.2,0,11
1293,1,1,1,,0,9
1294,1,1,1,63.5,3,17
1295,1,1,0,,1,12
1296,1,0,1,32.3,1,12
1297,1,1,1,67,3,16
1298,1,1,1,38.4,2,14
1299,1,0,1,29.4,0,11
1300,1,1,1,73.2,3,16
1301,1,0,1,36.5,1,12
1302,1,0,0,29,,11
1303,0,0,1,31.3,1,12
1304,1,1,1,38,1,13
1305,1,0,1,37.3,1,12
1306,1,0,1,38.2,1,15
1307,1,1,1,34.6,1,12
1308,1,0,1,26.6,1,13
1309,1,0,1,30.1,1,12
1310,1,0,1,48.5,0,8
1311,1,0,1,33.6,1,13
1312,1,0,1,29.2,1,12
1313,1,1,1,34.6,1,13
1314,1,0,1,35.7,1,12
1315,1,0,0,37.9,2,14
1316,1,1,1,38,3,16
1317,1,1,1,63.5,1,13
1318,1,1,1,29.8,1,12
1319,0,1,1,38.4,1,13
1320,1,1,1,28.4,0,7
1321,1,1,1,26.4,1,12
1322,1,1,0,28.4,0,12
1323,1,0,0,29.5,1,12
1324,0,0,1,28.4,0,11
1325,1,1,1,63.5,2,14
1326,0,0,1,38.9,1,12
1327,1,1,0,,0,10
1328,1,0,1,34.2,1,12
1329,1,1,1,26.4,1,12
1330,1,0,1,29.2,1,12
1331,0,0,1,39,1,12
1332,1,1,0,26.7,1,12
1333,1,1,1,32.7,0,10
1334,1,0,0,34.2,1,12
1335,1,0,1,37.3,3,16
1336,0,1,1,53.9,1,12
1337,1,0,1,54.9,1,14
1338,1,0,1,63.5,1,13
1339,1,0,1,69.7,3,16
1340,1,1,1,30.7,1,12
1341,1,0,1,63.2,4,18
1342,1,0,1,35.4,0,10
1343,1,0,1,54.2,3,16
1344,1,0,0,56.5,1,15
1345,1,0,1,37.3,1,12
1346,1,0,0,45.8,1,12
1347,0,0,1,32.1,0,8
1348,1,1,1,37.7,1,12
1349,1,0,1,37.4,0,3
1350,1,1,1,33.1,1,12
1351,1,1,1,78.5,3,16
1352,1,1,1,76.4,3,16
1353,1,0,1,73.8,3,20
1354,1,1,0,38.4,3,16
1355,1,1,0,38.4,1,15
1356,1,0,0,37.8,1,12
1357,1,0,1,53.9,2,18
1358,1,0,1,85.1,4,20
1359,1,0,1,88.3,4,20
1360,1,1,1,71.6,4,17
1361,1,0,1,85.1,4,19
1362,1,1,1,80.9,4,17
1363,1,0,1,64.1,3,16
1364,1,1,1,62.5,3,16
1365,1,1,1,71.6,4,18
1366,1,1,1,37.4,3,16
1367,1,1,1,82.7,4,20
1368,1,0,1,59.3,4,18
1369,1,0,0,85.1,3,19
1370,1,1,0,32.4,2,15
1371,1,1,1,38.4,1,15
1372,1,1,1,29.3,1,14
1373,1,1,1,29,1,12
1374,1,0,1,37,0,10
1375,1,1,1,33.1,1,13
1376,1,0,1,45.3,1,12
1377,1,1,1,63.2,3,16
1378,1,1,1,37.7,1,12
1379,1,0,1,32.3,1,13
1380,1,0,1,92.3,4,19
1381,1,0,1,34.3,1,12
1382,1,1,1,74.4,2,15
1383,1,1,1,44.2,1,12
1384,1,0,1,28.6,0,5
1385,1,1,1,56.6,1,12
1386,1,1,1,85.1,1,15
1387,1,1,1,73.2,2,16
1388,1,1,1,63.5,3,16
1389,1,0,1,,3,18
1390,1,1,1,36.7,1,18
1391,0,1,1,74.1,2,15
1392,0,1,0,64.8,1,15
1393,1,0,0,32.4,1,13
1394,1,1,1,41.6,1,15
1395,1,0,1,33.6,3,16
1396,1,1,1,78.5,4,19
1397,1,0,1,29.2,2,14
1398,1,0,1,49.6,1,14
1399,1,0,1,28.6,1,12
1400,1,0,1,39.4,1,12
1401,0,0,0,70,1,12
1402,1,0,1,62.2,1,13
1403,1,0,1,38.1,1,13
1404,1,0,1,49.6,1,12
1405,1,1,1,87,2,15
1406,1,0,0,73.9,4,20
1407,1,0,1,48.6,1,17
1408,1,1,1,80.3,1,15
1409,1,1,1,78.5,3,18
1410,1,1,1,73.9,4,20
1411,1,0,1,28.4,1,12
1412,1,1,1,33.1,0,8
1413,1,1,0,30.8,1,11
1414,1,1,0,33.1,1,13
1415,1,1,1,60.6,1,12
1416,1,1,1,92.9,4,20
1417,1,0,1,92.3,4,20
1418,1,1,1,38.4,1,14
1419,1,0,1,63.5,1,12
1420,1,0,1,63.5,3,16
1421,1,0,1,63.5,3,17
1422,1,1,1,50.5,1,12
1423,1,0,1,28.4,3,16
1424,1,0,1,54.2,2,14
1425,1,1,1,50.5,3,16
1426,1,0,1,42.2,1,16
1427,1,1,1,63.5,1,12
1428,1,0,1,29.2,0,6
1429,1,1,0,63.2,3,16
1430,1,0,1,63.5,1,14
1431,1,1,1,32.4,1,12
1432,1,0,1,36.5,1,14
1433,1,0,0,33.6,1,12
1434,1,1,1,33.1,2,16
1435,1,0,1,26.7,0,10
1436,1,1,1,37.3,1,12
1437,1,1,1,26.4,1,11
1438,1,0,1,39.4,1,12
1439,1,1,1,29.2,1,12
1440,1,0,1,78,1,15
1441,1,1,0,53.3,1,12
1442,1,0,0,28.4,3,16
1443,0,0,1,31.4,1,12
1444,1,1,1,29.3,1,12
1445,1,1,1,54.7,1,14
1446,1,0,1,,1,11
1447,1,0,1,62.5,1,13
1448,0,0,1,28.6,1,12
1449,1,0,1,78.5,4,20
1450,1,0,1,64.8,1,15
1451,1,1,1,83.7,1,16
1452,1,0,1,53.9,1,12
1453,1,0,1,63.5,1,12
1454,1,0,0,63.5,4,18
1455,1,0,1,63.5,1,12
1456,1,1,1,38.4,1,12
1457,0,1,1,48.9,1,12
1458,1,0,1,32.3,1,13
1459,1,0,1,28.4,0,9
1460,1,0,1,78.5,4,18
1461,1,0,1,21.1,1,11
1462,1,1,1,21.2,1,12
1463,1,1,1,64.4,2,14
1464,0,0,1,63.2,1,13
1465,1,0,1,61.9,3,16
1466,1,1,1,26.4,1,13
1467,1,1,1,67,3,16
1468,1,1,1,63.5,3,17
1469,1,1,1,64.8,1,13
1470,1,1,1,55.1,4,18
1471,1,0,1,26.4,1,14
1472,1,1,1,37.9,1,16
1473,1,0,1,29,1,17
1474,1,0,1,37.4,3,16
1475,1,0,0,29.2,1,12
1476,1,1,1,33.6,1,13
1477,1,1,1,79.9,4,20
1478,1,1,1,32.4,1,
1479,1,1,1,69.2,3,16
1480,1,1,1,55.1,3,17
1481,1,1,1,,1,12
1482,1,1,1,37.7,1,14
1483,1,1,1,37.9,1,12
1484,1,1,1,50.5,1,13
1485,1,0,1,63.5,2,16
1486,1,0,1,29.4,1,13
1487,1,1,1,29.6,1,12
1488,1,0,1,48.5,2,14
1489,1,0,1,33.9,0,8
1490,0,0,0,34.3,0,9
1491,0,1,1,29.4,1,12
1492,1,0,1,25.8,0,10
1493,1,1,1,32.4,1,12
1494,1,0,1,32.3,1,12
1495,1,0,1,38.4,1,13
1496,1,0,1,48.5,1,12
1497,1,0,0,26.3,1,9
1498,0,0,1,44.7,0,12
1499,1,1,0,46.7,1,12
1500,1,1,0,39,3,16
1501,1,1,1,,0,4
1502,1,1,1,44.3,4,18
1503,0,0,1,17.6,0,
1504,1,1,1,50.7,1,11
1505,1,1,0,33.1,1,12
1506,1,0,0,80.3,2,17
1507,1,1,1,36.9,1,12
1508,1,1,1,17.1,1,11
1509,1,1,1,56.6,1,14
1510,0,0,1,31.3,1,12
1511,0,0,0,28.4,1,12
1512,1,0,1,63.5,1,11
1513,1,0,1,29.4,1,16
1514,1,1,1,31.9,0,7
1515,1,1,1,78.5,3,16
1516,1,0,1,44.7,1,12
1517,1,1,1,38,1,12
1518,1,1,1,66.1,1,13
1519,1,1,0,63.5,1,13
1520,0,1,1,63.5,1,14
1521,1,1,1,71.6,3,17
1522,1,1,1,43.7,1,13
1523,1,1,1,73.6,3,16
1524,1,0,1,74.4,4,18
1525,1,1,0,34.3,1,14
1526,1,0,0,32.3,1,15
1527,1,1,1,32,1,12
1528,1,0,1,48.6,1,15
1529,1,1,1,51,4,17
1530,1,1,1,48.5,1,12
1531,1,0,1,65.8,3,16
1532,1,1,1,38.4,1,12
1533,1,0,1,69.7,1,12
1534,1,0,1,34.2,1,12
1535,1,1,1,69.2,1,12
1536,1,0,1,42.4,1,12
1537,1,1,1,36.5,0,9
1538,1,1,1,63.5,3,16
1539,1,0,1,73.9,0,6
1540,1,1,0,30.1,0,
1541,1,0,1,61.9,1,12
1542,1,0,1,45.9,1,12
1543,1,0,1,63.5,0,8
1544,1,0,1,97.2,4,20
1545,1,0,0,45.4,1,18
1546,1,0,1,53.7,0,11
1547,1,0,1,53.7,3,16
1548,1,0,1,65.8,1,13
1549,1,1,0,63.5,1,14
1550,1,1,1,53.7,3,16
1551,1,1,1,26.4,1,10
1552,1,0,1,63.2,0,10
1553,1,0,1,31.5,0,10
1554,1,1,1,26.7,0,8
1555,1,1,1,38,1,15
1556,1,0,0,31.5,1,14
1557,1,1,1,63.5,1,14
1558,1,1,1,38,1,14
1559,1,0,1,35.1,0,9
1560,1,0,1,24.8,0,9
1561,1,1,1,50.7,1,14
1562,1,1,1,,1,12
1563,1,0,1,31.5,1,13
1564,1,1,1,38.4,2,14
1565,1,0,1,63.5,1,12
1566,1,1,1,56.6,3,13
1567,1,0,1,36.5,2,14
1568,1,1,0,37.7,1,16
1569,1,1,1,73.2,3,19
1570,1,1,1,38.4,1,14
1571,1,1,1,38.9,1,15
1572,1,1,1,20.1,0,7
1573,1,1,1,20.1,0,11
1574,1,1,1,46.3,3,16
1575,1,1,1,26.5,0,12
1576,1,1,1,25.2,1,12
1577,1,0,1,49.4,1,14
1578,1,1,1,38.4,1,13
1579,1,0,1,38.1,1,13
1580,1,0,1,31.5,0,9
1581,1,0,1,48.5,2,13
1582,1,1,0,29.2,1,14
1583,1,1,1,57.1,1,12
1584,1,0,1,63.5,3,16
1585,1,0,1,63.5,4,18
1586,1,0,1,87,4,20
1587,1,0,1,63.5,3,17
1588,1,1,1,59,3,18
1589,1,0,1,49.6,1,14
1590,1,1,1,63.5,1,12
1591,1,1,0,63.5,3,17
1592,1,0,1,63.5,1,20
1593,1,1,1,,1,13
1594,1,1,1,90,3,16
1595,1,1,1,78.5,3,16
1596,1,1,0,76.4,1,15
1597,1,0,0,33.6,1,12
1598,1,1,1,50.7,1,12
1599,1,1,1,26.4,1,12
1600,1,0,1,29.8,1,13
1601,1,1,1,33.1,1,12
1602,1,0,1,86,1,14
1603,1,1,1,50.5,2,13
1604,1,0,1,74.4,3,17
1605,1,0,1,29.2,1,12
1606,1,1,1,37.4,1,12
1607,1,1,1,43.6,2,14
1608,1,1,1,46.7,1,12
1609,1,1,0,38.9,0,12
1610,1,1,1,38.4,1,13
1611,1,0,1,43.4,0,11
1612,1,0,0,30.1,2,16
1613,0,1,1,26.7,1,10
1614,1,1,1,30,0,9
1615,1,1,1,61.4,1,14
1616,1,0,0,31.4,3,16
1617,1,1,1,36.9,1,12
1618,1,0,1,97.2,4,20
1619,1,1,1,38.4,1,14
1620,1,0,0,32.3,1,14
1621,1,0,0,48.9,1,13
1622,1,0,1,74.9,3,16
1623,1,0,1,56.5,1,14
1624,1,1,1,69.2,3,16
1625,1,1,1,38,1,14
1626,1,1,1,38,1,14
1627,1,0,1,97.2,4,20
1628,1,1,1,37.3,1,12
1629,1,1,1,38.4,1,12
1630,1,1,1,50.7,1,14
1631,1,0,1,63.5,3,16
1632,1,1,1,74.4,2,15
1633,1,1,1,26.7,0,12
1634,1,0,1,63.5,2,14
1635,1,1,1,66.3,1,13
1636,1,0,1,63.5,4,17
1637,0,0,1,35.1,1,12
1638,1,1,0,53.3,2,14
1639,1,0,0,84.7,1,16
1640,1,0,0,65.8,3,16
1641,1,1,1,68.1,1,12
1642,1,1,1,40,1,15
1643,1,1,0,92.3,4,19
1644,1,0,0,50.7,3,16
1645,1,1,0,84.7,3,16
1646,1,0,1,63.5,3,16
1647,1,1,1,62.5,4,18
1648,1,1,1,78.5,3,16
1649,1,0,1,45.8,1,12
1650,1,0,0,62.5,4,18
1651,1,1,0,65.2,2,14
1652,1,1,1,45.4,0,9
1653,1,0,1,63.5,1,15
1654,1,1,1,39.4,1,12
1655,1,0,0,27.5,0,10
1656,1,0,1,37.6,1,14
1657,1,0,1,33.9,1,16
1658,1,1,1,74.4,1,14
1659,1,1,1,54.7,1,13
1660,1,0,1,63.5,3,16
1661,1,0,0,37.6,1,13
1662,1,1,1,27.5,0,10
1663,1,1,1,62.1,0,9
1664,1,0,1,80.3,4,18
1665,1,1,1,64.4,4,18
1666,1,0,1,38.1,0,13
1667,1,1,1,25.2,0,11
1668,1,1,1,83.7,3,16
1669,1,0,1,63.2,1,15
1670,1,0,1,80.3,1,11
1671,1,1,1,78.5,3,16
1672,1,0,1,22.5,1,16
1673,1,0,1,39,1,12
1674,1,1,1,37.7,1,12
1675,1,1,0,38.4,3,18
1676,1,0,1,28.4,1,14
1677,1,1,1,63.2,1,14
1678,0,0,1,31.5,1,14
1679,1,1,1,29.3,1,12
1680,1,1,1,21.2,0,10
1681,1,1,1,22.5,0,8
1682,1,0,1,31.5,1,13
1683,1,1,0,34.6,1,13
1684,1,1,0,,0,13
1685,1,1,1,78.5,1,13
1686,1,0,1,28.4,1,11
1687,1,1,1,69.2,4,16
1688,1,1,0,,0,11
1689,1,1,0,36.5,1,12
1690,1,0,1,51.9,1,13
1691,1,1,1,33.1,0,9
1692,1,1,1,33.6,0,10
1693,1,0,0,63.2,3,17
1694,1,0,1,35.4,1,14
1695,1,1,1,33.2,0,11
1696,1,1,1,63.5,1,12
1697,1,0,0,29.4,0,12
1698,1,1,1,43.7,1,14
1699,1,0,1,86.5,1,13
1700,1,0,1,27.5,0,7
1701,1,1,1,29.8,0,11
1702,1,1,1,37.7,1,12
1703,1,1,1,22.5,1,13
1704,1,0,0,,0,9
1705,1,1,1,26.4,2,13
1706,1,1,1,37.3,1,12
1707,1,0,0,50.7,1,12
1708,1,1,1,29.3,1,13
1709,1,0,1,31.5,2,14
1710,1,1,1,62.1,1,14
1711,1,1,1,73.2,2,15
1712,1,1,1,36.9,1,14
1713,1,1,1,53.3,1,14
1714,1,0,0,63.5,2,14
1715,1,1,0,50.7,1,13
1716,1,0,1,73.3,1,14
1717,1,0,1,63.5,1,12
1718,1,1,1,40.2,1,13
1719,0,0,1,45.3,1,12
1720,1,1,1,,0,6
1721,1,1,1,63.5,1,12
1722,1,1,1,38,1,13
1723,0,0,1,50.7,1,12
1724,1,1,1,29,0,5
1725,1,0,1,44.7,1,12
1726,1,0,1,53.4,1,13
1727,1,1,1,74.4,1,12
1728,1,1,1,29.2,0,8
1729,1,0,1,69.7,2,14
1730,1,1,1,29.3,1,12
1731,1,0,0,37.3,1,12
1732,1,0,0,28.6,1,12
1733,1,0,1,53.4,0,8
1734,1,0,0,44.7,0,8
1735,1,1,1,52.3,1,12
1736,1,0,0,83.7,1,13
1737,1,1,0,33.1,0,9
1738,1,0,1,36.5,0,9
1739,1,1,0,73.6,3,16
1740,1,1,1,73.7,3,16
1741,1,0,1,53.7,1,12
1742,1,1,1,68.1,1,12
1743,1,0,0,62.5,3,17
1744,1,1,1,74.4,1,14
1745,1,0,1,83.7,1,13
1746,1,1,1,,1,13
1747,1,1,1,39.4,1,12
1748,1,1,1,61.9,1,14
1749,1,0,1,32.3,1,12
1750,1,0,1,63.5,0,10
1751,1,0,1,38.1,1,12
1752,1,0,1,61.1,0,8
1753,1,0,0,29.2,1,12
1754,0,0,1,28.4,1,12
1755,0,0,0,38.1,1,13
1756,1,0,0,33.2,0,10
1757,1,1,0,50.7,1,12
1758,1,1,1,29.5,1,13
1759,1,1,1,38.4,1,14
1760,1,0,1,39,0,10
1761,1,0,1,29.2,1,14
1762,1,1,0,61.4,2,14
1763,1,1,1,32.4,1,
1764,1,0,1,54.9,1,13
1765,1,0,0,40,1,12
1766,1,0,1,38.9,1,12
1767,0,1,1,38.9,1,12
1768,1,1,1,76.4,3,16
1769,1,1,1,65.8,3,16
1770,1,1,1,38,1,12
1771,1,1,1,80.3,4,18
1772,1,0,1,87.9,3,16
1773,1,1,1,48.5,1,12
1774,1,0,1,61.9,1,15
1775,1,0,1,25.8,1,15
1776,1,1,1,73.6,3,16
1777,1,0,1,32.7,1,13
1778,0,1,0,48.5,4,18
1779,1,1,1,51,3,16
1780,1,1,0,27.5,1,12
1781,1,0,0,39.5,1,12
1782,1,0,1,27.5,2,14
1783,1,1,0,64.4,4,18
1784,1,0,0,56.5,3,16
1785,1,0,0,67,1,15
1786,1,0,1,37.3,1,12
1787,1,1,1,29.3,1,12
1788,1,0,1,22.9,1,12
1789,1,1,0,,1,13
1790,1,0,1,31.5,0,7
1791,1,1,1,64.1,2,15
1792,1,0,1,36.4,1,12
1793,1,1,1,29.3,1,13
1794,1,1,0,34.2,0,12
1795,0,1,1,32.7,0,11
1796,1,1,1,33.1,1,14
1797,1,1,0,22.5,0,10
1798,1,1,1,,1,13
1799,1,1,0,,0,11
1800,1,1,0,30.7,1,13
1801,1,1,1,27.5,1,12
1802,1,0,1,28.6,1,12
1803,0,1,1,74.4,3,16
1804,1,1,1,32,0,8
1805,1,1,1,51,1,13
1806,1,0,1,31.5,1,12
1807,1,0,1,48.5,1,12
1808,1,0,1,34.2,1,12
1809,1,0,1,48.5,1,13
1810,1,1,1,29.2,1,12
1811,1,0,1,80.3,4,18
1812,1,0,1,38.9,1,12
1813,1,0,1,29.2,1,15
1814,1,1,1,29.2,1,12
1815,1,1,1,27.7,1,12
1816,1,1,0,36.5,0,11
1817,1,0,1,31.5,1,12
1818,1,1,1,37.3,1,12
1819,1,1,1,17.6,0,11
1820,1,1,1,38.4,1,12
1821,0,0,1,37.3,1,12
1822,1,1,1,57.1,3,16
1823,1,1,0,66.1,4,19
1824,1,0,1,28.6,4,18
1825,1,1,1,43.7,1,14
1826,0,1,1,43.7,0,8
1827,1,1,1,36.5,1,13
1828,1,1,0,78.5,3,18
1829,1,0,0,32.3,1,12
1830,1,1,1,38.4,1,12
1831,1,1,1,38.4,1,14
1832,1,1,1,33.1,1,12
1833,1,0,1,80.3,3,16
1834,1,1,0,43.7,1,15
1835,1,0,1,48.9,1,14
1836,1,0,0,53.9,1,12
1837,1,0,1,96,4,18
1838,1,0,0,27.5,1,12
1839,1,0,1,48.5,2,15
1840,1,0,1,48.9,0,8
1841,1,1,1,38.4,1,12
1842,1,1,1,74.4,4,18
1843,1,1,0,38.4,2,14
1844,1,0,1,37.3,1,12
1845,0,0,1,62.5,1,15
1846,1,1,1,50.7,1,11
1847,1,0,1,28.4,1,12
1848,1,0,1,36.5,1,12
1849,1,1,1,97.2,3,16
1850,1,1,1,43.7,1,12
1851,1,0,1,36.5,2,15
1852,1,1,1,73.2,1,15
1853,1,1,1,73.2,2,16
1854,1,1,1,37.7,1,13
1855,1,0,1,63.5,1,12
1856,1,0,1,63.5,1,12
1857,1,1,1,36.5,1,12
1858,1,0,1,64.1,1,10
1859,1,1,1,55.1,4,18
1860,1,0,1,31.5,1,15
1861,1,0,1,36.5,0,11
1862,1,1,0,63.5,1,9
1863,1,0,1,63.5,1,12
1864,1,0,1,32.3,1,12
1865,1,1,1,21.2,0,9
1866,1,0,1,37.6,1,12
1867,1,1,1,28.4,1,12
1868,1,1,1,29.1,0,9
1869,1,1,1,,0,11
1870,1,0,1,30.2,0,9
1871,1,0,1,31.5,1,10
1872,1,1,1,35.4,1,12
1873,1,1,1,80.9,1,12
1874,1,0,1,63.5,1,14
1875,1,1,1,37.7,1,13
1876,0,1,1,78.5,3,16
1877,1,1,1,33.1,1,12
1878,1,1,1,32.7,1,12
1879,1,1,1,37.9,1,12
1880,1,0,1,28.6,1,14
1881,1,1,1,29.8,1,12
1882,1,0,1,37.3,0,11
1883,1,1,1,33.1,0,11
1884,1,0,1,37.3,1,14
1885,1,1,1,43.7,1,12
1886,1,1,0,,1,15
1887,1,1,1,27.7,1,12
1888,0,1,1,,1,12
1889,1,1,1,38.4,1,15
1890,1,1,1,63.5,0,11
1891,1,1,1,29.3,0,9
1892,1,1,1,,1,12
1893,1,1,1,63.5,1,16
1894,1,1,1,36.5,1,11
1895,1,0,1,38.9,3,16
1896,1,0,1,62.1,4,20
1897,1,1,1,88.8,3,16
1898,1,1,1,29,1,12
1899,1,1,1,69.2,1,11
1900,1,0,1,,4,17
1901,1,1,1,29.2,1,12
1902,1,1,0,29.2,1,12
1903,1,1,1,38.4,1,14
1904,1,1,1,32.3,0,10
1905,1,1,1,38.9,1,14
1906,1,1,0,38.9,1,12
1907,1,1,1,38.4,0,0
1908,1,1,0,22.5,0,11
1909,1,1,1,29.1,0,8
1910,1,1,1,28.4,0,10
1911,1,1,1,38.9,2,14
1912,1,0,1,28.6,1,12
1913,1,0,1,43.7,0,7
1914,1,0,1,38.9,1,12
1915,1,1,1,63.5,3,17
1916,1,0,1,78.5,3,17
1917,0,1,1,,0,11
1918,1,0,0,31.4,1,12
1919,1,0,1,73.8,1,16
1920,1,0,0,38.9,1,12
1921,1,0,1,66.1,1,12
1922,1,0,1,63.5,0,11
1923,0,0,1,28.6,3,19
1924,0,0,1,63.2,0,10
1925,1,1,0,57.1,3,20
1926,1,1,0,63.5,3,16
1927,1,0,0,32.4,1,15
1928,0,1,1,29.2,1,12
1929,1,1,1,74.9,2,16
1930,1,0,1,73.2,2,14
1931,1,1,0,30.8,3,19
1932,1,0,1,80.9,4,18
1933,1,1,1,43.7,1,12
1934,1,0,1,53.3,3,16
1935,0,1,1,83.7,1,14
1936,1,0,1,28.6,1,14
1937,1,1,1,38,3,16
1938,1,0,1,39.4,1,14
1939,1,0,1,66.1,1,12
1940,1,1,1,61.9,1,12
1941,1,0,1,63.2,3,16
1942,1,1,1,38.4,1,13
1943,1,0,1,97.2,3,16
1944,1,0,0,38.9,1,13
1945,1,1,1,38.4,1,14
1946,1,0,1,50.7,3,19
1947,1,0,0,29.2,1,14
1948,1,1,0,33.1,0,11
1949,1,1,1,38.9,0,11
1950,0,0,0,36.5,1,16
1951,1,0,1,30.1,1,10
1952,1,0,0,80.3,4,20
1953,1,1,1,38.4,1,13
1954,1,0,0,,1,14
1955,1,1,0,64.8,2,14
1956,1,1,0,,1,16
1957,1,0,0,33.1,1,13
1958,1,1,0,38.4,1,15
1959,1,0,0,53.1,4,18
1960,0,0,1,31.5,0,8
1961,1,0,0,35.1,1,13
1962,1,1,0,53.3,3,16
1963,1,1,0,29.3,1,14
1964,1,1,0,38.4,1,14
1965,1,0,0,,1,15
1966,1,0,0,38.4,1,14
1967,1,1,0,35.4,1,15
1968,1,1,0,34.4,1,11
1969,1,0,1,29.2,1,19
1970,1,1,1,36.5,1,11
1971,1,0,1,29.5,0,11
1972,1,0,1,31.5,0,12
1973,1,0,1,38.9,1,13
1974,1,1,1,74,1,12
1975,1,1,1,33.1,0,10
1976,1,1,1,,1,12
1977,1,1,0,43.7,2,14
1978,1,1,0,27.5,1,12
1979,1,1,1,56.6,1,12
1980,1,1,1,43.7,2,15
1981,1,0,1,37.2,1,13
1982,1,1,0,50.7,1,12
1983,1,1,1,43.7,1,12
1984,1,1,1,38.4,2,15
1985,1,1,1,29.8,1,12
1986,1,1,1,30.8,0,9
1987,0,0,1,29.2,0,7
1988,1,0,1,48.5,1,12
1989,1,1,1,41.6,1,13
1990,1,1,1,50.7,2,14
1991,1,1,1,38.4,1,12
1992,1,1,0,73.3,4,19
1993,1,0,1,35.1,1,14
1994,1,1,1,66.1,3,16
1995,1,0,1,78,4,18
1996,1,0,1,78.5,3,17
1997,0,0,1,53.9,1,12
1998,1,1,1,76.5,4,20
1999,1,1,1,80.3,4,18
2000,1,0,0,38.4,1,15
2001,1,0,1,36.5,,11
2002,1,0,1,62,1,15
2003,1,1,1,36.5,1,12
2004,1,0,1,48.5,1,12
2005,1,1,1,61.9,3,16
2006,1,0,1,27.7,1,13
2007,1,1,1,31.5,2,18
2008,1,1,1,34.8,0,13
2009,1,1,1,38.4,1,12
2010,1,1,1,38.4,1,14
2011,1,1,0,50.7,1,10
2012,1,0,1,33.1,0,8
2013,1,1,0,44.3,1,14
2014,1,0,1,53.3,3,16
2015,1,1,1,73.2,1,14
2016,0,1,1,,1,12
2017,1,1,1,78.5,3,17
2018,1,1,1,73.2,1,14
2019,1,1,1,38.9,1,12
2020,1,1,1,63.5,1,12
2021,1,1,1,80.3,3,16
2022,1,0,1,38.2,1,13
2023,1,1,1,78.5,4,17
2024,1,1,0,32.4,3,17
2025,1,0,0,26.6,1,12
2026,1,1,1,36.5,3,16
2027,1,1,0,58.3,1,13
2028,1,0,1,63.5,4,20
2029,1,1,0,60.6,3,16
2030,1,0,0,26.7,1,13
2031,1,1,0,59,3,17
2032,1,0,0,63.5,3,16
2033,1,1,0,,1,12
2034,1,1,1,63.5,1,12
2035,1,1,1,70.5,1,12
2036,0,1,1,69.2,1,12
2037,1,0,1,54.2,1,12
2038,0,1,1,63.5,0,11
2039,1,1,1,21.1,0,0
2040,1,0,0,33.1,1,13
2041,1,1,1,38.4,1,12
2042,1,1,1,38,1,10
2043,1,0,0,38.4,1,15
2044,0,0,0,73.8,3,16
2045,1,0,1,52.3,1,16
2046,1,0,1,87.9,1,14
2047,1,1,1,73.8,4,20
2048,1,1,1,63.2,3,17
2049,1,0,1,88.2,3,16
2050,1,1,1,29,1,12
2051,1,1,1,78.5,4,20
2052,1,1,1,68.1,4,20
2053,1,0,1,39.4,2,15
2054,1,1,1,53.7,0,11
2055,1,0,1,53.7,1,13
2056,1,1,0,37.7,1,13
2057,1,0,0,63.5,3,17
2058,1,0,1,38.9,1,15
2059,1,0,0,42.5,1,12
2060,1,1,1,29.3,1,12
2061,1,1,1,52.5,1,10
2062,1,1,1,29.3,1,13
2063,1,0,0,59,1,13
2064,1,1,1,30.7,1,12
2065,1,0,1,72.5,1,13
2066,1,0,1,48.6,1,14
2067,1,0,1,50.7,1,12
2068,1,1,1,63.5,1,12
2069,1,0,1,63.5,1,12
2070,1,1,1,38.1,1,15
2071,1,0,1,59.9,3,16
2072,1,1,1,76.4,1,13
2073,1,1,1,37.7,2,14
2074,1,1,1,53.5,3,18
2075,0,1,1,68.1,1,14
2076,1,1,1,68.1,1,17
2077,1,1,1,69.7,4,18
2078,1,1,1,78.5,3,16
2079,1,0,0,31.5,1,12
2080,1,1,0,38,0,8
2081,1,0,1,27.5,1,14
2082,1,1,0,38,0,12
2083,1,1,1,22.5,1,10
2084,1,0,1,82.7,4,18
2085,1,1,1,33.3,1,13
2086,1,1,1,78.5,4,20
2087,1,1,1,46.8,1,14
2088,1,0,0,64.2,3,16
2089,1,1,1,67,4,19
2090,1,1,1,53.3,1,13
2091,1,0,1,63.5,3,18
2092,1,1,0,84,3,16
2093,1,1,1,82.7,4,18
2094,1,0,0,76.3,1,12
2095,1,0,0,93.3,4,19
2096,1,1,0,73.3,3,16
2097,1,0,1,86.6,4,18
2098,1,1,1,92.3,3,20
2099,0,0,1,28.6,1,11
2100,1,1,0,53.7,1,12
2101,1,1,1,59.9,2,14
2102,1,0,1,29.8,1,13
2103,1,1,1,26.4,1,13
2104,1,1,1,32.4,2,17
2105,1,0,1,61.9,1,12
2106,1,1,1,80.3,3,16
2107,0,0,0,39,2,15
2108,1,0,1,50.7,0,7
2109,1,0,0,32.3,1,12
2110,1,0,1,80.9,4,20
2111,1,0,1,44.7,1,12
2112,1,0,0,27.5,1,14
2113,1,0,0,63.5,4,20
2114,1,0,1,34.3,3,16
2115,1,0,1,62.5,4,18
2116,1,1,1,27.3,0,8
2117,1,1,1,26.7,1,12
2118,1,1,0,26.4,1,13
2119,1,1,1,63.5,1,13
2120,1,0,1,64.1,1,12
2121,1,1,1,86.9,2,18
2122,1,0,1,47,2,14
2123,0,0,0,53.7,2,14
2124,1,0,0,63.5,1,12
2125,1,0,1,62.5,2,14
2126,1,1,1,58.1,3,18
2127,1,1,1,38,1,14
2128,1,0,1,63.5,3,16
2129,1,0,1,76.3,3,16
2130,1,0,1,73.8,1,13
2131,1,0,1,74.9,1,15
2132,0,0,0,62.2,1,12
2133,1,0,1,32.8,1,12
2134,1,1,1,63.5,1,13
2135,1,1,1,38.9,1,12
2136,1,1,1,38.4,1,12
2137,1,0,1,97.2,1,15
2138,1,0,1,62.1,1,14
2139,1,1,1,63.5,1,12
2140,1,0,1,43.4,3,16
2141,1,0,1,50.7,1,13
2142,1,0,1,37.3,1,14
2143,1,1,0,36.5,1,14
2144,1,1,1,50.5,1,10
2145,1,0,0,56.5,1,12
2146,1,0,1,31.5,1,12
2147,1,1,1,43.7,1,13
2148,1,0,1,52.5,1,13
2149,1,1,1,63.5,1,13
2150,1,0,1,28.6,1,11
2151,1,1,1,38.4,1,12
2152,1,1,1,38,3,18
2153,1,1,1,78.5,4,19
2154,0,1,1,39,0,8
2155,0,1,1,80.3,1,12
2156,1,0,0,35.4,1,12
2157,1,1,1,50.7,0,10
2158,1,1,1,26.7,1,13
2159,1,1,0,,0,12
2160,1,0,1,29.2,1,15
2161,1,0,1,24.8,1,12
2162,1,1,0,33.1,1,12
2163,1,0,0,21.2,1,12
2164,1,1,0,97.2,4,20
2165,1,0,0,72.5,1,14
2166,1,1,0,38.4,1,12
2167,1,0,0,29.4,1,13
2168,1,1,1,36.5,2,15
2169,1,0,1,31.4,1,12
2170,1,1,0,38.9,1,12
2171,1,0,1,48.5,1,11
2172,1,0,1,50.7,3,16
2173,1,0,0,67,1,13
2174,1,0,1,29.5,2,14
2175,1,1,0,29.3,1,14
2176,1,0,1,31.4,0,9
2177,1,1,1,26.7,1,12
2178,1,0,1,31.5,1,13
2179,1,0,0,38.1,0,12
2180,1,1,0,25.3,1,12
2181,0,1,0,78.5,2,15
2182,1,0,1,53.7,1,13
2183,1,1,0,29.3,1,17
2184,1,0,0,29.2,1,12
2185,1,1,1,33.1,0,11
2186,1,1,1,27.7,1,12
2187,1,1,1,29.3,1,14
2188,1,1,0,33.1,1,16
2189,1,0,1,33.1,2,14
2190,1,0,1,86.6,4,18
2191,1,0,1,87.9,2,14
2192,1,0,1,86.6,4,20
2193,1,1,0,73.2,3,16
2194,1,0,0,93.3,4,18
2195,1,0,0,27.5,1,12
2196,1,1,1,29.3,1,15
2197,1,0,1,83.7,4,18
2198,1,1,1,76.4,1,12
2199,1,1,1,38.4,1,12
2200,1,1,0,82.7,3,17
2201,1,1,0,61.9,4,18
2202,1,0,0,33.1,3,20
2203,1,1,0,59.3,1,12
2204,1,1,1,68.8,1,13
2205,1,1,0,50.7,1,14
2206,1,0,1,63.5,3,17
2207,0,0,1,31.3,0,8
2208,1,0,0,27.5,1,12
2209,1,0,1,63.2,1,15
2210,1,0,1,28.6,0,10
2211,1,0,1,80.3,4,18
2212,0,0,1,34.2,1,12
2213,1,1,1,73.6,1,12
2214,1,0,1,60.5,1,15
2215,1,1,1,25.2,0,9
2216,1,0,1,38.2,0,8
2217,1,1,1,63.2,1,13
2218,0,1,0,34.6,0,11
2219,1,1,0,32.4,3,16
2220,1,0,1,46.8,1,15
2221,0,0,1,32.3,1,12
2222,1,1,1,80.3,3,16
2223,1,0,1,38.1,1,12
2224,1,1,1,60.6,3,16
2225,1,0,1,37.3,2,14
2226,1,1,0,62.5,3,16
2227,1,1,1,50.7,1,15
2228,1,1,1,63.5,0,10
2229,1,1,1,,1,12
2230,1,0,1,37.3,1,12
2231,1,0,1,58.8,1,14
2232,1,0,1,39,2,14
2233,1,1,1,29.3,1,12
2234,1,1,1,36.5,1,13
2235,1,1,0,28.4,1,12
2236,1,0,0,25.5,1,13
2237,1,1,0,47,2,15
2238,1,1,1,38.4,1,13
2239,1,0,0,22.7,1,12
2240,1,1,1,38.4,1,12
2241,1,0,0,69.2,1,15
2242,1,1,1,78.5,1,15
2243,1,0,1,82.7,4,12
2244,1,0,0,28.4,0,11
2245,1,1,1,50.7,1,14
2246,1,0,1,36.5,1,13
2247,1,1,1,63.5,3,16
2248,1,0,1,37.3,1,11
2249,1,1,1,50.7,2,14
2250,1,0,1,85.1,4,18
2251,1,1,1,62.5,1,12
2252,1,1,1,38.4,1,13
2253,1,0,1,69.7,4,18
2254,0,0,0,35.4,3,16
2255,0,1,1,17.1,0,8
2256,1,0,1,68.8,1,12
2257,1,1,1,17.1,0,11
2258,1,0,1,50.7,3,17
2259,1,0,0,34.3,1,12
2260,1,1,1,,0,9
2261,1,0,1,34.2,1,12
2262,1,0,0,26.7,1,12
2263,1,0,0,32,1,12
2264,1,1,1,63.5,1,12
2265,1,1,1,38.9,1,12
2266,1,0,1,49.9,1,12
2267,1,1,1,78.5,4,20
2268,1,0,1,26.7,4,18
2269,1,0,1,32.3,0,10
2270,1,1,1,71.6,3,16
2271,1,0,1,80.3,4,20
2272,1,0,1,28.6,0,9
2273,1,1,1,50.7,1,12
2274,1,1,1,18.5,1,12
2275,1,1,1,33.1,0,11
2276,1,1,1,29.2,1,10
2277,1,1,1,34.6,1,12
2278,0,1,1,32.3,1,12
2279,0,1,1,22.6,0,8
2280,1,0,1,38.2,0,11
2281,1,1,1,35.1,1,12
2282,1,1,1,36.5,1,12
2283,1,1,1,38,1,12
2284,1,1,1,38.9,2,15
2285,1,0,0,30.1,1,11
2286,1,0,1,62.1,2,14
2287,1,1,1,38.4,1,12
2288,1,0,0,50.7,1,12
2289,1,1,1,80.3,4,16
2290,1,0,0,29.6,2,14
2291,1,1,1,52.4,1,12
2292,1,0,1,38.4,0,11
2293,1,1,1,50.7,1,15
2294,1,0,0,30.1,1,12
2295,1,0,1,29.8,1,14
2296,1,1,1,38.4,1,12
2297,0,1,1,26.5,0,5
2298,1,1,1,26.4,1,12
2299,1,0,1,45.8,1,13
2300,1,0,1,31.5,1,9
2301,1,0,1,66.1,2,14
2302,1,1,1,26.4,0,10
2303,1,1,1,73.7,2,14
2304,1,0,1,29.2,0,6
2305,1,1,1,69.7,1,14
2306,1,1,1,51.8,1,12
2307,1,1,1,63.5,1,12
2308,1,1,1,,1,13
2309,1,1,1,38.4,1,12
2310,1,0,1,36.5,1,13
2311,1,0,1,36.5,1,12
2312,1,0,1,37.3,1,14
2313,1,1,1,48.6,1,14
2314,1,0,1,45.8,1,14
2315,1,0,1,73.9,1,12
2316,1,1,1,32.4,2,14
2317,0,1,1,28.2,1,13
2318,1,1,1,67,2,14
2319,1,1,1,69.2,1,14
2320,0,1,1,33.1,1,12
2321,1,0,1,35.1,1,12
2322,1,0,1,80.3,4,17
2323,1,0,1,31.5,0,8
2324,1,1,1,26.7,1,12
2325,1,1,1,38.4,1,12
2326,1,1,1,36.5,1,12
2327,1,1,1,82.7,3,16
2328,0,1,0,26.7,1,13
2329,1,1,1,,0,10
2330,0,0,1,34.2,1,12
2331,1,0,0,29.2,1,12
2332,1,0,1,38.2,1,13
2333,1,1,1,32,1,12
2334,0,1,1,25.2,0,8
2335,1,0,1,31.1,0,8
2336,1,0,0,29.3,1,12
2337,1,0,0,50.7,1,13
2338,1,1,1,17.1,1,12
2339,1,0,1,31.5,1,12
2340,1,0,1,31.5,0,8
2341,1,1,1,78.5,4,19
2342,1,1,1,62.5,1,12
2343,1,0,0,,1,17
2344,1,0,0,88.9,3,16
2345,1,0,0,76.4,4,18
2346,1,0,1,48.9,3,16
2347,1,1,1,76.4,3,16
2348,1,1,1,85.5,4,20
2349,1,1,1,84.2,4,19
2350,1,1,0,33.1,1,12
2351,1,0,1,61.9,3,17
2352,1,1,1,36.5,2,14
2353,0,0,1,44.3,4,19
2354,1,1,1,33.3,1,12
2355,1,1,1,21.2,1,12
2356,1,1,0,75.2,3,16
2357,1,1,0,,2,15
2358,1,0,0,66.1,2,17
2359,1,0,1,28.4,1,13
2360,1,1,1,33.1,1,14
2361,1,1,0,63.5,1,16
2362,1,0,0,34.3,1,16
2363,1,1,1,33.1,1,14
2364,1,1,0,26.7,1,14
2365,1,0,1,25.8,0,10
2366,1,1,1,42.9,1,12
2367,1,1,1,29,0,8
2368,1,0,1,31.3,1,14
2369,1,0,1,40,0,10
2370,1,1,0,21.1,1,12
2371,1,1,1,36.5,1,14
2372,1,0,1,37.3,1,12
2373,1,1,0,22.7,1,13
2374,1,1,1,63.5,1,12
2375,0,1,0,78.5,4,18
2376,1,1,1,58.3,1,12
2377,1,1,1,38.4,1,13
2378,1,1,1,32.4,1,12
2379,1,1,1,33.1,0,10
2380,1,0,1,26.7,1,12
2381,1,1,1,17.1,1,12
2382,1,1,1,63.2,2,16
2383,1,1,1,26.7,1,12
2384,1,0,0,26.7,1,12
2385,1,1,1,63.5,0,12
2386,1,0,1,63.5,3,19
2387,1,1,1,32.4,0,10
2388,1,0,1,28.4,0,11
2389,0,1,1,78.5,3,16
2390,1,1,1,78.5,3,16
2391,1,0,1,37.3,1,12
2392,1,1,1,73.2,1,15
2393,1,0,1,63.5,1,12
2394,1,1,1,29.3,1,12
2395,1,1,0,26.7,1,12
2396,1,1,1,69.7,1,14
2397,1,0,1,32.3,1,12
2398,1,0,1,37.3,1,15
2399,1,0,1,30.8,1,13
2400,1,0,1,33.1,1,12
2401,1,0,1,22.7,1,12
2402,1,0,1,35.1,1,12
2403,1,0,1,27.7,1,12
2404,1,1,1,26.4,1,9
2405,1,0,0,46.7,1,12
2406,1,1,1,,0,20
2407,1,1,1,78.5,3,18
2408,1,0,1,35.7,1,12
2409,1,0,1,53.3,1,14
2410,0,0,1,42.1,3,16
2411,1,1,1,29.3,1,12
2412,1,0,1,48.5,1,12
2413,1,1,1,26.4,2,13
2414,1,0,1,73.9,3,18
2415,1,1,1,27.2,1,15
2416,1,1,1,38.4,0,8
2417,1,1,1,29.2,1,12
2418,1,0,1,63.5,3,16
2419,1,0,1,44.7,1,13
2420,1,0,1,29.2,1,12
2421,0,1,1,29.3,1,12
2422,1,1,1,68.1,1,13
2423,0,0,1,48.5,0,11
2424,1,0,1,37.3,0,8
2425,1,1,1,21.2,0,6
2426,1,0,1,31.1,1,12
2427,1,0,1,43.2,2,14
2428,1,1,1,33.1,1,12
2429,1,0,1,37.3,1,13
2430,1,0,1,96,4,20
2431,1,1,1,77.8,3,16
2432,1,1,1,30.8,1,12
2433,1,1,0,69.7,3,16
2434,1,0,0,33.1,1,15
2435,1,1,1,35.4,3,16
2436,1,0,1,64.1,1,15
2437,1,0,0,69.7,3,17
2438,1,1,1,80.3,3,16
2439,1,0,0,59.3,1,13
2440,1,0,1,80.3,3,16
2441,1,0,1,80,3,17
2442,1,1,1,33.1,3,16
2443,1,1,1,33.1,1,12
2444,1,0,1,97.2,4,20
2445,1,1,1,73.2,3,16
2446,1,1,1,69.7,3,16
2447,1,0,1,69.7,3,17
2448,1,0,1,36.5,1,12
2449,0,0,1,28.2,1,12
2450,0,0,1,22.9,0,11
2451,1,1,1,73.2,2,14
2452,1,0,1,38.1,1,13
2453,1,1,1,33.1,1,12
2454,1,1,1,62,1,15
2455,1,0,1,26.7,1,12
2456,1,0,1,31.5,1,14
2457,1,0,1,63.5,3,16
2458,1,1,1,29.3,2,14
2459,1,0,1,26.7,1,12
2460,1,1,0,29.2,1,12
2461,1,1,1,29,1,12
2462,1,0,1,42.2,2,14
2463,1,0,0,48.5,1,14
2464,0,1,1,,0,10
2465,1,1,1,33.1,0,10
2466,0,1,1,26.7,1,12
2467,1,0,1,29.5,1,12
2468,1,1,1,63.5,2,14
2469,1,0,1,32.1,1,12
2470,1,0,1,66.1,2,13
2471,1,0,0,50.7,1,15
2472,1,0,1,29.2,1,15
2473,1,1,1,27.5,1,12
2474,0,0,1,26.7,1,12
2475,1,0,1,38.9,1,12
2476,1,1,1,18.5,2,14
2477,0,1,1,33.1,1,12
2478,1,0,1,35.1,0,8
2479,1,1,1,26.4,2,14
2480,1,1,1,38.9,1,12
2481,1,1,1,38.4,1,14
2482,1,0,1,29.3,0,9
2483,1,0,1,63.2,1,13
2484,1,0,0,45.9,3,17
2485,1,1,0,26.7,1,12
2486,1,0,1,73.2,2,15
2487,1,0,1,48.5,0,11
2488,1,1,1,46.1,1,12
2489,0,1,1,29,0,7
2490,1,1,0,34.6,0,5
2491,1,0,1,76.4,1,12
2492,1,0,1,43.3,1,12
2493,1,1,1,38.4,1,12
2494,1,1,1,29.2,0,10
2495,1,1,1,50.7,1,12
2496,1,1,1,17.1,1,12
2497,1,0,1,78,1,12
2498,1,1,1,26.4,1,12
2499,1,1,1,32,1,12
2500,1,1,1,80.3,3,16
2501,1,0,1,24.2,1,13
2502,1,1,1,38,3,16
2503,1,0,1,49.6,0,9
2504,0,1,1,22.5,0,11
2505,1,1,1,25.4,0,3
2506,1,1,0,,0,5
2507,1,1,1,29.4,1,12
2508,1,0,1,53.9,0,8
2509,1,1,0,29.2,0,9
2510,1,1,1,22.9,0,10
2511,1,1,1,17.1,1,14
2512,1,1,0,38.9,1,12
2513,1,0,1,24.2,0,11
2514,1,1,1,,1,12
2515,1,0,1,73.3,4,18
2516,1,1,1,38,1,12
2517,1,1,1,35.4,1,12
2518,1,1,1,,1,12
2519,1,0,1,32.7,1,12
2520,1,1,1,38,1,10
2521,1,0,1,32.3,1,12
2522,1,1,1,36.5,1,12
2523,1,0,1,38.2,1,11
2524,0,1,1,38,0,8
2525,1,1,1,33.1,0,10
2526,1,1,1,63.2,1,14
2527,1,1,1,26.5,1,12
2528,1,0,1,71.5,1,12
2529,1,0,1,63.5,1,12
2530,1,1,1,22.6,0,11
2531,1,0,1,33.1,0,11
2532,1,0,1,33.9,1,12
2533,1,1,1,50.7,1,12
2534,1,0,1,80.3,4,17
2535,1,1,1,58.3,1,11
2536,1,1,0,32.4,1,13
2537,1,0,1,,1,12
2538,1,1,1,17.6,0,4
2539,1,1,1,78.5,4,17
2540,1,1,1,73.2,3,18
2541,1,1,1,73.2,1,16
2542,1,1,0,69.7,1,12
2543,1,0,0,22.6,1,14
2544,1,1,1,33.1,1,12
2545,1,1,1,60.6,1,14
2546,1,0,1,24.2,0,10
2547,1,0,1,28.6,1,12
2548,0,1,1,33.1,0,10
2549,1,0,0,36.5,1,11
2550,1,0,1,50.7,1,14
2551,0,0,1,32.3,0,10
2552,1,1,1,,1,12
2553,1,1,1,17.1,1,9
2554,1,1,1,43.7,1,12
2555,1,1,1,27.5,0,7
2556,1,0,1,32.3,0,8
2557,1,1,1,78.5,3,18
2558,1,0,1,34.3,1,12
2559,1,0,1,18.5,0,11
2560,1,1,1,33.1,1,10
2561,1,0,1,37.3,0,8
2562,1,1,1,,0,8
2563,1,1,1,63.5,1,12
2564,1,1,1,,0,8
2565,0,0,1,24.2,0,3
2566,1,1,1,29.3,0,3
2567,1,1,1,17.1,1,12
2568,0,1,1,17.1,0,5
2569,0,0,1,37.3,0,7
2570,1,0,1,36.5,0,10
2571,1,1,0,33.6,1,12
2572,0,0,1,34.2,0,8
2573,1,1,0,,1,13
2574,1,1,0,27.5,1,12
2575,1,1,0,27.5,,10
2576,1,1,1,,,
2577,1,1,1,17.1,3,16
2578,1,0,1,29,1,12
2579,0,1,1,,1,11
2580,1,1,1,,2,14
2581,1,1,1,,0,8
2582,1,1,1,17.1,1,12
2583,1,1,1,,1,10
2584,1,1,1,33.1,1,13
2585,1,0,1,34.2,1,12
2586,1,0,1,63.5,1,16
2587,1,1,1,51.9,1,13
2588,1,1,1,26.5,0,5
2589,1,1,0,17.1,1,12
2590,1,1,0,26.5,0,11
2591,1,1,1,46.7,1,12
2592,1,1,1,,0,9
2593,1,0,0,44.7,2,14
2594,1,1,0,,0,11
2595,1,1,1,33.1,1,12
2596,1,1,1,29.3,1,13
2597,1,0,1,36.5,2,14
2598,0,1,1,26.4,1,12
2599,1,1,1,38.4,3,19
2600,1,1,1,27.5,0,12
2601,0,1,0,38,1,12
2602,0,1,1,53.3,1,13
2603,1,0,1,53.4,0,14
2604,1,0,1,29.2,1,13
2605,1,0,1,63.5,3,16
2606,1,1,1,38.4,1,13
2607,1,0,1,80,2,16
2608,1,0,1,53.7,3,16
2609,1,1,1,38.4,1,12
2610,1,1,1,78.5,3,17
2611,1,1,1,63.2,1,12
2612,1,0,1,31.3,1,12
2613,0,1,1,48.5,1,12
2614,0,1,0,33.1,1,14
2615,1,0,1,38.4,1,12
2616,1,0,1,32.3,0,9
2617,1,1,1,73.6,1,12
2618,1,1,1,30.8,1,12
2619,1,1,1,33.6,1,12
2620,0,1,1,26.4,1,12
2621,1,0,1,28.4,0,9
2622,1,1,1,,0,10
2623,1,1,1,22.5,0,3
2624,1,1,1,22.5,1,11
2625,1,0,1,78.5,3,16
2626,1,1,0,33.9,1,13
2627,1,0,1,26.6,1,12
2628,1,1,1,33.1,1,12
2629,1,0,0,26.5,1,12
2630,1,0,1,31.5,0,7
2631,0,1,1,38.4,1,14
2632,1,1,1,50.7,0,7
2633,1,1,1,50.7,1,12
2634,1,1,1,29.4,0,11
2635,1,0,1,54.7,3,16
2636,1,1,1,43.7,1,15
2637,1,1,0,21.2,1,12
2638,1,1,1,32,1,12
2639,1,0,0,48.5,2,14
2640,1,1,1,39.4,1,12
2641,1,1,0,26.7,1,12
2642,1,1,1,80.3,3,18
2643,1,1,1,29.3,1,12
2644,1,1,1,50.7,1,12
2645,1,1,1,50.7,1,12
2646,1,1,1,78.5,1,14
2647,1,0,1,36.5,3,16
2648,1,0,1,48.9,1,12
2649,1,1,1,29.4,1,12
2650,1,0,0,22.7,1,13
2651,1,0,1,66.1,0,8
2652,1,1,1,73.6,1,12
2653,1,0,1,28.2,0,4
2654,1,1,1,59.1,1,12
2655,1,0,1,36.5,1,9
2656,1,0,1,36.5,0,11
2657,1,1,1,29.4,0,8
2658,1,0,1,69.7,0,8
2659,1,1,1,,0,8
2660,1,1,0,,1,12
2661,1,1,1,37.3,0,3
2662,1,1,1,28.4,0,8
2663,1,1,0,39,1,12
2664,1,0,1,31.5,0,9
2665,1,1,1,33.1,1,14
2666,1,1,0,50.7,3,16
2667,1,1,1,38.4,1,12
2668,1,1,1,,0,10
2669,1,0,1,63.5,0,7
2670,1,1,1,36.5,3,16
2671,1,1,1,35.4,1,15
2672,1,0,1,92.3,4,20
2673,1,1,1,78.5,4,17
2674,1,1,1,73.2,3,19
2675,1,0,0,63.5,3,16
2676,1,1,1,69.2,4,18
2677,1,0,1,,1,13
2678,1,1,1,36.5,1,13
2679,1,1,1,28.4,1,12
2680,0,1,1,38,1,14
2681,1,1,1,,0,8
2682,1,0,1,29.5,1,12
2683,1,0,1,37.3,1,12
2684,1,1,1,80.3,3,16
2685,1,0,0,35.1,1,12
2686,1,0,1,28.4,0,10
2687,1,0,1,59.9,1,14
2688,1,1,1,21.1,0,6
2689,1,0,1,26.5,0,3
2690,1,1,1,,0,10
2691,0,0,1,36.7,0,11
2692,1,0,1,32.3,0,8
2693,1,0,0,30.2,1,13
2694,1,1,1,27.5,1,12
2695,0,0,1,39.5,0,10
2696,0,1,1,,0,8
2697,1,1,1,28.4,0,9
2698,0,1,1,29.3,1,11
2699,1,1,1,26.7,0,14
2700,1,0,1,50.7,1,15
2701,1,0,1,62.1,1,12
2702,1,0,1,48.9,0,11
2703,1,1,1,26.5,1,9
2704,1,1,1,29.2,1,13
2705,0,0,1,85.1,4,17
2706,1,1,1,25.8,1,12
2707,1,0,1,48.5,0,11
2708,1,1,1,21.2,0,11
2709,1,1,1,63.5,1,12
2710,1,1,1,57.1,2,14
2711,0,0,1,32.8,1,12
2712,1,1,1,38.9,1,12
2713,1,0,0,38.9,0,11
2714,1,1,1,64.4,2,14
2715,1,1,1,50.7,1,12
2716,0,0,1,85.1,4,18
2717,1,1,1,38.4,1,12
2718,1,1,1,27.2,0,11
2719,1,1,1,78.5,3,16
2720,1,0,1,49.6,1,12
2721,1,1,1,37.7,1,12
2722,1,0,1,31.3,0,8
2723,1,1,1,78.5,3,16
2724,1,1,1,26.4,1,12
2725,1,0,1,37.3,1,12
2726,0,0,1,26.7,1,11
2727,1,0,1,62,3,16
2728,0,0,1,37.7,0,10
2729,1,1,1,73.2,2,16
2730,1,1,0,50.7,1,12
2731,1,1,1,63.5,2,16
2732,1,0,1,31.4,0,8
2733,1,1,1,33.1,1,12
2734,1,0,1,31.4,0,10
2735,1,1,1,35.2,0,10
2736,1,1,1,29.3,0,10
2737,1,0,1,38.9,1,13
2738,1,0,1,31.5,1,14
2739,1,0,1,52.4,3,17
2740,1,1,1,38,1,12
2741,1,0,1,38.2,1,13
2742,1,1,0,27.7,1,12
2743,1,1,1,50.7,1,12
2744,1,0,0,29.2,1,13
2745,1,1,1,29.3,0,11
2746,0,1,1,32.4,1,12
2747,1,1,1,38.4,1,12
2748,1,1,1,32.4,0,9
2749,1,1,1,25.8,1,12
2750,1,0,1,50.7,1,11
2751,1,1,1,38.5,1,13
2752,1,0,1,26.5,1,12
2753,1,1,1,56.6,1,15
2754,1,1,1,30.7,1,12
2755,0,1,1,50.7,1,12
2756,1,1,1,80.3,3,18
2757,1,0,1,69.7,1,14
2758,1,0,1,31.5,1,12
2759,1,0,1,36.5,1,14
2760,1,1,1,78.5,1,12
2761,1,1,0,74.9,1,12
2762,1,1,0,,0,11
2763,1,0,1,36.5,0,9
2764,1,1,1,,3,16
2765,1,1,1,,3,16
2766,1,1,1,38,1,13
2767,1,1,0,48.6,1,12
2768,0,1,1,27.7,1,12
2769,1,1,1,54.7,1,15
2770,1,1,1,63.2,3,17
2771,1,1,1,54.5,1,13
2772,1,1,1,26.4,1,12
2773,1,0,1,63.5,1,16
2774,1,0,1,83.7,3,16
2775,1,1,1,30.7,0,10
2776,1,0,0,84.7,3,16
2777,1,1,1,64.2,1,12
2778,1,1,1,26.4,1,13
2779,1,0,1,33.1,1,12
2780,1,1,0,29.4,0,11
2781,1,1,0,18.5,0,10
2782,1,0,1,28.4,1,12
2783,1,1,0,,1,12
2784,1,1,1,25.3,0,12
2785,1,0,1,27.5,0,7
2786,1,0,1,26.9,1,12
2787,0,0,1,37.5,1,12
2788,1,1,1,17.1,1,13
2789,1,0,0,84.2,1,16
2790,1,1,1,36.9,3,16
2791,1,0,0,27.5,1,19
2792,1,1,0,38.4,1,12
2793,1,1,0,26.7,1,14
2794,1,1,0,32.4,1,12
2795,1,1,1,31.2,1,12
2796,1,0,0,60.5,1,15
2797,0,0,1,50.7,2,14
2798,1,1,1,73.2,3,16
2799,1,0,0,63.5,1,12
2800,1,1,0,35.2,1,12
2801,1,0,1,53.4,1,11
2802,1,0,0,42.3,1,13
2803,1,1,0,29.3,1,17
2804,1,1,1,74.4,3,16
2805,1,1,1,22.6,3,16
2806,1,1,0,22.6,0,11
2807,1,1,1,73.2,2,16
2808,1,0,1,38.2,1,12
2809,1,0,1,37.3,1,12
2810,1,1,0,,0,11
2811,1,0,1,63.2,1,12
2812,1,1,0,36.9,1,14
2813,1,1,0,,0,11
2814,1,1,1,72,3,16
2815,1,1,1,50.7,1,14
2816,1,1,1,37.3,1,13
2817,1,1,1,31.3,1,12
2818,1,1,1,38.9,1,13
2819,1,1,1,78.5,3,17
2820,1,1,0,33.3,1,15
2821,1,1,1,33.1,1,12
2822,1,1,1,69.2,3,16
2823,1,0,1,76.3,1,15
2824,1,0,0,38.2,2,17
2825,1,1,1,36.5,1,12
2826,1,1,0,80.3,4,17
2827,1,0,1,51,3,15
2828,1,0,1,83.7,3,16
2829,1,0,1,82.7,4,20
2830,1,1,1,63.5,1,17
2831,1,0,0,73.2,2,14
2832,1,0,1,43.3,1,14
2833,0,0,1,31.9,1,14
2834,1,0,1,64.2,3,16
2835,1,0,1,63.5,1,12
2836,1,1,1,40.2,1,12
2837,1,1,1,22.9,1,12
2838,1,0,1,47.8,1,14
2839,1,0,0,35.1,0,11
2840,1,0,0,38.4,1,12
2841,0,1,1,63.5,0,9
2842,1,1,1,38.7,0,12
2843,1,1,1,61.9,1,12
2844,0,0,1,86.5,1,14
2845,1,1,1,32.4,1,12
2846,1,0,1,52.3,1,12
2847,1,0,1,51,1,12
2848,1,1,1,28.4,1,15
2849,1,1,1,,1,12
2850,1,1,1,38,1,12
2851,1,1,1,78.5,3,19
2852,1,0,1,37.3,0,8
2853,1,1,1,30.8,1,12
2854,1,1,1,38,1,12
2855,1,0,1,37.4,0,11
2856,1,1,1,29.3,0,8
2857,1,0,1,37.2,1,15
2858,1,0,1,42.4,0,8
2859,1,1,1,64.2,1,14
2860,1,0,1,25.8,0,9
2861,1,0,1,63.5,1,12
2862,1,0,0,56.5,1,15
2863,1,1,1,38.9,1,14
2864,1,1,1,33.3,3,16
2865,1,0,1,34.3,1,12
2866,1,1,1,30.8,1,13
2867,1,0,1,28.6,0,11
2868,1,1,1,37.7,1,12
2869,1,1,1,,1,12
2870,1,1,0,73.2,2,17
2871,0,1,1,21.2,0,12
2872,1,1,1,80.3,2,15
2873,1,0,1,92.3,4,19
2874,1,1,1,29.3,1,13
2875,1,0,1,87.9,4,20
2876,1,1,0,62.5,4,18
2877,1,1,0,33.1,1,13
2878,1,0,1,39.7,0,10
2879,1,1,1,69.7,1,12
2880,1,1,1,49.9,1,12
2881,1,0,1,38.9,1,13
2882,1,0,0,39.4,2,14
2883,1,0,0,76.4,1,16
2884,1,0,1,48.5,1,12
2885,1,1,1,26.4,1,14
2886,1,0,0,42.2,3,16
2887,1,1,1,50.7,1,12
2888,1,0,1,54.5,1,13
2889,1,0,1,52.5,1,12
2890,1,1,1,62.2,3,16
2891,1,1,1,50.5,1,12
2892,1,1,1,33.1,1,12
2893,1,0,1,38.1,1,12
2894,1,1,1,74.4,1,14
2895,1,1,1,,1,13
2896,1,0,1,28.4,1,12
2897,1,0,0,32.4,3,16
2898,1,0,0,28.6,2,14
2899,1,1,1,38.9,1,11
2900,1,0,0,38.1,0,11
2901,1,1,1,38.4,1,12
2902,1,0,1,28.4,1,12
2903,1,0,1,68.1,1,9
2904,1,1,1,32.4,1,12
