"","X","id","ses","genre","reseau","scolarite","experience"
"1",1,4,"62,5",2,24,2,6
"2",2,5,"17,1",2,10,0,1
"3",3,6,"69,2",2,13,3,12
"4",4,7,"29,8",1,4,0,4
"5",5,8,"37,7",2,24,1,4
"6",6,9,"37,7",2,6,1,6
"7",7,10,"47,8545127651924",2,14,2,9
"8",8,11,"92,3",2,9,4,27
"9",9,12,"80,9",2,5,4,14
"10",10,13,"76,4",2,10,3,13
"11",11,14,"37,4",1,5,1,3
"12",12,15,"38,4",2,8,1,8
"13",13,16,"38,9",1,14,1,6
"14",14,18,"83,9",1,3,4,21
"15",15,20,"37,7",2,5,1,4
"16",16,21,"39,4",1,5,1,5
"17",17,73,"47,8545127651924",2,12,2,9
"18",18,78,"45,8",1,8,2,7
"19",19,2377,"38,4",2,2,1,8
"20",20,2396,"69,7",2,14,3,17
"21",21,2476,"18,5",2,16,0,6
"22",22,2545,"60,6",2,21,2,12
"23",23,2747,"38,4",2,7,1,6
"24",24,2887,"50,7",2,21,2,10
"25",25,2897,"32,4",1,4,1,7
"26",26,2251,"62,5",2,3,2,16
"27",27,2898,"28,6",1,15,0,12
"28",28,2899,"38,9",2,12,1,6
"29",29,1087,"38,9",2,10,1,9
"30",30,2715,"50,7",2,19,2,9
"31",31,2900,"38,1",1,6,1,3
"32",32,2662,"28,4",2,7,0,2
"33",33,2902,"28,4",1,8,0,3
"34",34,2854,"38",2,10,1,8
"35",35,1,"43,4",1,16,2,6
"36",36,1968,"34,4",2,3,1,4
"37",37,17,"62,5",1,19,2,13
"38",38,109,"53,3",1,7,2,8
"39",39,23,"49,9",1,18,2,9
"40",40,24,"29,3",2,9,0,4
"41",41,215,"53,7",2,0,2,8
"42",42,711,"37,7",2,4,1,5
"43",43,25,"29,3",2,8,0,2
"44",44,26,"52,5",2,15,2,9
"45",45,434,"26,4",2,12,0,4
"46",46,1139,"60,6",2,6,2,17
"47",47,28,"76,3",1,18,3,15
"48",48,29,"72,5",2,2,3,17
"49",49,30,"33,9",2,17,1,9
"50",50,31,"78,7",2,3,4,21
"51",51,32,"28,4",1,12,0,2
"52",52,114,"44,7",1,10,2,6
"53",53,311,"29,8",2,3,0,2
"54",54,516,"78,5",2,11,3,20
"55",55,1294,"63,5",2,3,3,19
"56",56,2791,"27,5",1,9,0,4
"57",57,33,"60,6",1,3,2,18
"58",58,439,"33,1",2,14,1,6
"59",59,34,"63,5",2,10,3,13
"60",60,35,"67",1,26,3,15
"61",61,36,"63,5",2,7,3,31
"62",62,37,"47,8545127651924",1,21,2,2
"63",63,38,"28,4",2,5,0,9
"64",64,39,"47,8545127651924",2,8,2,2
"65",65,40,"69,2",2,11,3,16
"66",66,41,"50,7",1,4,2,6
"67",67,42,"22,5",2,12,0,2
"68",68,43,"56,6",2,2,2,12
"69",69,44,"47,8545127651924",2,15,2,2
"70",70,45,"37,6",1,15,1,2
"71",71,46,"67",2,13,3,15
"72",72,47,"33,1",2,12,1,2
"73",73,48,"32,1",1,4,1,2
"74",74,49,"34,2",1,7,1,6
"75",75,50,"23,3",2,13,0,3
"76",76,51,"31,4",2,14,1,4
"77",77,52,"96",2,24,4,17
"78",78,53,"53,7",1,3,2,12
"79",79,54,"28,6",1,6,0,5
"80",80,55,"97,2",2,18,4,25
"81",81,56,"63,5",1,21,3,17
"82",82,57,"33,9",1,4,1,6
"83",83,58,"53,7",1,5,2,10
"84",84,59,"60,6",1,9,2,16
"85",85,60,"29,6",1,14,0,2
"86",86,63,"63,5",1,17,3,13
"87",87,84,"68,1",2,7,3,10
"88",88,85,"33,9",2,9,1,5
"89",89,86,"76,4",2,19,3,13
"90",90,87,"39",1,4,1,8
"91",91,88,"63,5",2,10,2,17
"92",92,90,"73,9",1,23,3,20
"93",93,91,"47,8545127651924",2,6,2,2
"94",94,92,"38,9",1,2,1,6
"95",95,93,"38,9",2,7,1,10
"96",96,95,"50,7",2,3,2,11
"97",97,97,"32,1",1,4,1,2
"98",98,98,"35,1",1,5,1,5
"99",99,99,"22,7",1,9,0,2
"100",100,100,"30,8",2,17,1,4
"101",101,102,"33,1",2,11,1,3
"102",102,103,"47,8545127651924",2,15,2,8
"103",103,104,"26,4",2,10,0,4
"104",104,105,"47,8545127651924",1,11,2,9
"105",105,123,"50,7",2,1,2,7
"106",106,124,"58,3",1,7,2,10
"107",107,125,"63,5",2,13,3,16
"108",108,127,"26,4",2,5,0,4
"109",109,128,"35,1",1,0,1,14
"110",110,129,"37,3",1,11,1,6
"111",111,131,"38,1",1,16,1,5
"112",112,133,"73,6",2,17,3,6
"113",113,134,"33,9",2,15,1,2
"114",114,151,"50,5",2,8,2,14
"115",115,152,"22,7",2,16,0,1
"116",116,153,"76,3",2,20,3,25
"117",117,154,"76,3",1,2,3,25
"118",118,155,"33,1",1,8,1,5
"119",119,156,"47,8545127651924",2,1,2,10
"120",120,158,"45,8",2,5,2,6
"121",121,159,"74,4",1,17,3,23
"122",122,160,"36,5",2,12,1,2
"123",123,161,"63,5",2,14,3,13
"124",124,162,"63,5",1,4,3,6
"125",125,163,"76,5",2,0,3,28
"126",126,164,"37,7",2,9,1,7
"127",127,167,"36,5",1,9,1,6
"128",128,168,"64,4",2,10,3,23
"129",129,169,"60,5",1,2,2,15
"130",130,170,"48,8",2,15,2,4
"131",131,171,"38,2",1,12,1,8
"132",132,172,"34,2",1,12,1,5
"133",133,173,"28,4",1,11,0,2
"134",134,174,"50,5",2,6,2,10
"135",135,175,"74,4",2,13,3,19
"136",136,184,"63,2",1,19,3,19
"137",137,189,"73,6",2,20,3,16
"138",138,190,"53,7",1,3,2,13
"139",139,192,"63,5",1,3,3,16
"140",140,193,"58,3",1,21,2,8
"141",141,194,"34,4",2,5,1,5
"142",142,195,"50,7",2,12,2,15
"143",143,196,"63,5",1,12,3,12
"144",144,197,"32",1,10,1,7
"145",145,198,"39",2,8,1,6
"146",146,199,"32",2,3,1,4
"147",147,201,"38,1",1,21,1,4
"148",148,202,"73,2",2,17,3,12
"149",149,208,"32,3",1,10,1,3
"150",150,211,"78,5",2,25,4,16
"151",151,212,"44,7",1,6,2,4
"152",152,213,"81,9",1,13,4,14
"153",153,214,"53,7",2,21,2,9
"154",154,217,"61,1",2,8,2,17
"155",155,218,"63,5",2,10,3,21
"156",156,219,"38,4",2,20,1,5
"157",157,221,"82,7",1,3,4,16
"158",158,222,"63,5",1,8,3,26
"159",159,223,"61,1",2,12,2,20
"160",160,224,"26,4",2,8,0,7
"161",161,225,"42,5",1,8,2,4
"162",162,226,"52,5",1,9,2,13
"163",163,228,"84,7",1,14,4,15
"164",164,229,"52,5",1,11,2,13
"165",165,230,"40,2",1,13,1,10
"166",166,231,"82,7",1,5,4,18
"167",167,232,"22,5",1,12,0,4
"168",168,233,"63,5",1,3,3,16
"169",169,234,"33,9",2,9,1,5
"170",170,235,"76,4",2,15,3,15
"171",171,236,"75,9",2,17,3,24
"172",172,237,"40,1",1,8,1,7
"173",173,239,"60,5",1,11,2,26
"174",174,242,"76,4",1,22,3,25
"175",175,243,"60,6",2,20,2,14
"176",176,244,"36,5",2,0,1,3
"177",177,245,"36,9",2,8,1,5
"178",178,246,"22,5",2,11,0,2
"179",179,247,"36,9",2,8,1,5
"180",180,248,"43,7",2,6,2,3
"181",181,249,"28,4",2,11,0,6
"182",182,250,"47,8545127651924",2,3,2,4
"183",183,252,"29,3",2,9,0,5
"184",184,253,"42,3",2,31,2,4
"185",185,254,"29,3",2,4,0,3
"186",186,255,"76,4",2,11,3,18
"187",187,256,"49,6",1,19,2,8
"188",188,257,"38",2,9,1,15
"189",189,260,"63,2",2,11,3,15
"190",190,261,"53,1",1,1,2,8
"191",191,262,"63,5",1,17,2,9
"192",192,263,"80,3",2,12,4,12
"193",193,264,"38",2,9,1,5
"194",194,265,"86,5",1,30,4,32
"195",195,266,"50,7",1,11,2,14
"196",196,267,"81",2,5,4,23
"197",197,268,"46,7",2,17,2,5
"198",198,269,"20,1",2,15,0,3
"199",199,270,"73,2",2,25,3,15
"200",200,271,"61,9",2,23,2,14
"201",201,272,"63,5",2,5,2,15
"202",202,273,"41,6",2,8,1,5
"203",203,274,"28,6",1,12,1,3
"204",204,275,"49,6",1,6,2,6
"205",205,276,"47,8545127651924",2,16,2,8
"206",206,277,"73,2",1,27,3,19
"207",207,278,"53,7",2,11,2,5
"208",208,279,"53,7",2,13,2,9
"209",209,281,"68,1",2,4,3,5
"210",210,282,"45,3",1,8,2,6
"211",211,283,"28,6",1,1,0,2
"212",212,284,"37,7",2,15,1,6
"213",213,286,"86,8",1,13,4,18
"214",214,287,"32,7",1,10,1,3
"215",215,288,"31,4",2,4,1,5
"216",216,289,"37,9",2,3,1,6
"217",217,290,"31,4",1,10,1,6
"218",218,291,"53,3",2,18,2,7
"219",219,292,"38,4",2,6,1,14
"220",220,293,"47,8545127651924",2,24,2,4
"221",221,294,"50,7",2,4,2,15
"222",222,295,"32,4",2,13,1,2
"223",223,296,"40",1,10,1,3
"224",224,297,"32,3",1,9,1,6
"225",225,298,"33,1",2,7,1,4
"226",226,299,"32,4",2,11,1,3
"227",227,300,"38,7",1,9,1,8
"228",228,301,"34,2",1,12,1,6
"229",229,303,"50,5",2,8,2,7
"230",230,2286,"62,1",1,22,3,12
"231",231,2287,"38,4",2,11,1,8
"232",232,2288,"50,7",1,3,2,9
"233",233,2289,"80,3",2,4,4,24
"234",234,2290,"29,6",1,9,0,9
"235",235,2292,"38,4",1,2,1,3
"236",236,2293,"50,7",2,2,2,5
"237",237,2294,"30,1",1,6,0,4
"238",238,2295,"29,8",1,19,1,4
"239",239,2296,"38,4",2,5,1,5
"240",240,2297,"26,5",2,16,0,2
"241",241,2298,"26,4",2,2,0,5
"242",242,2299,"45,8",1,2,2,6
"243",243,2300,"31,5",1,1,1,6
"244",244,2301,"66,1",1,4,3,22
"245",245,2302,"26,4",2,8,0,3
"246",246,2303,"73,7",2,18,3,34
"247",247,2304,"29,2",1,16,0,2
"248",248,2305,"69,7",2,10,3,19
"249",249,2306,"51,8",2,9,2,9
"250",250,2307,"63,5",2,3,3,10
"251",251,2308,"47,8545127651924",2,5,2,5
"252",252,2309,"38,4",2,2,1,5
"253",253,2311,"36,5",1,14,1,5
"254",254,2312,"37,3",1,12,1,7
"255",255,2314,"45,8",1,6,2,6
"256",256,2315,"73,9",1,3,3,17
"257",257,2316,"32,4",2,6,1,8
"258",258,2318,"67",2,14,3,22
"259",259,2320,"33,1",2,12,1,6
"260",260,2321,"35,1",1,5,1,6
"261",261,2322,"80,3",1,17,4,25
"262",262,2323,"31,5",1,8,1,3
"263",263,2324,"26,7",2,10,0,4
"264",264,2325,"38,4",2,4,1,6
"265",265,2326,"36,5",2,14,1,7
"266",266,2327,"82,7",2,11,4,11
"267",267,2328,"26,7",2,12,0,3
"268",268,2329,"47,8545127651924",2,12,2,4
"269",269,2330,"34,2",1,1,1,5
"270",270,2331,"29,2",1,4,0,4
"271",271,2333,"32",2,17,1,4
"272",272,2334,"25,2",2,10,0,2
"273",273,2335,"31,1",1,2,0,3
"274",274,2336,"29,3",1,18,0,5
"275",275,2337,"50,7",1,15,2,10
"276",276,2338,"17,1",2,7,0,3
"277",277,2339,"31,5",1,12,1,6
"278",278,2341,"78,5",2,7,3,27
"279",279,2342,"62,5",2,5,2,18
"280",280,2343,"47,8545127651924",1,6,2,8
"281",281,2344,"88,9",1,9,4,14
"282",282,2345,"76,4",1,15,3,22
"283",283,2346,"48,9",1,18,2,10
"284",284,2347,"76,4",2,13,3,15
"285",285,2348,"85,5",2,2,4,20
"286",286,2349,"84,2",2,18,4,23
"287",287,2350,"33,1",2,15,1,5
"288",288,2351,"61,9",1,3,2,10
"289",289,2352,"36,5",2,14,1,14
"290",290,2353,"44,3",1,1,2,12
"291",291,2354,"33,3",2,8,1,4
"292",292,2355,"21,2",2,14,0,4
"293",293,2356,"75,2",2,3,3,18
"294",294,2357,"47,8545127651924",2,12,2,19
"295",295,2358,"66,1",1,2,3,31
"296",296,2360,"33,1",2,5,1,4
"297",297,2361,"63,5",2,10,3,10
"298",298,2362,"34,3",1,19,1,6
"299",299,2363,"33,1",2,9,1,5
"300",300,2365,"25,8",1,22,0,2
"301",301,2366,"42,9",2,4,2,6
"302",302,2367,"29",2,19,0,2
"303",303,2368,"31,3",1,20,1,5
"304",304,2369,"40",1,20,1,3
"305",305,2370,"21,1",2,5,0,3
"306",306,2373,"22,7",2,11,0,4
"307",307,2374,"63,5",2,14,2,17
"308",308,2375,"78,5",2,15,4,21
"309",309,2376,"58,3",2,6,2,9
"310",310,2378,"32,4",2,9,1,4
"311",311,2379,"33,1",2,11,1,2
"312",312,2380,"26,7",1,12,0,4
"313",313,2381,"17,1",2,12,0,4
"314",314,2382,"63,2",2,10,2,25
"315",315,2383,"26,7",2,10,0,4
"316",316,2384,"26,7",1,10,0,4
"317",317,2385,"63,5",2,6,3,6
"318",318,2386,"63,5",1,9,2,15
"319",319,2387,"32,4",2,21,1,3
"320",320,2388,"28,4",1,15,0,3
"321",321,2389,"78,5",2,3,3,22
"322",322,2390,"78,5",2,21,3,20
"323",323,2391,"37,3",1,3,1,5
"324",324,2400,"33,1",1,10,1,5
"325",325,2403,"27,7",1,12,0,4
"326",326,2404,"26,4",2,13,0,4
"327",327,2405,"46,7",1,9,2,7
"328",328,2406,"47,8545127651924",2,8,2,3
"329",329,2408,"35,7",1,7,1,6
"330",330,2409,"53,3",1,3,2,5
"331",331,2410,"42,1",1,16,2,9
"332",332,2411,"29,3",2,13,0,4
"333",333,2412,"48,5",1,15,2,9
"334",334,2413,"26,4",2,13,0,9
"335",335,2414,"73,9",1,1,3,16
"336",336,2415,"27,2",2,8,0,4
"337",337,2416,"38,4",2,12,1,3
"338",338,2417,"29,2",2,11,0,4
"339",339,2418,"63,5",1,11,3,16
"340",340,2419,"44,7",1,11,2,7
"341",341,2421,"29,3",2,6,0,4
"342",342,2422,"68,1",2,2,3,10
"343",343,2423,"48,5",1,8,2,4
"344",344,2424,"37,3",1,8,1,3
"345",345,2425,"21,2",2,10,0,2
"346",346,2426,"31,1",1,12,0,3
"347",347,2427,"43,2",1,19,1,13
"348",348,2428,"33,1",2,1,1,6
"349",349,2429,"37,3",1,7,1,6
"350",350,2432,"30,8",2,27,0,5
"351",351,2433,"69,7",2,1,3,17
"352",352,2434,"33,1",1,9,1,5
"353",353,2435,"35,4",2,12,1,7
"354",354,2436,"64,1",1,7,3,18
"355",355,2437,"69,7",1,6,3,10
"356",356,2438,"80,3",2,10,4,13
"357",357,2439,"59,3",1,7,2,7
"358",358,2441,"80",1,12,4,16
"359",359,2442,"33,1",2,4,1,6
"360",360,2444,"97,2",1,3,4,25
"361",361,2445,"73,2",2,28,3,17
"362",362,2446,"69,7",2,8,3,15
"363",363,2448,"36,5",1,1,1,8
"364",364,2449,"28,2",1,15,0,6
"365",365,2451,"73,2",2,6,3,34
"366",366,2452,"38,1",1,0,1,5
"367",367,2458,"29,3",2,9,0,11
"368",368,2461,"29",2,17,0,6
"369",369,2462,"42,2",1,6,1,13
"370",370,2463,"48,5",1,4,2,10
"371",371,2464,"47,8545127651924",2,12,2,3
"372",372,2465,"33,1",2,6,1,3
"373",373,2467,"29,5",1,20,0,5
"374",374,2469,"32,1",1,9,1,5
"375",375,2470,"66,1",1,1,3,24
"376",376,2471,"50,7",1,7,2,9
"377",377,2472,"29,2",1,8,0,4
"378",378,2477,"33,1",2,11,1,4
"379",379,2478,"35,1",1,16,1,3
"380",380,2483,"63,2",1,15,2,14
"381",381,2493,"38,4",2,13,1,5
"382",382,2494,"29,2",2,3,0,2
"383",383,2495,"50,7",2,9,2,7
"384",384,2496,"17,1",2,11,0,2
"385",385,2497,"78",1,9,3,19
"386",386,2498,"26,4",2,1,0,4
"387",387,2501,"24,2",1,15,0,2
"388",388,2502,"38",2,19,1,9
"389",389,2503,"49,6",1,19,2,4
"390",390,2504,"22,5",2,11,0,1
"391",391,2505,"25,4",2,10,0,1
"392",392,2506,"47,8545127651924",2,12,2,3
"393",393,2507,"29,4",2,7,0,4
"394",394,2508,"53,9",1,17,2,6
"395",395,2509,"29,2",2,2,0,3
"396",396,2510,"22,9",2,17,0,2
"397",397,2511,"17,1",2,9,0,3
"398",398,2512,"38,9",2,11,1,4
"399",399,2513,"24,2",1,15,0,2
"400",400,2514,"47,8545127651924",2,5,2,4
"401",401,2515,"73,3",1,9,3,27
"402",402,2516,"38",2,5,1,7
"403",403,2517,"35,4",2,10,1,6
"404",404,2518,"47,8545127651924",2,12,2,4
"405",405,2519,"32,7",1,11,1,5
"406",406,2521,"32,3",1,26,1,3
"407",407,2522,"36,5",2,9,1,6
"408",408,2524,"38",2,5,1,4
"409",409,2525,"33,1",2,9,1,3
"410",410,2526,"63,2",2,0,3,11
"411",411,2527,"26,5",2,12,0,5
"412",412,2528,"71,5",1,19,3,15
"413",413,2529,"63,5",1,5,3,14
"414",414,2530,"22,6",2,10,0,2
"415",415,2531,"33,1",1,7,1,4
"416",416,2532,"33,9",1,2,1,6
"417",417,2533,"50,7",2,13,2,8
"418",418,2537,"47,8545127651924",1,2,2,9
"419",419,2538,"17,6",2,18,0,1
"420",420,2539,"78,5",2,16,4,22
"421",421,2540,"73,2",2,21,3,16
"422",422,2542,"69,7",2,18,3,17
"423",423,2543,"22,6",1,7,0,4
"424",424,2544,"33,1",2,15,1,7
"425",425,2546,"24,2",1,10,0,2
"426",426,2548,"33,1",2,12,1,2
"427",427,2549,"36,5",1,3,1,5
"428",428,2550,"50,7",1,8,2,8
"429",429,2551,"32,3",1,3,1,3
"430",430,2552,"47,8545127651924",2,11,2,8
"431",431,2553,"17,1",2,21,0,3
"432",432,2555,"27,5",2,3,0,2
"433",433,2556,"32,3",1,9,1,3
"434",434,2557,"78,5",2,16,4,24
"435",435,2558,"34,3",1,10,1,4
"436",436,2560,"33,1",2,11,1,3
"437",437,2561,"37,3",1,9,1,4
"438",438,2567,"17,1",2,7,0,2
"439",439,2568,"17,1",2,13,0,1
"440",440,2572,"34,2",1,4,1,2
"441",441,2573,"47,8545127651924",2,10,2,7
"442",442,2574,"27,5",2,13,0,4
"443",443,2575,"27,5",2,7,0,4
"444",444,2576,"47,8545127651924",2,7,2,9
"445",445,2577,"17,1",2,10,0,4
"446",446,2579,"47,8545127651924",2,17,2,6
"447",447,2580,"47,8545127651924",2,10,2,18
"448",448,2582,"17,1",2,8,0,2
"449",449,2583,"47,8545127651924",2,6,2,8
"450",450,2584,"33,1",2,7,1,7
"451",451,2585,"34,2",1,0,1,4
"452",452,2587,"51,9",2,19,2,8
"453",453,2588,"26,5",2,10,0,2
"454",454,2589,"17,1",2,11,0,2
"455",455,2590,"26,5",2,2,0,2
"456",456,2591,"46,7",2,6,2,8
"457",457,2596,"29,3",2,14,0,4
"458",458,2599,"38,4",2,12,1,10
"459",459,2609,"38,4",2,14,1,6
"460",460,2611,"63,2",2,21,3,18
"461",461,2612,"31,3",1,6,1,4
"462",462,2617,"73,6",2,7,3,15
"463",463,2620,"26,4",2,21,0,5
"464",464,2627,"26,6",1,14,0,4
"465",465,2628,"33,1",2,9,1,6
"466",466,2629,"26,5",1,12,0,3
"467",467,2630,"31,5",1,10,1,2
"468",468,2632,"50,7",2,5,2,5
"469",469,2633,"50,7",2,9,2,7
"470",470,2634,"29,4",2,18,1,2
"471",471,2635,"54,7",1,11,2,12
"472",472,2636,"43,7",2,15,2,7
"473",473,2637,"21,2",2,9,0,3
"474",474,2638,"32",2,7,1,4
"475",475,2639,"48,5",1,19,2,12
"476",476,2640,"39,4",2,25,1,6
"477",477,2641,"26,7",2,12,0,4
"478",478,2643,"29,3",2,2,0,4
"479",479,2644,"50,7",2,12,2,9
"480",480,2646,"78,5",2,19,4,18
"481",481,2647,"36,5",1,7,1,6
"482",482,2648,"48,9",1,7,2,3
"483",483,2650,"22,7",1,8,0,2
"484",484,2651,"66,1",1,1,3,6
"485",485,2652,"73,6",2,5,3,15
"486",486,2653,"28,2",1,11,0,2
"487",487,2654,"59,1",2,6,2,9
"488",488,2655,"36,5",1,14,1,5
"489",489,2656,"36,5",1,11,1,3
"490",490,2657,"29,4",2,11,0,2
"491",491,2658,"69,7",1,2,3,6
"492",492,2660,"47,8545127651924",2,26,2,8
"493",493,2661,"37,3",2,10,1,2
"494",494,2663,"39",2,14,1,4
"495",495,2664,"31,5",1,2,1,3
"496",496,2665,"33,1",2,9,1,4
"497",497,2666,"50,7",2,14,2,7
"498",498,2667,"38,4",2,4,1,5
"499",499,2668,"47,8545127651924",2,9,2,2
"500",500,2669,"63,5",1,24,3,5
"501",501,2671,"35,4",2,1,1,7
"502",502,2672,"92,3",1,2,4,34
"503",503,2674,"73,2",2,11,3,14
"504",504,2675,"63,5",1,4,2,16
"505",505,2676,"69,2",2,0,3,27
"506",506,2677,"47,8545127651924",1,19,2,8
"507",507,2679,"28,4",2,13,0,4
"508",508,2680,"38",2,13,1,5
"509",509,2681,"47,8545127651924",2,16,2,4
"510",510,2682,"29,5",1,2,0,3
"511",511,2683,"37,3",1,5,1,4
"512",512,2684,"80,3",2,13,4,17
"513",513,2685,"35,1",1,5,1,4
"514",514,2686,"28,4",1,20,0,1
"515",515,2687,"59,9",1,10,2,10
"516",516,2688,"21,1",2,9,0,2
"517",517,2689,"26,5",1,6,0,2
"518",518,2690,"47,8545127651924",2,10,2,3
"519",519,2691,"36,7",1,9,1,3
"520",520,2692,"32,3",1,13,1,3
"521",521,2693,"30,2",1,6,0,5
"522",522,2694,"27,5",2,8,0,5
"523",523,2695,"39,5",1,10,1,3
"524",524,2696,"47,8545127651924",2,12,2,2
"525",525,2697,"28,4",2,9,0,2
"526",526,2698,"29,3",2,7,0,4
"527",527,2699,"26,7",2,10,0,3
"528",528,2701,"62,1",1,10,2,14
"529",529,2702,"48,9",1,12,2,4
"530",530,2704,"29,2",2,9,0,4
"531",531,2705,"85,1",1,18,4,32
"532",532,2709,"63,5",2,7,3,19
"533",533,2711,"32,8",1,5,1,5
"534",534,2714,"64,4",2,6,3,27
"535",535,2716,"85,1",1,26,4,24
"536",536,2719,"78,5",2,10,4,14
"537",537,2720,"49,6",1,9,2,5
"538",538,2722,"31,3",1,2,1,3
"539",539,2725,"37,3",1,16,1,8
"540",540,2726,"26,7",1,13,0,4
"541",541,2728,"37,7",1,25,1,3
"542",542,2729,"73,2",2,18,3,35
"543",543,2730,"50,7",2,16,2,7
"544",544,2731,"63,5",2,10,3,25
"545",545,2732,"31,4",1,9,1,3
"546",546,2734,"31,4",1,5,1,3
"547",547,2735,"35,2",2,8,1,3
"548",548,2736,"29,3",2,14,0,2
"549",549,2737,"38,9",1,20,1,6
"550",550,2738,"31,5",1,16,1,5
"551",551,2739,"52,4",1,1,2,10
"552",552,2742,"27,7",2,15,0,5
"553",553,2743,"50,7",2,5,2,6
"554",554,2744,"29,2",1,13,0,6
"555",555,2745,"29,3",2,4,0,2
"556",556,2746,"32,4",2,2,1,4
"557",557,2748,"32,4",2,5,1,2
"558",558,2749,"25,8",2,7,0,5
"559",559,2751,"38,5",2,19,1,7
"560",560,2752,"26,5",1,11,0,3
"561",561,2754,"30,7",2,9,0,4
"562",562,2755,"50,7",2,6,2,9
"563",563,2757,"69,7",1,9,3,15
"564",564,2758,"31,5",1,10,1,5
"565",565,2768,"27,7",2,11,0,5
"566",566,2769,"54,7",2,1,2,9
"567",567,2770,"63,2",2,4,3,10
"568",568,2771,"54,5",2,9,2,8
"569",569,2773,"63,5",1,22,3,13
"570",570,2774,"83,7",1,26,4,18
"571",571,2776,"84,7",1,1,4,20
"572",572,2777,"64,2",2,20,3,13
"573",573,2778,"26,4",2,13,0,6
"574",574,2779,"33,1",1,13,1,5
"575",575,2780,"29,4",2,13,0,2
"576",576,2781,"18,5",2,16,0,1
"577",577,2783,"47,8545127651924",2,6,2,7
"578",578,2784,"25,3",2,14,0,2
"579",579,2785,"27,5",1,6,0,2
"580",580,2786,"26,9",1,13,0,4
"581",581,2787,"37,5",1,9,1,5
"582",582,2788,"17,1",2,9,0,2
"583",583,2789,"84,2",1,12,4,22
"584",584,2790,"36,9",2,7,1,10
"585",585,2792,"38,4",2,5,1,4
"586",586,2793,"26,7",2,18,0,3
"587",587,2794,"32,4",2,19,1,4
"588",588,2795,"31,2",2,17,0,4
"589",589,2796,"60,5",1,17,2,10
"590",590,2797,"50,7",1,7,2,10
"591",591,2798,"73,2",2,4,3,19
"592",592,2799,"63,5",1,13,3,15
"593",593,2800,"35,2",2,10,1,5
"594",594,2801,"53,4",1,23,2,9
"595",595,2802,"42,3",1,18,1,7
"596",596,2803,"29,3",2,16,0,3
"597",597,2804,"74,4",2,9,3,16
"598",598,2806,"22,6",2,12,0,2
"599",599,2807,"73,2",2,13,3,34
"600",600,2808,"38,2",1,19,1,5
"601",601,2809,"37,3",1,9,1,5
"602",602,2810,"47,8545127651924",2,19,2,2
"603",603,2811,"63,2",1,4,3,20
"604",604,2812,"36,9",2,4,1,6
"605",605,2813,"47,8545127651924",2,13,2,1
"606",606,2814,"72",2,6,3,15
"607",607,2815,"50,7",2,11,2,8
"608",608,2816,"37,3",2,13,1,5
"609",609,2817,"31,3",2,11,1,3
"610",610,2818,"38,9",2,2,1,5
"611",611,2819,"78,5",2,10,4,14
"612",612,2820,"33,3",2,18,1,4
"613",613,2828,"83,7",1,19,4,22
"614",614,2830,"63,5",2,9,3,13
"615",615,2835,"63,5",1,4,3,13
"616",616,2836,"40,2",2,7,1,4
"617",617,2837,"22,9",2,12,0,3
"618",618,2838,"47,8",1,3,2,7
"619",619,2839,"35,1",1,14,1,3
"620",620,2840,"38,4",1,1,1,5
"621",621,2841,"63,5",2,7,3,3
"622",622,2843,"61,9",2,17,2,13
"623",623,2844,"86,5",1,18,4,20
"624",624,2846,"52,3",1,12,2,5
"625",625,2847,"51",1,17,2,6
"626",626,2848,"28,4",2,9,0,3
"627",627,2851,"78,5",2,13,4,16
"628",628,2853,"30,8",2,4,1,5
"629",629,2857,"37,2",1,10,1,5
"630",630,2858,"42,4",1,16,2,4
"631",631,2859,"64,2",2,10,3,11
"632",632,2860,"25,8",1,2,0,2
"633",633,2864,"33,3",2,11,1,7
"634",634,2865,"34,3",1,7,1,4
"635",635,2866,"30,8",2,1,0,5
"636",636,2867,"28,6",1,5,0,2
"637",637,2868,"37,7",2,6,1,6
"638",638,2870,"73,2",2,8,3,27
"639",639,2871,"21,2",2,9,0,1
"640",640,2872,"80,3",2,6,4,30
"641",641,2874,"29,3",2,3,0,4
"642",642,2875,"87,9",1,2,4,23
"643",643,2880,"49,9",2,17,2,4
"644",644,2881,"38,9",1,6,1,6
"645",645,2882,"39,4",1,0,1,17
"646",646,2883,"76,4",1,4,3,16
"647",647,2884,"48,5",1,13,2,7
"648",648,2885,"26,4",2,11,0,5
"649",649,2886,"42,2",1,3,1,11
"650",650,2889,"52,5",1,6,2,5
"651",651,2890,"62,2",2,17,2,16
"652",652,2891,"50,5",2,10,2,8
"653",653,2895,"47,8545127651924",2,13,2,9
"654",654,2896,"28,4",1,12,0,4
"655",655,2903,"68,1",1,2,3,16
"656",656,2904,"32,4",2,15,1,4
"657",657,62,"33,1",2,15,1,7
"658",658,74,"36,5",2,16,1,9
"659",659,75,"47,8545127651924",2,20,2,7
"660",660,76,"47,8545127651924",2,12,2,4
"661",661,77,"69,2",2,10,3,27
"662",662,119,"33,6",2,22,1,13
"663",663,120,"80,3",2,13,4,24
"664",664,121,"38,4",2,11,1,5
"665",665,122,"53,7",1,1,2,4
"666",666,126,"62,5",2,15,3,13
"667",667,135,"92,3",1,12,4,37
"668",668,136,"49,9",1,14,2,7
"669",669,137,"36,5",2,16,1,5
"670",670,138,"33,1",2,6,1,3
"671",671,139,"50,3",2,9,2,9
"672",672,141,"36,5",2,10,1,6
"673",673,142,"36,2",1,11,1,5
"674",674,143,"22,7",2,4,0,1
"675",675,144,"48,5",2,24,2,2
"676",676,145,"33,1",1,8,1,5
"677",677,146,"50,5",2,9,2,10
"678",678,147,"33,1",2,12,1,9
"679",679,148,"60,5",1,13,2,13
"680",680,149,"30,7",1,9,0,5
"681",681,178,"74,4",1,23,3,29
"682",682,179,"63,5",1,0,3,13
"683",683,180,"63,5",1,16,2,16
"684",684,187,"52,5",2,7,2,12
"685",685,188,"73,2",2,11,3,20
"686",686,204,"38,4",2,27,1,6
"687",687,207,"86,5",1,11,4,22
"688",688,210,"33,6",1,13,1,6
"689",689,2393,"63,5",1,6,3,19
"690",690,2395,"26,7",2,2,0,4
"691",691,2401,"22,7",1,9,0,2
"692",692,2402,"35,1",1,2,1,4
"693",693,2454,"62",2,1,2,15
"694",694,2455,"26,7",1,2,0,3
"695",695,2456,"31,5",1,17,1,4
"696",696,2457,"63,5",1,14,3,13
"697",697,2460,"29,2",2,7,0,4
"698",698,2473,"27,5",2,17,0,5
"699",699,2481,"38,4",2,8,1,6
"700",700,2484,"45,9",1,4,2,13
"701",701,2487,"48,5",1,3,2,4
"702",702,2488,"46,1",2,5,2,7
"703",703,2489,"29",2,6,0,2
"704",704,2490,"34,6",2,1,1,2
"705",705,2491,"76,4",1,12,3,18
"706",706,2492,"43,3",1,14,2,9
"707",707,2535,"58,3",2,18,2,8
"708",708,2536,"32,4",2,11,1,4
"709",709,2563,"63,5",2,24,3,9
"710",710,2564,"47,8545127651924",2,20,2,4
"711",711,2570,"36,5",1,14,1,2
"712",712,2571,"33,6",2,14,1,5
"713",713,2593,"44,7",1,8,2,23
"714",714,2594,"47,8545127651924",2,12,2,2
"715",715,2595,"33,1",2,16,1,4
"716",716,2614,"33,1",2,2,1,5
"717",717,2615,"38,4",1,2,1,5
"718",718,2616,"32,3",1,13,1,2
"719",719,2618,"30,8",2,1,1,4
"720",720,2622,"47,8545127651924",2,11,2,3
"721",721,2623,"22,5",2,12,0,2
"722",722,2624,"22,5",2,9,0,3
"723",723,2626,"33,9",2,0,1,6
"724",724,2710,"57,1",2,3,2,17
"725",725,2713,"38,9",1,18,1,3
"726",726,2718,"27,2",2,15,0,2
"727",727,2750,"50,7",1,16,2,6
"728",728,2760,"78,5",2,10,4,23
"729",729,2761,"74,9",2,26,3,17
"730",730,2762,"47,8545127651924",2,11,2,3
"731",731,2766,"38",2,5,1,6
"732",732,2767,"48,6",2,25,2,8
"733",733,2823,"76,3",1,0,3,13
"734",734,2824,"38,2",1,11,1,14
"735",735,2825,"36,5",2,14,1,6
"736",736,2826,"80,3",2,28,4,24
"737",737,2829,"82,7",1,17,4,25
"738",738,2849,"47,8545127651924",2,6,2,9
"739",739,2850,"38",2,6,1,6
"740",740,2852,"37,3",1,8,1,3
"741",741,2861,"63,5",1,10,3,20
"742",742,2862,"56,5",1,22,2,9
"743",743,2876,"62,5",2,4,2,21
"744",744,2877,"33,1",2,6,1,4
"745",745,2878,"39,7",1,10,1,4
"746",746,19,"17,1",1,4,0,2
"747",747,22,"27,5",2,6,0,2
"748",748,27,"53,7",2,3,2,11
"749",749,61,"28,6",1,14,1,5
"750",750,64,"38,9",2,15,1,5
"751",751,65,"63,5",1,5,3,16
"752",752,66,"38",2,4,1,10
"753",753,67,"28,6",1,11,0,9
"754",754,68,"47,8545127651924",2,17,2,5
"755",755,69,"38",2,3,1,7
"756",756,70,"36,5",2,11,1,6
"757",757,71,"29,3",2,11,0,3
"758",758,72,"81",1,16,4,18
"759",759,79,"28,4",1,0,0,1
"760",760,80,"38",2,6,1,6
"761",761,81,"69,2",1,7,3,18
"762",762,82,"29,3",2,15,0,4
"763",763,83,"50,5",2,18,2,11
"764",764,89,"76,4",1,13,3,20
"765",765,94,"52,5",1,1,2,9
"766",766,96,"64,1",1,13,3,12
"767",767,106,"47,8545127651924",2,16,2,3
"768",768,107,"29,2",1,10,0,2
"769",769,108,"28,6",1,6,0,1
"770",770,110,"29,3",2,9,0,3
"771",771,111,"47,8545127651924",2,7,2,6
"772",772,112,"48,9",2,14,2,6
"773",773,113,"22,5",2,2,0,6
"774",774,115,"29,3",2,8,0,5
"775",775,116,"38,9",2,4,1,6
"776",776,117,"28,4",2,18,0,2
"777",777,118,"87",1,8,4,20
"778",778,130,"70,5",2,27,3,17
"779",779,132,"37,6",2,14,1,4
"780",780,140,"31,4",2,14,1,10
"781",781,150,"38,1",1,16,1,7
"782",782,157,"28,4",1,13,0,3
"783",783,165,"63,5",1,12,2,6
"784",784,166,"32",1,10,1,5
"785",785,176,"38,4",2,9,1,5
"786",786,177,"38,2",1,4,1,6
"787",787,182,"28,6",1,11,0,4
"788",788,183,"83,7",2,2,4,18
"789",789,185,"34,2",1,9,1,8
"790",790,186,"73,3",2,9,3,18
"791",791,191,"37,4",2,16,1,7
"792",792,200,"32,3",1,6,1,7
"793",793,203,"50,5",2,28,2,4
"794",794,205,"33,9",1,6,1,10
"795",795,206,"51,9",2,18,2,8
"796",796,209,"28,6",1,21,0,3
"797",797,216,"63,5",2,5,2,16
"798",798,220,"63,5",2,9,2,7
"799",799,227,"72,5",1,9,3,15
"800",800,238,"78,5",2,25,4,17
"801",801,251,"50,5",2,4,2,4
"802",802,258,"67",2,20,3,17
"803",803,259,"67",2,13,3,23
"804",804,302,"48,9",1,13,2,9
"805",805,2310,"36,5",1,8,1,5
"806",806,2313,"48,6",2,14,2,10
"807",807,2317,"28,2",2,10,0,5
"808",808,2319,"69,2",2,18,3,10
"809",809,2332,"38,2",1,12,1,5
"810",810,2340,"31,5",1,12,1,1
"811",811,2359,"28,4",1,10,0,4
"812",812,2371,"36,5",2,3,1,8
"813",813,2372,"37,3",1,14,1,3
"814",814,2392,"73,2",2,5,3,19
"815",815,2394,"29,3",2,7,0,7
"816",816,2397,"32,3",1,3,1,7
"817",817,2398,"37,3",1,12,1,6
"818",818,2399,"30,8",1,8,1,5
"819",819,2407,"78,5",2,18,4,24
"820",820,2420,"29,2",1,9,0,5
"821",821,2430,"96",1,4,4,26
"822",822,2431,"77,8",2,15,3,24
"823",823,2440,"80,3",1,6,4,12
"824",824,2443,"33,1",2,7,1,5
"825",825,2447,"69,7",1,5,3,15
"826",826,2450,"22,9",1,8,0,1
"827",827,2453,"33,1",2,3,1,3
"828",828,2459,"26,7",1,5,0,6
"829",829,2466,"26,7",2,14,0,4
"830",830,2468,"63,5",2,7,3,27
"831",831,2475,"38,9",1,8,1,6
"832",832,2479,"26,4",2,9,0,10
"833",833,2480,"38,9",2,15,1,7
"834",834,2482,"29,3",1,9,1,2
"835",835,2486,"73,2",1,16,3,26
"836",836,2499,"32",2,4,1,5
"837",837,2520,"38",2,29,1,5
"838",838,2523,"38,2",1,3,1,7
"839",839,2534,"80,3",1,8,4,18
"840",840,2541,"73,2",2,11,3,14
"841",841,2547,"28,6",1,2,0,5
"842",842,2554,"43,7",2,2,2,6
"843",843,2559,"18,5",1,9,0,2
"844",844,2562,"47,8545127651924",2,25,2,3
"845",845,2565,"24,2",1,7,0,2
"846",846,2566,"29,3",2,11,0,2
"847",847,2569,"37,3",1,10,1,2
"848",848,2578,"29",1,7,0,5
"849",849,2581,"47,8545127651924",2,14,2,5
"850",850,2586,"63,5",1,21,3,12
"851",851,2592,"47,8545127651924",2,2,2,3
"852",852,2597,"36,5",1,10,1,14
"853",853,2598,"26,4",2,16,0,4
"854",854,2600,"27,5",2,17,0,3
"855",855,2601,"38",2,11,1,7
"856",856,2602,"53,3",2,19,2,5
"857",857,2603,"53,4",1,7,2,5
"858",858,2604,"29,2",1,15,0,6
"859",859,2605,"63,5",1,18,2,9
"860",860,2606,"38,4",2,17,1,5
"861",861,2607,"80",1,15,4,21
"862",862,2608,"53,7",1,6,2,17
"863",863,2610,"78,5",2,4,4,24
"864",864,2613,"48,5",2,12,2,7
"865",865,2619,"33,6",2,16,1,5
"866",866,2621,"28,4",1,6,0,1
"867",867,2625,"78,5",1,2,4,18
"868",868,2631,"38,4",2,19,1,4
"869",869,2642,"80,3",2,3,4,18
"870",870,2645,"50,7",2,5,2,7
"871",871,2649,"29,4",2,13,0,5
"872",872,2659,"47,8545127651924",2,7,2,2
"873",873,2670,"36,5",2,8,1,7
"874",874,2673,"78,5",2,19,4,20
"875",875,2678,"36,5",2,1,1,5
"876",876,2700,"50,7",1,22,2,9
"877",877,2703,"26,5",2,8,0,5
"878",878,2706,"25,8",2,11,0,5
"879",879,2707,"48,5",1,7,2,6
"880",880,2708,"21,2",2,7,0,1
"881",881,2712,"38,9",2,7,1,4
"882",882,2717,"38,4",2,8,1,6
"883",883,2721,"37,7",2,6,1,6
"884",884,2723,"78,5",2,11,4,19
"885",885,2724,"26,4",2,17,0,4
"886",886,2727,"62",1,2,2,14
"887",887,2733,"33,1",2,7,1,5
"888",888,2740,"38",2,14,1,5
"889",889,2741,"38,2",1,15,1,6
"890",890,2753,"56,6",2,14,2,8
"891",891,2756,"80,3",2,15,4,22
"892",892,2759,"36,5",1,14,1,6
"893",893,2763,"36,5",1,6,1,2
"894",894,2764,"47,8545127651924",2,1,2,10
"895",895,2765,"47,8545127651924",2,12,2,14
"896",896,2772,"26,4",2,8,0,4
"897",897,2775,"30,7",2,16,0,2
"898",898,2782,"28,4",1,15,0,3
"899",899,2805,"22,6",2,6,0,6
"900",900,2821,"33,1",2,7,1,3
"901",901,2822,"69,2",2,3,3,16
"902",902,2827,"51",1,30,2,8
"903",903,2831,"73,2",1,10,3,37
"904",904,2832,"43,3",1,14,1,5
"905",905,2833,"31,9",1,19,1,5
"906",906,2834,"64,2",1,7,3,14
"907",907,2842,"38,7",2,10,1,3
"908",908,2845,"32,4",2,14,1,4
"909",909,2855,"37,4",1,5,1,4
"910",910,2856,"29,3",2,1,0,2
"911",911,2863,"38,9",2,3,1,6
"912",912,2869,"47,8545127651924",2,15,2,7
"913",913,2873,"92,3",1,26,4,30
"914",914,2879,"69,7",2,7,3,18
"915",915,2888,"54,5",1,3,2,8
"916",916,2892,"33,1",2,12,1,7
"917",917,2893,"38,1",1,16,1,6
"918",918,2894,"74,4",2,21,3,12
"919",919,2901,"38,4",2,9,1,6
"920",920,2,"38,9",1,16,1,8
"921",921,3,"35,1",1,12,1,9
"922",922,101,"29,4",1,16,0,4
"923",923,240,"78,5",1,14,4,17
"924",924,241,"60,6",1,9,2,5
"925",925,280,"74,4",2,7,3,19
"926",926,304,"37,3",2,15,1,4
"927",927,305,"36,5",2,18,1,5
"928",928,306,"60,6",2,6,2,26
"929",929,307,"38,4",2,6,1,3
"930",930,308,"39,6",2,1,1,6
"931",931,309,"32",1,7,1,4
"932",932,310,"50,7",1,23,2,24
"933",933,312,"54,2",2,7,2,7
"934",934,313,"36,9",2,6,1,9
"935",935,314,"47,8545127651924",2,5,2,6
"936",936,315,"47,8545127651924",2,17,2,4
"937",937,316,"47,8545127651924",2,11,2,10
"938",938,317,"38,9",2,8,1,7
"939",939,318,"38,2",1,14,1,5
"940",940,319,"30,1",1,21,0,3
"941",941,320,"68,1",2,30,3,14
"942",942,321,"33,9",2,17,1,2
"943",943,322,"50,7",1,14,2,11
"944",944,323,"38",2,20,1,6
"945",945,324,"48,9",1,11,2,21
"946",946,325,"78,5",2,1,4,10
"947",947,326,"50,7",2,17,2,16
"948",948,327,"54,2",1,15,2,4
"949",949,328,"63,5",2,3,3,15
"950",950,329,"32,1",1,13,1,3
"951",951,330,"50,7",2,18,2,4
"952",952,332,"36,1",2,15,1,5
"953",953,333,"76,4",2,3,3,22
"954",954,334,"29",2,10,0,5
"955",955,335,"48,5",1,15,2,8
"956",956,336,"36,5",1,6,1,6
"957",957,337,"32,7",1,7,1,4
"958",958,338,"28,4",1,18,0,4
"959",959,339,"31,2",1,13,1,12
"960",960,340,"50,7",1,20,2,22
"961",961,341,"50,5",1,11,2,13
"962",962,342,"47,8545127651924",1,6,2,6
"963",963,343,"29",2,13,0,5
"964",964,344,"29,2",1,9,0,2
"965",965,345,"54,7",2,19,2,7
"966",966,346,"22,7",2,6,0,2
"967",967,348,"33,1",2,17,1,5
"968",968,349,"17,1",2,12,0,2
"969",969,351,"47,8545127651924",2,20,2,7
"970",970,352,"85,1",1,16,4,27
"971",971,353,"33,9",2,13,1,7
"972",972,354,"36,5",2,8,1,3
"973",973,355,"47,8545127651924",2,10,2,3
"974",974,356,"54,5",2,22,2,11
"975",975,357,"22,5",2,5,0,1
"976",976,358,"26,4",2,3,0,3
"977",977,359,"22,7",2,7,0,2
"978",978,360,"21,2",2,11,0,3
"979",979,361,"42,3",2,13,1,2
"980",980,362,"32,4",2,8,1,6
"981",981,363,"43,2",1,15,1,6
"982",982,364,"28,4",1,5,0,4
"983",983,365,"73,2",2,9,3,21
"984",984,367,"40,1",2,15,1,4
"985",985,368,"86,6",1,5,4,24
"986",986,369,"69,2",2,6,3,16
"987",987,370,"36,5",2,1,1,7
"988",988,371,"83,7",1,22,4,20
"989",989,372,"69,2",1,24,3,24
"990",990,373,"78,5",2,18,4,28
"991",991,374,"57,1",2,15,2,10
"992",992,376,"38,9",2,13,1,15
"993",993,377,"50,7",1,13,2,8
"994",994,380,"37,3",2,28,1,4
"995",995,381,"83,7",1,9,4,26
"996",996,382,"51,9",2,2,2,16
"997",997,383,"80,3",1,19,4,21
"998",998,384,"35,1",1,11,1,5
"999",999,390,"60,5",1,8,2,29
"1000",1000,391,"29,2",1,9,0,5
"1001",1001,392,"37,8",1,6,1,5
"1002",1002,394,"57,1",1,12,2,8
"1003",1003,395,"27,2",1,0,0,2
"1004",1004,398,"29,5",1,5,0,5
"1005",1005,399,"69,2",2,2,3,12
"1006",1006,400,"21,3",2,2,0,1
"1007",1007,401,"32",2,19,1,10
"1008",1008,402,"38,9",2,5,1,6
"1009",1009,403,"32,3",1,7,1,6
"1010",1010,404,"29,4",2,1,0,2
"1011",1011,405,"68,8",2,19,3,15
"1012",1012,406,"32,7",2,10,1,5
"1013",1013,407,"63,5",1,29,2,13
"1014",1014,408,"59",1,13,2,15
"1015",1015,409,"44,2",2,14,2,13
"1016",1016,410,"36,5",2,5,1,5
"1017",1017,411,"28,4",2,9,0,2
"1018",1018,412,"47,8545127651924",2,20,2,4
"1019",1019,413,"56,6",2,1,2,15
"1020",1020,416,"67",2,8,3,12
"1021",1021,417,"53,2",1,10,2,26
"1022",1022,419,"63,5",1,13,2,15
"1023",1023,420,"68,8",1,13,3,24
"1024",1024,421,"76,4",1,15,3,20
"1025",1025,422,"34,3",1,11,1,15
"1026",1026,423,"74,4",2,13,3,23
"1027",1027,424,"67",1,3,3,14
"1028",1028,425,"86,5",1,5,4,15
"1029",1029,427,"35,4",1,22,1,5
"1030",1030,428,"46,8",2,6,2,4
"1031",1031,429,"60,5",1,8,2,4
"1032",1032,430,"31,4",1,12,1,11
"1033",1033,431,"38,1",1,11,1,6
"1034",1034,432,"35,1",2,5,1,2
"1035",1035,433,"50,7",2,9,2,8
"1036",1036,435,"33,1",1,1,1,8
"1037",1037,436,"28,4",2,3,0,13
"1038",1038,438,"26,4",1,4,0,14
"1039",1039,440,"47,8545127651924",2,13,2,4
"1040",1040,441,"33,9",2,9,1,5
"1041",1041,442,"85,1",1,15,4,18
"1042",1042,443,"28,6",1,9,0,5
"1043",1043,444,"38,4",2,13,1,2
"1044",1044,445,"31,5",1,1,0,2
"1045",1045,446,"51,9",2,20,2,7
"1046",1046,447,"63,5",2,14,2,15
"1047",1047,448,"78,5",2,9,4,22
"1048",1048,449,"59,1",1,0,2,13
"1049",1049,450,"34,4",2,5,1,12
"1050",1050,451,"63,5",1,17,3,11
"1051",1051,452,"34,2",1,13,1,7
"1052",1052,453,"78,5",1,15,4,14
"1053",1053,455,"76,4",2,8,3,14
"1054",1054,456,"39,4",2,13,1,6
"1055",1055,457,"73,2",2,13,3,13
"1056",1056,458,"45,9",1,14,2,8
"1057",1057,459,"25,5",2,13,0,2
"1058",1058,460,"28,4",1,4,0,3
"1059",1059,461,"29,3",2,4,0,4
"1060",1060,462,"28,4",1,13,0,2
"1061",1061,463,"47,8545127651924",2,11,2,4
"1062",1062,464,"83,7",1,14,4,33
"1063",1063,465,"86,6",1,15,4,22
"1064",1064,467,"83,7",2,7,4,18
"1065",1065,469,"31,4",2,12,1,5
"1066",1066,470,"69,2",2,4,3,18
"1067",1067,471,"50,7",2,7,2,7
"1068",1068,472,"31,4",2,11,0,3
"1069",1069,474,"53,9",1,13,2,7
"1070",1070,476,"36,4",1,20,1,5
"1071",1071,477,"37,8",1,12,1,8
"1072",1072,479,"29,2",1,14,0,5
"1073",1073,480,"32,3",1,10,1,3
"1074",1074,481,"66,1",2,19,3,4
"1075",1075,483,"32,4",2,6,1,5
"1076",1076,484,"53,9",1,14,2,10
"1077",1077,485,"36,5",2,10,1,6
"1078",1078,486,"81,9",2,7,4,28
"1079",1079,487,"34,4",2,7,1,7
"1080",1080,488,"45,2",1,10,2,7
"1081",1081,489,"38,9",2,20,1,10
"1082",1082,490,"74,4",2,6,3,20
"1083",1083,491,"78,5",2,7,4,22
"1084",1084,492,"29",1,5,1,2
"1085",1085,493,"47,8545127651924",2,7,2,4
"1086",1086,494,"33,2",1,9,1,2
"1087",1087,495,"63,9",1,15,3,14
"1088",1088,496,"43,7",2,7,2,6
"1089",1089,497,"63,5",2,12,3,17
"1090",1090,498,"43,3",1,7,2,3
"1091",1091,499,"22,6",2,8,0,1
"1092",1092,500,"17,1",2,10,0,1
"1093",1093,501,"86,5",2,17,4,15
"1094",1094,502,"27,5",2,6,0,2
"1095",1095,503,"31,2",2,14,0,2
"1096",1096,504,"53,3",2,18,2,8
"1097",1097,505,"31,4",2,5,1,6
"1098",1098,506,"28,4",2,4,0,6
"1099",1099,507,"63,5",2,10,3,14
"1100",1100,508,"23,3",2,7,0,2
"1101",1101,511,"69,7",2,5,3,17
"1102",1102,512,"29,2",1,7,0,4
"1103",1103,514,"88,8",2,7,4,26
"1104",1104,515,"37,9",2,10,1,5
"1105",1105,517,"33,2",1,7,1,6
"1106",1106,518,"19,4",2,8,0,4
"1107",1107,519,"86,6",1,15,4,18
"1108",1108,520,"35,4",2,17,1,4
"1109",1109,522,"50,5",2,14,2,7
"1110",1110,523,"39,4",2,5,1,6
"1111",1111,524,"47,8545127651924",2,3,2,4
"1112",1112,525,"30,1",1,20,0,5
"1113",1113,526,"86,8",1,2,4,23
"1114",1114,527,"63,5",2,0,3,5
"1115",1115,528,"86,6",1,9,4,16
"1116",1116,530,"50,7",1,22,2,10
"1117",1117,531,"31,5",1,13,1,3
"1118",1118,532,"50,7",2,6,2,17
"1119",1119,533,"26,7",2,7,0,2
"1120",1120,534,"37,4",2,11,1,3
"1121",1121,535,"56,6",2,4,2,9
"1122",1122,536,"67",2,5,3,13
"1123",1123,537,"78,5",2,3,4,20
"1124",1124,538,"63,5",1,5,3,18
"1125",1125,539,"82,7",1,10,4,20
"1126",1126,541,"37,4",1,13,1,6
"1127",1127,542,"34,4",2,4,1,7
"1128",1128,544,"58,3",2,1,2,8
"1129",1129,545,"76,4",2,10,3,15
"1130",1130,546,"42,2",1,7,1,3
"1131",1131,547,"80,9",2,2,4,19
"1132",1132,549,"61,9",2,5,3,14
"1133",1133,564,"63,5",1,14,3,12
"1134",1134,571,"45,9",1,12,2,5
"1135",1135,572,"38,9",2,8,1,6
"1136",1136,573,"83,7",1,3,4,30
"1137",1137,575,"87,4",1,3,4,32
"1138",1138,577,"33,3",1,11,1,5
"1139",1139,578,"63,5",1,3,3,14
"1140",1140,579,"97,2",2,9,4,26
"1141",1141,580,"50,5",2,10,2,13
"1142",1142,581,"45,4",2,6,2,6
"1143",1143,582,"38,4",2,2,1,10
"1144",1144,584,"33,1",2,13,1,10
"1145",1145,585,"47,8545127651924",2,2,2,6
"1146",1146,586,"63,5",2,6,2,14
"1147",1147,587,"35,1",1,2,1,4
"1148",1148,588,"29,2",2,3,0,4
"1149",1149,589,"65,8",1,8,3,18
"1150",1150,590,"64,8",2,19,3,13
"1151",1151,591,"38,9",1,2,1,8
"1152",1152,592,"78,5",2,6,4,26
"1153",1153,593,"38,9",1,7,1,8
"1154",1154,594,"50,7",2,4,2,7
"1155",1155,595,"65,8",2,13,3,17
"1156",1156,596,"26,7",2,10,0,3
"1157",1157,597,"48,6",1,8,2,10
"1158",1158,598,"32,3",1,15,1,5
"1159",1159,599,"63,5",1,31,3,25
"1160",1160,600,"63,5",2,4,3,11
"1161",1161,601,"63,5",1,3,3,16
"1162",1162,602,"38,2",1,8,1,16
"1163",1163,603,"73,9",1,4,3,21
"1164",1164,604,"30,7",1,13,1,4
"1165",1165,606,"65,2",2,17,3,15
"1166",1166,607,"38,9",1,11,1,8
"1167",1167,608,"57,1",2,6,2,10
"1168",1168,609,"50,5",2,6,2,9
"1169",1169,610,"76,4",1,6,3,32
"1170",1170,611,"83,7",2,9,4,17
"1171",1171,612,"63,5",2,3,3,12
"1172",1172,613,"50,7",2,12,2,15
"1173",1173,614,"83,7",2,17,4,23
"1174",1174,615,"38,4",2,4,1,4
"1175",1175,618,"38,4",2,6,1,8
"1176",1176,626,"63,5",1,0,3,8
"1177",1177,639,"61,9",2,3,2,19
"1178",1178,640,"84",1,9,4,23
"1179",1179,647,"35,4",2,16,1,7
"1180",1180,648,"82,7",1,23,4,18
"1181",1181,649,"32,3",1,1,1,4
"1182",1182,650,"50,7",2,5,2,11
"1183",1183,655,"87,9",1,10,4,24
"1184",1184,659,"38,9",1,16,1,5
"1185",1185,670,"51",1,9,2,8
"1186",1186,671,"63,5",1,18,3,15
"1187",1187,672,"63,2",2,8,2,17
"1188",1188,673,"85,1",2,21,4,26
"1189",1189,682,"38,4",2,7,1,2
"1190",1190,697,"26,4",1,8,0,2
"1191",1191,699,"47,8545127651924",2,11,2,10
"1192",1192,700,"83,7",1,12,4,18
"1193",1193,703,"29,2",1,11,0,3
"1194",1194,704,"38,4",2,2,1,5
"1195",1195,705,"38,4",2,4,1,5
"1196",1196,706,"63,5",2,24,2,14
"1197",1197,710,"60,6",2,2,2,10
"1198",1198,723,"38",2,15,1,5
"1199",1199,724,"68,1",2,16,3,18
"1200",1200,726,"50,7",1,4,2,7
"1201",1201,731,"28,4",1,8,0,5
"1202",1202,737,"38,9",2,7,1,7
"1203",1203,739,"63,5",1,1,3,19
"1204",1204,740,"63,5",2,17,3,13
"1205",1205,742,"63,5",1,5,3,18
"1206",1206,743,"47,8545127651924",2,25,2,8
"1207",1207,744,"73,6",1,7,3,17
"1208",1208,746,"63,5",1,17,2,12
"1209",1209,747,"37,6",1,8,1,8
"1210",1210,748,"63,5",1,0,3,11
"1211",1211,749,"63,2",1,8,2,13
"1212",1212,750,"29",2,20,0,3
"1213",1213,751,"32,3",1,12,1,9
"1214",1214,752,"36,5",2,13,1,5
"1215",1215,753,"34,2",1,4,1,6
"1216",1216,754,"86,5",1,13,4,15
"1217",1217,761,"63,5",1,9,2,19
"1218",1218,766,"47,8545127651924",1,13,2,8
"1219",1219,767,"28,4",2,8,0,2
"1220",1220,772,"47,8545127651924",2,5,2,9
"1221",1221,773,"60,5",1,7,2,30
"1222",1222,775,"33,1",2,11,1,3
"1223",1223,776,"35,4",2,18,1,4
"1224",1224,777,"64,1",1,11,3,18
"1225",1225,778,"43,7",2,12,2,13
"1226",1226,779,"38,2",1,12,1,5
"1227",1227,780,"88,8",1,12,4,22
"1228",1228,781,"37,4",1,13,1,4
"1229",1229,782,"63,5",2,10,3,21
"1230",1230,783,"88,3",2,20,4,25
"1231",1231,784,"80",1,16,4,20
"1232",1232,785,"76,4",2,20,3,33
"1233",1233,786,"38,4",2,5,1,7
"1234",1234,787,"38,4",2,0,1,6
"1235",1235,788,"21,2",2,12,0,3
"1236",1236,790,"44,8",1,23,2,2
"1237",1237,791,"29",2,14,0,1
"1238",1238,793,"29,2",2,4,0,2
"1239",1239,794,"59,1",1,11,2,11
"1240",1240,795,"38,4",2,13,1,6
"1241",1241,796,"32,4",2,3,1,3
"1242",1242,797,"28,6",2,13,0,2
"1243",1243,798,"63,5",1,7,3,14
"1244",1244,800,"32,4",2,9,1,3
"1245",1245,801,"73,2",2,5,3,41
"1246",1246,802,"27,5",1,3,0,13
"1247",1247,803,"73,2",2,8,3,18
"1248",1248,804,"69,7",1,14,3,13
"1249",1249,805,"34,2",1,8,1,6
"1250",1250,806,"34,3",2,16,1,5
"1251",1251,807,"28,4",1,12,0,2
"1252",1252,808,"28,4",2,10,0,3
"1253",1253,809,"64,8",2,14,3,23
"1254",1254,810,"29,3",2,12,0,2
"1255",1255,811,"29,3",2,12,0,4
"1256",1256,812,"32,3",1,8,1,4
"1257",1257,813,"21,2",2,7,0,3
"1258",1258,814,"30,8",2,12,1,3
"1259",1259,815,"62,1",1,7,2,16
"1260",1260,817,"63,5",1,18,3,9
"1261",1261,820,"50,7",2,30,2,8
"1262",1262,821,"39",2,14,1,7
"1263",1263,822,"29",2,22,0,5
"1264",1264,823,"28,4",1,17,0,5
"1265",1265,824,"50,7",1,6,2,4
"1266",1266,825,"21,2",2,10,0,2
"1267",1267,826,"47,8545127651924",1,19,2,3
"1268",1268,827,"73,2",2,13,3,18
"1269",1269,828,"29,4",2,18,0,4
"1270",1270,829,"48,5",2,5,2,9
"1271",1271,830,"78,5",2,14,4,22
"1272",1272,831,"73,3",1,10,3,16
"1273",1273,832,"37,7",2,13,1,5
"1274",1274,833,"27,7",2,1,0,4
"1275",1275,834,"53,3",2,12,2,7
"1276",1276,835,"65,8",2,20,3,16
"1277",1277,836,"60,6",1,15,2,15
"1278",1278,838,"39",2,7,1,2
"1279",1279,839,"48,5",1,21,2,6
"1280",1280,840,"73,3",2,7,3,12
"1281",1281,841,"76,4",1,18,3,18
"1282",1282,842,"37,9",1,10,1,4
"1283",1283,843,"31,4",2,10,1,4
"1284",1284,844,"32,3",1,17,1,6
"1285",1285,845,"81",2,24,4,32
"1286",1286,868,"63,5",2,26,3,15
"1287",1287,874,"64,2",2,17,3,15
"1288",1288,875,"63,5",1,14,3,17
"1289",1289,893,"63,5",1,21,3,13
"1290",1290,894,"41,1",1,8,1,5
"1291",1291,895,"35,4",2,3,1,15
"1292",1292,897,"33,1",1,6,1,3
"1293",1293,898,"28,4",1,8,0,3
"1294",1294,899,"32,3",1,9,1,7
"1295",1295,900,"27,5",1,5,0,2
"1296",1296,902,"33,1",1,5,1,5
"1297",1297,903,"64,8",2,8,3,19
"1298",1298,904,"47,8545127651924",2,11,2,14
"1299",1299,905,"37,9",1,18,1,5
"1300",1300,906,"47,8545127651924",2,15,2,8
"1301",1301,907,"20,1",1,5,0,2
"1302",1302,908,"34,2",1,11,1,7
"1303",1303,909,"36,4",1,3,1,5
"1304",1304,910,"27,9",1,8,0,3
"1305",1305,911,"76,4",2,1,3,28
"1306",1306,912,"87,9",1,21,4,35
"1307",1307,913,"30,8",2,12,1,4
"1308",1308,914,"63,5",1,16,3,22
"1309",1309,915,"29,3",2,18,0,4
"1310",1310,916,"37,4",1,5,1,3
"1311",1311,917,"83,9",1,13,4,20
"1312",1312,920,"82,7",2,4,4,29
"1313",1313,921,"97,2",1,15,4,41
"1314",1314,922,"92,3",1,4,4,28
"1315",1315,923,"78,5",2,13,3,30
"1316",1316,924,"31,3",1,9,1,5
"1317",1317,925,"62,5",1,25,2,13
"1318",1318,926,"29,3",2,11,0,4
"1319",1319,927,"29,3",2,8,0,5
"1320",1320,929,"18,5",2,11,0,3
"1321",1321,930,"43,5",2,11,1,8
"1322",1322,931,"29,1",2,6,0,3
"1323",1323,932,"38,9",2,21,1,4
"1324",1324,933,"36,5",2,9,1,2
"1325",1325,935,"33,6",2,7,1,4
"1326",1326,936,"38",2,5,1,7
"1327",1327,938,"63,5",1,15,3,17
"1328",1328,939,"31,4",1,1,1,7
"1329",1329,940,"47,8545127651924",1,11,2,9
"1330",1330,941,"38,2",1,8,1,5
"1331",1331,942,"49,6",2,14,2,12
"1332",1332,944,"38,4",2,15,1,5
"1333",1333,945,"64,1",1,1,3,16
"1334",1334,946,"73,2",2,15,3,18
"1335",1335,947,"68,8",1,7,3,16
"1336",1336,948,"63,2",1,8,3,17
"1337",1337,949,"31,5",1,11,1,3
"1338",1338,950,"73,6",1,1,3,18
"1339",1339,951,"32,4",2,9,1,6
"1340",1340,952,"63,5",1,4,3,18
"1341",1341,953,"47,8545127651924",1,7,2,6
"1342",1342,961,"31,4",1,5,1,2
"1343",1343,968,"63,5",1,17,3,18
"1344",1344,969,"38,4",2,11,1,13
"1345",1345,971,"38,4",2,14,1,8
"1346",1346,972,"73,3",2,14,3,14
"1347",1347,973,"36,5",2,3,1,7
"1348",1348,974,"73,2",2,1,3,28
"1349",1349,975,"39,4",1,4,1,8
"1350",1350,976,"52,3",2,0,2,8
"1351",1351,977,"38,9",1,7,1,11
"1352",1352,978,"48,5",2,7,2,14
"1353",1353,979,"32,4",2,10,1,4
"1354",1354,980,"35,2",2,7,1,4
"1355",1355,981,"49,6",1,15,2,6
"1356",1356,982,"38,9",1,1,1,4
"1357",1357,984,"62,1",2,9,2,18
"1358",1358,989,"63,5",1,6,2,15
"1359",1359,996,"33,1",2,10,1,4
"1360",1360,1006,"65,8",2,2,3,18
"1361",1361,1007,"48,5",1,3,2,5
"1362",1362,1008,"27,7",1,13,0,5
"1363",1363,1009,"86,6",1,19,4,36
"1364",1364,1012,"56,6",2,19,2,17
"1365",1365,1013,"73,8",2,16,3,17
"1366",1366,1032,"62,5",2,2,2,13
"1367",1367,1034,"63,5",1,7,3,26
"1368",1368,1035,"62,1",1,1,2,17
"1369",1369,1036,"37,6",2,10,1,6
"1370",1370,1037,"29,3",2,7,0,5
"1371",1371,1038,"32,4",2,10,1,7
"1372",1372,1039,"29,3",1,11,0,9
"1373",1373,1040,"27,7",1,12,0,5
"1374",1374,1041,"78,5",2,10,3,18
"1375",1375,1042,"31,7",1,9,1,4
"1376",1376,1043,"86,6",1,11,4,38
"1377",1377,1044,"73,2",2,4,3,31
"1378",1378,1046,"32,4",2,7,1,5
"1379",1379,1047,"50,7",2,24,2,12
"1380",1380,1048,"28,6",1,3,0,5
"1381",1381,1049,"31,4",2,22,1,5
"1382",1382,1050,"63,5",1,1,2,16
"1383",1383,1051,"26,7",1,16,0,5
"1384",1384,1053,"66,1",2,22,3,13
"1385",1385,1054,"26,7",2,9,0,5
"1386",1386,1055,"33,1",2,5,1,6
"1387",1387,1060,"50,7",2,19,2,9
"1388",1388,1075,"21,2",2,7,0,2
"1389",1389,1078,"59,9",2,5,2,22
"1390",1390,1110,"32",1,6,1,4
"1391",1391,1119,"37,5",2,4,1,6
"1392",1392,1121,"31,5",1,6,1,3
"1393",1393,1122,"47,8545127651924",2,19,2,4
"1394",1394,1123,"29,2",2,16,0,4
"1395",1395,1124,"17,1",2,5,0,1
"1396",1396,1125,"29,3",2,5,0,4
"1397",1397,1126,"60,6",2,5,2,27
"1398",1398,1128,"36,5",2,9,1,14
"1399",1399,1129,"48,6",2,4,2,6
"1400",1400,1130,"29,8",2,0,0,5
"1401",1401,1131,"31,4",1,13,1,2
"1402",1402,1132,"63,5",1,10,2,18
"1403",1403,1134,"49,6",1,6,2,7
"1404",1404,1135,"45,4",1,9,2,8
"1405",1405,1137,"69,7",1,2,3,12
"1406",1406,1138,"38,4",2,16,1,6
"1407",1407,1140,"28,4",1,3,0,5
"1408",1408,1141,"37,7",2,9,1,3
"1409",1409,1142,"39",1,14,1,4
"1410",1410,1143,"87,9",1,7,4,13
"1411",1411,1145,"35,4",2,17,1,7
"1412",1412,1147,"45,3",1,15,2,14
"1413",1413,1148,"86,5",1,16,4,21
"1414",1414,1149,"38,9",2,13,1,5
"1415",1415,1150,"27,5",1,14,0,4
"1416",1416,1151,"43,7",2,10,2,18
"1417",1417,1152,"47,8545127651924",2,7,2,8
"1418",1418,1153,"22,5",2,10,0,4
"1419",1419,1154,"37,6",1,15,1,4
"1420",1420,1155,"31,5",1,10,1,2
"1421",1421,1157,"74,4",2,12,3,27
"1422",1422,1158,"50,5",2,14,2,8
"1423",1423,1159,"47,8545127651924",2,7,2,3
"1424",1424,1160,"32",1,8,1,4
"1425",1425,1161,"29,4",1,15,0,5
"1426",1426,1162,"29,4",1,10,0,4
"1427",1427,1163,"17,1",2,4,0,2
"1428",1428,1164,"59,1",1,8,2,4
"1429",1429,1168,"62,5",2,17,2,31
"1430",1430,1169,"25,2",2,4,0,5
"1431",1431,1170,"29,2",2,9,0,5
"1432",1432,1171,"47,8545127651924",2,7,2,4
"1433",1433,1172,"38,4",2,12,1,4
"1434",1434,1173,"78,5",2,13,4,19
"1435",1435,1174,"53,3",2,3,2,13
"1436",1436,1175,"63,5",2,8,3,19
"1437",1437,1176,"86,5",1,3,4,13
"1438",1438,1178,"31,1",2,9,1,4
"1439",1439,1179,"43,4",1,16,1,7
"1440",1440,1181,"27,9",2,9,0,2
"1441",1441,1182,"38",2,10,1,5
"1442",1442,1189,"37,1",1,15,1,6
"1443",1443,1190,"27,7",2,4,0,5
"1444",1444,1195,"50,7",1,3,2,5
"1445",1445,1196,"29,3",2,23,0,2
"1446",1446,1197,"73,2",2,8,3,15
"1447",1447,1199,"35,1",1,15,1,2
"1448",1448,1200,"34,3",1,1,1,3
"1449",1449,1202,"78,5",2,7,4,15
"1450",1450,1204,"38,4",2,16,1,8
"1451",1451,1207,"62,2",2,8,2,17
"1452",1452,1221,"37,9",2,18,1,6
"1453",1453,1223,"36,5",1,3,1,4
"1454",1454,1249,"29,1",2,14,0,6
"1455",1455,1250,"69,7",1,12,3,18
"1456",1456,1269,"80,3",2,6,4,30
"1457",1457,1270,"38",2,2,1,9
"1458",1458,1271,"69,2",2,7,3,23
"1459",1459,1272,"53,3",2,16,2,19
"1460",1460,1273,"65,8",1,6,3,12
"1461",1461,1274,"84,7",2,7,4,26
"1462",1462,1275,"81",1,29,4,12
"1463",1463,1276,"26,4",2,18,0,4
"1464",1464,1277,"82,7",2,10,4,32
"1465",1465,1278,"63,5",2,0,3,14
"1466",1466,1279,"64,2",1,10,3,26
"1467",1467,1280,"63,5",1,6,3,20
"1468",1468,1281,"63,2",1,16,2,17
"1469",1469,1283,"85,8",2,6,4,19
"1470",1470,1284,"57,1",2,5,2,12
"1471",1471,1285,"33,3",1,11,1,5
"1472",1472,1287,"33,1",2,17,1,2
"1473",1473,1290,"73,3",1,3,3,23
"1474",1474,1299,"29,4",1,13,0,2
"1475",1475,1301,"36,5",1,10,1,5
"1476",1476,1302,"29",1,11,0,5
"1477",1477,1303,"31,3",1,3,1,5
"1478",1478,1304,"38",2,13,1,7
"1479",1479,1305,"37,3",1,15,1,5
"1480",1480,1306,"38,2",1,3,1,6
"1481",1481,1307,"34,6",2,8,1,4
"1482",1482,1308,"26,6",1,15,0,4
"1483",1483,1310,"48,5",1,11,2,3
"1484",1484,1311,"33,6",1,7,1,4
"1485",1485,1313,"34,6",2,14,1,6
"1486",1486,1314,"35,7",1,13,1,5
"1487",1487,1315,"37,9",1,7,1,17
"1488",1488,1316,"38",2,15,1,8
"1489",1489,1317,"63,5",2,1,2,20
"1490",1490,1318,"29,8",2,4,0,5
"1491",1491,1319,"38,4",2,14,1,6
"1492",1492,1320,"28,4",2,10,0,2
"1493",1493,1321,"26,4",2,11,0,5
"1494",1494,1322,"28,4",2,7,0,2
"1495",1495,1323,"29,5",1,5,1,2
"1496",1496,1324,"28,4",1,10,0,3
"1497",1497,1325,"63,5",2,2,2,16
"1498",1498,1326,"38,9",1,28,1,6
"1499",1499,1327,"47,8545127651924",2,3,2,3
"1500",1500,1328,"34,2",1,10,1,4
"1501",1501,1329,"26,4",2,11,0,5
"1502",1502,1332,"26,7",2,17,0,4
"1503",1503,1334,"34,2",1,12,1,4
"1504",1504,1335,"37,3",1,20,1,9
"1505",1505,1336,"53,9",2,20,2,8
"1506",1506,1337,"54,9",1,18,2,10
"1507",1507,1338,"63,5",1,19,2,15
"1508",1508,1339,"69,7",1,19,3,17
"1509",1509,1341,"63,2",1,16,3,19
"1510",1510,1342,"35,4",1,2,1,2
"1511",1511,1343,"54,2",1,20,2,11
"1512",1512,1344,"56,5",1,6,2,12
"1513",1513,1345,"37,3",1,12,1,3
"1514",1514,1346,"45,8",1,4,2,6
"1515",1515,1347,"32,1",1,13,1,2
"1516",1516,1348,"37,7",2,11,1,5
"1517",1517,1349,"37,4",1,14,1,3
"1518",1518,1351,"78,5",2,2,3,21
"1519",1519,1353,"73,8",1,5,3,16
"1520",1520,1354,"38,4",2,11,1,8
"1521",1521,1355,"38,4",2,16,1,4
"1522",1522,1356,"37,8",1,21,1,5
"1523",1523,1357,"53,9",1,9,2,20
"1524",1524,1358,"85,1",1,16,4,20
"1525",1525,1359,"88,3",1,17,4,19
"1526",1526,1361,"85,1",1,5,4,25
"1527",1527,1362,"80,9",2,2,4,30
"1528",1528,1363,"64,1",1,22,3,10
"1529",1529,1364,"62,5",2,20,3,17
"1530",1530,1365,"71,6",2,4,3,26
"1531",1531,1366,"37,4",2,6,1,8
"1532",1532,1367,"82,7",2,14,4,22
"1533",1533,1368,"59,3",1,0,2,25
"1534",1534,1369,"85,1",1,7,4,17
"1535",1535,1370,"32,4",2,12,1,10
"1536",1536,1371,"38,4",2,2,1,7
"1537",1537,1376,"45,3",1,6,2,5
"1538",1538,1379,"32,3",1,0,1,4
"1539",1539,1383,"44,2",2,9,2,6
"1540",1540,1386,"85,1",2,20,4,23
"1541",1541,1389,"47,8545127651924",1,9,2,14
"1542",1542,1390,"36,7",2,4,1,5
"1543",1543,1392,"64,8",2,3,3,15
"1544",1544,1393,"32,4",1,16,1,3
"1545",1545,1394,"41,6",2,15,1,5
"1546",1546,1395,"33,6",1,6,1,6
"1547",1547,1396,"78,5",2,21,3,24
"1548",1548,1397,"29,2",1,2,0,11
"1549",1549,1398,"49,6",1,20,2,7
"1550",1550,1399,"28,6",1,8,0,3
"1551",1551,1400,"39,4",1,13,1,6
"1552",1552,1401,"70",1,13,3,14
"1553",1553,1404,"49,6",1,10,2,6
"1554",1554,1407,"48,6",1,21,2,7
"1555",1555,1411,"28,4",1,6,0,6
"1556",1556,1413,"30,8",2,17,1,5
"1557",1557,1414,"33,1",2,15,1,6
"1558",1558,1415,"60,6",2,8,2,15
"1559",1559,1417,"92,3",1,14,4,26
"1560",1560,1418,"38,4",2,9,1,4
"1561",1561,1419,"63,5",1,5,3,15
"1562",1562,1420,"63,5",1,20,3,17
"1563",1563,1421,"63,5",1,10,2,16
"1564",1564,1422,"50,5",2,3,2,11
"1565",1565,1423,"28,4",1,19,0,7
"1566",1566,1425,"50,5",2,2,2,10
"1567",1567,1427,"63,5",2,11,2,14
"1568",1568,1432,"36,5",1,8,1,4
"1569",1569,1435,"26,7",1,8,0,2
"1570",1570,1436,"37,3",2,16,1,4
"1571",1571,1438,"39,4",1,16,1,7
"1572",1572,1439,"29,2",2,11,0,6
"1573",1573,1440,"78",1,1,3,23
"1574",1574,1441,"53,3",2,11,2,6
"1575",1575,1442,"28,4",1,9,0,7
"1576",1576,1443,"31,4",1,10,1,4
"1577",1577,1444,"29,3",2,15,0,5
"1578",1578,1445,"54,7",2,3,2,11
"1579",1579,1446,"47,8545127651924",1,1,2,8
"1580",1580,1448,"28,6",1,9,0,4
"1581",1581,1449,"78,5",1,18,4,20
"1582",1582,1450,"64,8",1,2,3,16
"1583",1583,1451,"83,7",2,2,4,17
"1584",1584,1453,"63,5",1,3,3,10
"1585",1585,1454,"63,5",1,9,3,26
"1586",1586,1455,"63,5",1,5,3,12
"1587",1587,1457,"48,9",2,20,2,7
"1588",1588,1461,"21,1",1,15,0,5
"1589",1589,1465,"61,9",1,27,2,15
"1590",1590,1466,"26,4",2,6,0,3
"1591",1591,1468,"63,5",2,15,3,19
"1592",1592,1471,"26,4",1,16,0,2
"1593",1593,1472,"37,9",2,6,1,3
"1594",1594,1474,"37,4",1,4,1,11
"1595",1595,1475,"29,2",1,6,0,6
"1596",1596,1476,"33,6",2,3,1,5
"1597",1597,1477,"79,9",2,8,4,27
"1598",1598,1478,"32,4",2,5,1,5
"1599",1599,1479,"69,2",2,23,3,14
"1600",1600,1482,"37,7",2,8,1,4
"1601",1601,1483,"37,9",2,18,1,6
"1602",1602,1484,"50,5",2,6,2,8
"1603",1603,1485,"63,5",1,4,2,23
"1604",1604,1486,"29,4",1,2,0,6
"1605",1605,1487,"29,6",2,14,0,5
"1606",1606,1488,"48,5",1,7,2,17
"1607",1607,1489,"33,9",1,11,1,2
"1608",1608,1490,"34,3",1,13,1,2
"1609",1609,1491,"29,4",2,1,0,3
"1610",1610,1492,"25,8",1,17,0,2
"1611",1611,1493,"32,4",2,12,1,5
"1612",1612,1498,"44,7",1,12,2,4
"1613",1613,1502,"44,3",2,10,2,15
"1614",1614,1503,"17,6",1,18,0,2
"1615",1615,1510,"31,3",1,4,1,5
"1616",1616,1515,"78,5",2,10,4,15
"1617",1617,1523,"73,6",2,6,3,16
"1618",1618,1527,"32",2,17,1,3
"1619",1619,1531,"65,8",1,6,3,16
"1620",1620,1532,"38,4",2,7,1,7
"1621",1621,1534,"34,2",1,14,1,5
"1622",1622,1535,"69,2",2,11,3,21
"1623",1623,1536,"42,4",1,19,2,7
"1624",1624,1537,"36,5",2,8,1,4
"1625",1625,1538,"63,5",2,13,3,11
"1626",1626,1539,"73,9",1,20,3,5
"1627",1627,1540,"30,1",2,7,0,3
"1628",1628,1541,"61,9",1,19,2,12
"1629",1629,1542,"45,9",1,3,2,7
"1630",1630,1543,"63,5",1,7,3,4
"1631",1631,1544,"97,2",1,5,4,33
"1632",1632,1545,"45,4",1,11,2,8
"1633",1633,1546,"53,7",1,12,2,4
"1634",1634,1547,"53,7",1,3,2,13
"1635",1635,1548,"65,8",1,12,3,17
"1636",1636,1549,"63,5",2,19,3,14
"1637",1637,1550,"53,7",2,15,2,12
"1638",1638,1551,"26,4",2,10,0,4
"1639",1639,1552,"63,2",1,6,3,5
"1640",1640,1553,"31,5",1,18,1,2
"1641",1641,1554,"26,7",2,19,0,2
"1642",1642,1555,"38",2,5,1,5
"1643",1643,1556,"31,5",1,3,1,6
"1644",1644,1557,"63,5",2,10,2,12
"1645",1645,1558,"38",2,17,1,8
"1646",1646,1560,"24,8",1,8,0,2
"1647",1647,1562,"47,8545127651924",2,18,2,7
"1648",1648,1563,"31,5",1,0,1,5
"1649",1649,1565,"63,5",1,16,3,15
"1650",1650,1566,"56,6",2,14,2,12
"1651",1651,1567,"36,5",1,11,1,18
"1652",1652,1568,"37,7",2,3,1,6
"1653",1653,1569,"73,2",2,9,3,16
"1654",1654,1570,"38,4",2,3,1,7
"1655",1655,1573,"20,1",2,13,0,1
"1656",1656,1575,"26,5",2,14,0,2
"1657",1657,1576,"25,2",2,14,0,3
"1658",1658,1579,"38,1",1,13,1,8
"1659",1659,1580,"31,5",1,11,1,2
"1660",1660,1584,"63,5",1,11,3,15
"1661",1661,1595,"78,5",2,3,3,13
"1662",1662,1613,"26,7",2,8,0,3
"1663",1663,1614,"30",2,13,0,2
"1664",1664,1616,"31,4",1,12,1,7
"1665",1665,1617,"36,9",2,18,1,7
"1666",1666,1618,"97,2",1,3,4,28
"1667",1667,1619,"38,4",2,13,1,5
"1668",1668,1620,"32,3",1,21,1,4
"1669",1669,1621,"48,9",1,14,2,6
"1670",1670,1622,"74,9",1,4,3,18
"1671",1671,1623,"56,5",1,11,2,7
"1672",1672,1624,"69,2",2,12,3,20
"1673",1673,1625,"38",2,11,1,5
"1674",1674,1626,"38",2,14,1,5
"1675",1675,1627,"97,2",1,1,4,31
"1676",1676,1628,"37,3",2,11,1,4
"1677",1677,1631,"63,5",1,12,3,10
"1678",1678,1633,"26,7",2,9,0,2
"1679",1679,1634,"63,5",1,5,3,27
"1680",1680,1635,"66,3",2,2,3,14
"1681",1681,1636,"63,5",1,16,3,23
"1682",1682,1637,"35,1",1,13,1,5
"1683",1683,1638,"53,3",2,20,2,19
"1684",1684,1639,"84,7",1,19,4,23
"1685",1685,1640,"65,8",1,1,3,14
"1686",1686,1641,"68,1",2,9,3,14
"1687",1687,1643,"92,3",2,4,4,19
"1688",1688,1644,"50,7",1,6,2,12
"1689",1689,1645,"84,7",2,7,4,16
"1690",1690,1646,"63,5",1,19,3,16
"1691",1691,1647,"62,5",2,1,2,13
"1692",1692,1648,"78,5",2,16,4,14
"1693",1693,1649,"45,8",1,7,2,5
"1694",1694,1650,"62,5",1,2,3,15
"1695",1695,1651,"65,2",2,4,3,27
"1696",1696,1652,"45,4",2,9,2,4
"1697",1697,1653,"63,5",1,8,3,17
"1698",1698,1654,"39,4",2,20,1,8
"1699",1699,1655,"27,5",1,2,0,2
"1700",1700,1656,"37,6",1,10,1,8
"1701",1701,1657,"33,9",1,2,1,5
"1702",1702,1658,"74,4",2,7,3,22
"1703",1703,1659,"54,7",2,8,2,10
"1704",1704,1660,"63,5",1,23,3,13
"1705",1705,1661,"37,6",1,12,1,5
"1706",1706,1662,"27,5",2,10,0,2
"1707",1707,1663,"62,1",2,8,2,4
"1708",1708,1664,"80,3",1,7,4,29
"1709",1709,1665,"64,4",2,10,3,20
"1710",1710,1666,"38,1",1,11,1,3
"1711",1711,1667,"25,2",2,10,0,2
"1712",1712,1668,"83,7",2,17,4,19
"1713",1713,1670,"80,3",1,18,4,11
"1714",1714,1672,"22,5",1,6,0,3
"1715",1715,1673,"39",1,12,1,5
"1716",1716,1674,"37,7",2,17,1,4
"1717",1717,1675,"38,4",2,11,1,10
"1718",1718,1676,"28,4",1,6,0,4
"1719",1719,1677,"63,2",2,10,3,15
"1720",1720,1679,"29,3",2,7,0,5
"1721",1721,1680,"21,2",2,5,0,2
"1722",1722,1681,"22,5",2,20,0,1
"1723",1723,1682,"31,5",1,2,1,4
"1724",1724,1683,"34,6",2,1,1,5
"1725",1725,1684,"47,8545127651924",2,7,2,4
"1726",1726,1685,"78,5",2,9,4,13
"1727",1727,1686,"28,4",1,10,0,5
"1728",1728,1687,"69,2",2,7,3,25
"1729",1729,1688,"47,8545127651924",2,7,2,4
"1730",1730,1689,"36,5",2,9,1,8
"1731",1731,1691,"33,1",2,7,1,1
"1732",1732,1692,"33,6",2,5,1,3
"1733",1733,1693,"63,2",1,7,3,9
"1734",1734,1694,"35,4",1,14,1,5
"1735",1735,1695,"33,2",2,17,1,3
"1736",1736,1696,"63,5",2,6,3,12
"1737",1737,1697,"29,4",1,9,0,3
"1738",1738,1698,"43,7",2,18,2,7
"1739",1739,1699,"86,5",1,12,4,19
"1740",1740,1700,"27,5",1,11,0,2
"1741",1741,1701,"29,8",2,11,0,2
"1742",1742,1702,"37,7",2,10,1,6
"1743",1743,1704,"47,8545127651924",1,2,2,3
"1744",1744,1705,"26,4",2,12,0,10
"1745",1745,1708,"29,3",2,19,0,4
"1746",1746,1713,"53,3",2,19,2,10
"1747",1747,1717,"63,5",1,17,2,14
"1748",1748,1718,"40,2",2,9,1,5
"1749",1749,1720,"47,8545127651924",2,17,2,4
"1750",1750,1721,"63,5",2,5,3,11
"1751",1751,1722,"38",2,14,1,5
"1752",1752,1723,"50,7",1,6,2,9
"1753",1753,1724,"29",2,8,0,4
"1754",1754,1726,"53,4",1,6,2,6
"1755",1755,1727,"74,4",2,19,3,14
"1756",1756,1728,"29,2",2,12,0,1
"1757",1757,1729,"69,7",1,18,3,35
"1758",1758,1730,"29,3",2,4,0,4
"1759",1759,1731,"37,3",1,9,1,5
"1760",1760,1732,"28,6",1,10,0,5
"1761",1761,1733,"53,4",1,11,2,4
"1762",1762,1734,"44,7",1,10,2,5
"1763",1763,1735,"52,3",2,1,2,8
"1764",1764,1736,"83,7",1,11,4,24
"1765",1765,1737,"33,1",2,14,1,3
"1766",1766,1738,"36,5",1,5,1,3
"1767",1767,1739,"73,6",2,8,3,14
"1768",1768,1740,"73,7",2,21,3,18
"1769",1769,1741,"53,7",1,17,2,6
"1770",1770,1742,"68,1",2,6,3,17
"1771",1771,1743,"62,5",1,6,2,14
"1772",1772,1744,"74,4",2,2,3,12
"1773",1773,1745,"83,7",1,2,4,20
"1774",1774,1746,"47,8545127651924",2,4,2,8
"1775",1775,1749,"32,3",1,16,1,4
"1776",1776,1751,"38,1",1,11,1,5
"1777",1777,1754,"28,4",1,12,0,5
"1778",1778,1759,"38,4",2,16,1,5
"1779",1779,1761,"29,2",1,3,0,4
"1780",1780,1769,"65,8",2,18,3,11
"1781",1781,1771,"80,3",2,6,4,21
"1782",1782,1775,"25,8",1,7,0,5
"1783",1783,1776,"73,6",2,4,3,20
"1784",1784,1795,"32,7",2,7,1,3
"1785",1785,1802,"28,6",1,6,0,4
"1786",1786,1804,"32",2,10,1,3
"1787",1787,1808,"34,2",1,11,1,6
"1788",1788,1810,"29,2",2,5,0,5
"1789",1789,1811,"80,3",1,16,4,26
"1790",1790,1812,"38,9",1,22,1,6
"1791",1791,1813,"29,2",1,7,0,4
"1792",1792,1814,"29,2",2,8,0,5
"1793",1793,1815,"27,7",2,15,0,4
"1794",1794,1816,"36,5",2,4,1,2
"1795",1795,1817,"31,5",1,16,1,4
"1796",1796,1818,"37,3",2,13,1,5
"1797",1797,1819,"17,6",2,8,0,2
"1798",1798,1820,"38,4",2,18,1,6
"1799",1799,1821,"37,3",1,19,1,5
"1800",1800,1822,"57,1",2,7,2,13
"1801",1801,1823,"66,1",2,13,3,26
"1802",1802,1824,"28,6",1,10,0,7
"1803",1803,1825,"43,7",2,12,2,5
"1804",1804,1826,"43,7",2,12,2,3
"1805",1805,1827,"36,5",2,25,1,6
"1806",1806,1828,"78,5",2,1,3,20
"1807",1807,1829,"32,3",1,13,1,7
"1808",1808,1830,"38,4",2,0,1,6
"1809",1809,1831,"38,4",2,8,1,7
"1810",1810,1832,"33,1",2,12,1,6
"1811",1811,1833,"80,3",1,32,4,21
"1812",1812,1834,"43,7",2,12,2,5
"1813",1813,1835,"48,9",1,10,2,7
"1814",1814,1836,"53,9",1,0,2,10
"1815",1815,1838,"27,5",1,11,0,4
"1816",1816,1839,"48,5",1,5,2,18
"1817",1817,1840,"48,9",1,17,2,4
"1818",1818,1841,"38,4",2,12,1,5
"1819",1819,1842,"74,4",2,16,3,25
"1820",1820,1843,"38,4",2,16,1,13
"1821",1821,1844,"37,3",1,7,1,6
"1822",1822,1845,"62,5",1,23,2,15
"1823",1823,1846,"50,7",2,14,2,4
"1824",1824,1848,"36,5",1,24,1,5
"1825",1825,1849,"97,2",2,3,4,22
"1826",1826,1850,"43,7",2,16,2,5
"1827",1827,1851,"36,5",1,14,1,10
"1828",1828,1853,"73,2",2,15,3,31
"1829",1829,1854,"37,7",2,4,1,6
"1830",1830,1855,"63,5",1,9,3,12
"1831",1831,1856,"63,5",1,12,3,12
"1832",1832,1859,"55,1",2,15,2,13
"1833",1833,1860,"31,5",1,15,1,3
"1834",1834,1867,"28,4",2,5,0,5
"1835",1835,1872,"35,4",2,5,1,6
"1836",1836,1873,"80,9",2,20,4,21
"1837",1837,1875,"37,7",2,3,1,5
"1838",1838,1876,"78,5",2,30,4,25
"1839",1839,1877,"33,1",2,14,1,4
"1840",1840,1878,"32,7",2,8,1,4
"1841",1841,1879,"37,9",2,1,1,7
"1842",1842,1880,"28,6",1,5,0,5
"1843",1843,1881,"29,8",2,16,0,5
"1844",1844,1882,"37,3",1,8,1,3
"1845",1845,1884,"37,3",1,11,1,6
"1846",1846,1885,"43,7",2,6,2,5
"1847",1847,1886,"47,8545127651924",2,10,2,6
"1848",1848,1887,"27,7",2,11,0,4
"1849",1849,1888,"47,8545127651924",2,10,2,7
"1850",1850,1889,"38,4",2,12,1,5
"1851",1851,1891,"29,3",2,12,0,2
"1852",1852,1892,"47,8545127651924",2,12,2,8
"1853",1853,1893,"63,5",2,17,3,13
"1854",1854,1894,"36,5",2,2,1,4
"1855",1855,1895,"38,9",1,6,1,7
"1856",1856,1898,"29",2,0,0,4
"1857",1857,1900,"47,8545127651924",1,15,2,10
"1858",1858,1901,"29,2",2,10,0,5
"1859",1859,1902,"29,2",2,3,0,4
"1860",1860,1903,"38,4",2,18,1,4
"1861",1861,1914,"38,9",1,11,1,7
"1862",1862,1917,"47,8545127651924",2,9,2,2
"1863",1863,1918,"31,4",1,9,0,6
"1864",1864,1919,"73,8",1,11,3,16
"1865",1865,1920,"38,9",1,4,1,7
"1866",1866,1921,"66,1",1,18,3,14
"1867",1867,1923,"28,6",1,17,0,7
"1868",1868,1924,"63,2",1,11,3,4
"1869",1869,1925,"57,1",2,9,2,13
"1870",1870,1926,"63,5",2,22,3,18
"1871",1871,1927,"32,4",1,21,1,4
"1872",1872,1929,"74,9",2,1,3,33
"1873",1873,1930,"73,2",1,19,3,32
"1874",1874,1931,"30,8",2,14,1,8
"1875",1875,1932,"80,9",1,18,4,15
"1876",1876,1933,"43,7",2,16,2,9
"1877",1877,1934,"53,3",1,8,2,12
"1878",1878,1935,"83,7",2,4,4,18
"1879",1879,1936,"28,6",1,6,0,4
"1880",1880,1937,"38",2,7,1,6
"1881",1881,1938,"39,4",1,5,1,7
"1882",1882,1939,"66,1",1,8,3,14
"1883",1883,1941,"63,2",1,9,3,14
"1884",1884,1946,"50,7",1,15,2,13
"1885",1885,1971,"29,5",1,18,1,2
"1886",1886,1975,"33,1",2,3,1,3
"1887",1887,1976,"47,8545127651924",2,12,2,10
"1888",1888,1984,"38,4",2,15,1,14
"1889",1889,1986,"30,8",2,20,1,2
"1890",1890,1988,"48,5",1,1,2,9
"1891",1891,1989,"41,6",2,2,1,8
"1892",1892,1993,"35,1",1,7,1,6
"1893",1893,1994,"66,1",2,11,3,15
"1894",1894,1995,"78",1,14,4,28
"1895",1895,1999,"80,3",2,17,4,28
"1896",1896,2000,"38,4",1,10,1,6
"1897",1897,2001,"36,5",1,12,1,8
"1898",1898,2004,"48,5",1,23,2,6
"1899",1899,2005,"61,9",2,7,2,14
"1900",1900,2006,"27,7",1,5,0,5
"1901",1901,2007,"31,5",2,20,1,12
"1902",1902,2008,"34,8",2,13,1,1
"1903",1903,2009,"38,4",2,15,1,6
"1904",1904,2010,"38,4",2,12,1,6
"1905",1905,2011,"50,7",2,11,2,9
"1906",1906,2012,"33,1",1,3,1,3
"1907",1907,2013,"44,3",2,13,2,6
"1908",1908,2014,"53,3",1,3,2,13
"1909",1909,2015,"73,2",2,22,3,11
"1910",1910,2016,"47,8545127651924",2,6,2,6
"1911",1911,2017,"78,5",2,6,4,16
"1912",1912,2018,"73,2",2,11,3,17
"1913",1913,2019,"38,9",2,3,1,5
"1914",1914,2020,"63,5",2,10,3,19
"1915",1915,2021,"80,3",2,18,4,19
"1916",1916,2022,"38,2",1,5,1,4
"1917",1917,2023,"78,5",2,4,3,25
"1918",1918,2024,"32,4",2,7,1,8
"1919",1919,2025,"26,6",1,7,0,3
"1920",1920,2026,"36,5",2,5,1,8
"1921",1921,2027,"58,3",2,10,2,6
"1922",1922,2028,"63,5",1,3,3,24
"1923",1923,2029,"60,6",2,3,2,16
"1924",1924,2030,"26,7",1,13,0,4
"1925",1925,2031,"59",2,5,2,14
"1926",1926,2032,"63,5",1,9,3,10
"1927",1927,2033,"47,8545127651924",2,8,2,9
"1928",1928,2035,"70,5",2,12,3,10
"1929",1929,2036,"69,2",2,16,3,18
"1930",1930,2038,"63,5",2,5,3,5
"1931",1931,2039,"21,1",2,6,0,2
"1932",1932,2040,"33,1",1,19,1,6
"1933",1933,2041,"38,4",2,16,1,6
"1934",1934,2042,"38",2,8,1,7
"1935",1935,2043,"38,4",1,6,1,5
"1936",1936,2044,"73,8",1,9,3,11
"1937",1937,2045,"52,3",1,11,2,9
"1938",1938,2046,"87,9",1,11,4,11
"1939",1939,2047,"73,8",2,7,3,20
"1940",1940,2048,"63,2",2,15,3,12
"1941",1941,2049,"88,2",1,10,4,20
"1942",1942,2050,"29",2,2,0,4
"1943",1943,2051,"78,5",2,8,4,36
"1944",1944,2052,"68,1",2,6,3,16
"1945",1945,2062,"29,3",2,20,0,4
"1946",1946,2066,"48,6",1,5,2,9
"1947",1947,2069,"63,5",1,7,3,14
"1948",1948,2072,"76,4",2,20,3,10
"1949",1949,2073,"37,7",2,15,1,13
"1950",1950,2074,"53,5",2,5,2,17
"1951",1951,2075,"68,1",2,7,3,17
"1952",1952,2077,"69,7",2,4,3,15
"1953",1953,2078,"78,5",2,16,4,13
"1954",1954,2079,"31,5",1,18,0,4
"1955",1955,2080,"38",2,2,1,2
"1956",1956,2081,"27,5",1,15,0,4
"1957",1957,2082,"38",2,6,1,2
"1958",1958,2083,"22,5",2,12,0,4
"1959",1959,2084,"82,7",1,7,4,27
"1960",1960,2086,"78,5",2,20,3,24
"1961",1961,2088,"64,2",1,31,3,16
"1962",1962,2089,"67",2,6,3,22
"1963",1963,2090,"53,3",2,21,2,8
"1964",1964,2091,"63,5",1,0,3,15
"1965",1965,2092,"84",2,28,4,16
"1966",1966,2093,"82,7",2,7,4,17
"1967",1967,2094,"76,3",1,12,3,24
"1968",1968,2095,"93,3",1,9,4,22
"1969",1969,2096,"73,3",2,17,3,15
"1970",1970,2097,"86,6",1,4,4,22
"1971",1971,2098,"92,3",2,7,4,20
"1972",1972,2099,"28,6",1,3,0,6
"1973",1973,2100,"53,7",2,3,2,8
"1974",1974,2101,"59,9",2,8,2,21
"1975",1975,2102,"29,8",1,13,1,5
"1976",1976,2104,"32,4",2,21,1,15
"1977",1977,2105,"61,9",1,13,2,14
"1978",1978,2106,"80,3",2,3,4,11
"1979",1979,2107,"39",1,11,1,19
"1980",1980,2108,"50,7",1,7,2,3
"1981",1981,2109,"32,3",1,13,1,3
"1982",1982,2110,"80,9",1,16,4,25
"1983",1983,2111,"44,7",1,11,2,6
"1984",1984,2112,"27,5",1,9,0,4
"1985",1985,2113,"63,5",1,18,2,24
"1986",1986,2114,"34,3",1,11,1,6
"1987",1987,2115,"62,5",1,12,3,18
"1988",1988,2116,"27,3",2,11,0,2
"1989",1989,2117,"26,7",2,13,0,4
"1990",1990,2118,"26,4",2,9,0,3
"1991",1991,2119,"63,5",2,15,2,15
"1992",1992,2121,"86,9",2,14,4,29
"1993",1993,2122,"47",1,1,2,16
"1994",1994,2123,"53,7",1,2,2,14
"1995",1995,2124,"63,5",1,10,3,15
"1996",1996,2126,"58,1",2,0,2,14
"1997",1997,2127,"38",2,8,1,6
"1998",1998,2128,"63,5",1,10,2,16
"1999",1999,2130,"73,8",1,6,3,12
"2000",2000,2131,"74,9",1,3,3,17
"2001",2001,2132,"62,2",1,16,2,15
"2002",2002,2133,"32,8",1,4,1,4
"2003",2003,2134,"63,5",2,31,3,12
"2004",2004,2136,"38,4",2,0,1,5
"2005",2005,2137,"97,2",1,18,4,19
"2006",2006,2138,"62,1",1,20,3,14
"2007",2007,2139,"63,5",2,21,2,19
"2008",2008,2140,"43,4",1,9,1,11
"2009",2009,2141,"50,7",1,0,2,9
"2010",2010,2142,"37,3",1,9,1,5
"2011",2011,2143,"36,5",2,9,1,6
"2012",2012,2144,"50,5",2,14,2,8
"2013",2013,2145,"56,5",1,5,2,10
"2014",2014,2146,"31,5",1,13,1,5
"2015",2015,2147,"43,7",2,2,2,8
"2016",2016,2148,"52,5",1,25,2,6
"2017",2017,2150,"28,6",1,9,0,5
"2018",2018,2151,"38,4",2,3,1,2
"2019",2019,2152,"38",2,0,1,8
"2020",2020,2154,"39",2,2,1,4
"2021",2021,2155,"80,3",2,13,4,11
"2022",2022,2156,"35,4",1,7,1,4
"2023",2023,2157,"50,7",2,13,2,4
"2024",2024,2158,"26,7",2,17,0,3
"2025",2025,2159,"47,8545127651924",2,15,2,5
"2026",2026,2161,"24,8",1,6,0,4
"2027",2027,2162,"33,1",2,12,1,5
"2028",2028,2163,"21,2",1,19,0,3
"2029",2029,2164,"97,2",2,3,4,25
"2030",2030,2165,"72,5",1,17,3,16
"2031",2031,2166,"38,4",2,6,1,8
"2032",2032,2167,"29,4",1,7,0,5
"2033",2033,2168,"36,5",2,12,1,9
"2034",2034,2169,"31,4",1,6,1,4
"2035",2035,2170,"38,9",2,6,1,5
"2036",2036,2172,"50,7",1,0,2,10
"2037",2037,2176,"31,4",1,8,1,3
"2038",2038,2189,"33,1",1,9,1,15
"2039",2039,2190,"86,6",1,11,4,25
"2040",2040,2197,"83,7",1,21,4,32
"2041",2041,2198,"76,4",2,3,3,17
"2042",2042,2209,"63,2",1,5,3,10
"2043",2043,2211,"80,3",1,6,4,29
"2044",2044,2212,"34,2",1,2,1,6
"2045",2045,2213,"73,6",2,12,3,16
"2046",2046,2214,"60,5",1,2,2,18
"2047",2047,2215,"25,2",2,13,0,2
"2048",2048,2216,"38,2",1,3,1,2
"2049",2049,2218,"34,6",2,14,1,3
"2050",2050,2219,"32,4",2,13,1,7
"2051",2051,2220,"46,8",1,13,2,6
"2052",2052,2222,"80,3",2,4,4,24
"2053",2053,2223,"38,1",1,11,1,7
"2054",2054,2224,"60,6",2,11,2,11
"2055",2055,2226,"62,5",2,13,2,20
"2056",2056,2227,"50,7",2,14,2,6
"2057",2057,2228,"63,5",2,5,2,4
"2058",2058,2229,"47,8545127651924",2,12,2,6
"2059",2059,2230,"37,3",1,18,1,6
"2060",2060,2231,"58,8",1,10,2,10
"2061",2061,2232,"39",1,10,1,15
"2062",2062,2234,"36,5",2,12,1,5
"2063",2063,2235,"28,4",2,4,0,5
"2064",2064,2236,"25,5",1,17,0,5
"2065",2065,2237,"47",2,16,2,13
"2066",2066,2238,"38,4",2,12,1,7
"2067",2067,2239,"22,7",1,17,0,4
"2068",2068,2240,"38,4",2,0,1,5
"2069",2069,2241,"69,2",1,2,3,16
"2070",2070,2242,"78,5",2,7,3,15
"2071",2071,2243,"82,7",1,12,4,20
"2072",2072,2244,"28,4",1,14,0,2
"2073",2073,2245,"50,7",2,18,2,9
"2074",2074,2246,"36,5",1,4,1,8
"2075",2075,2247,"63,5",2,7,3,7
"2076",2076,2249,"50,7",2,2,2,22
"2077",2077,2250,"85,1",1,0,4,31
"2078",2078,2252,"38,4",2,1,1,6
"2079",2079,2253,"69,7",1,27,3,22
"2080",2080,2254,"35,4",1,7,1,11
"2081",2081,2255,"17,1",2,8,0,1
"2082",2082,2256,"68,8",1,7,3,15
"2083",2083,2257,"17,1",2,10,0,1
"2084",2084,2259,"34,3",1,16,1,5
"2085",2085,2260,"47,8545127651924",2,4,2,4
"2086",2086,2261,"34,2",1,11,1,4
"2087",2087,2262,"26,7",1,9,0,4
"2088",2088,2263,"32",1,2,1,4
"2089",2089,2264,"63,5",2,14,3,15
"2090",2090,2266,"49,9",1,6,2,7
"2091",2091,2268,"26,7",1,8,0,6
"2092",2092,2270,"71,6",2,1,3,19
"2093",2093,2271,"80,3",1,13,4,26
"2094",2094,2273,"50,7",2,12,2,5
"2095",2095,2275,"33,1",2,10,1,3
"2096",2096,2277,"34,6",2,7,1,6
"2097",2097,2278,"32,3",2,0,1,5
"2098",2098,2280,"38,2",1,13,1,3
"2099",2099,2281,"35,1",2,18,1,5
"2100",2100,2282,"36,5",2,14,1,5
"2101",2101,2284,"38,9",2,10,1,16
"2102",2102,2500,"80,3",2,0,4,21
"2103",2103,385,"38,4",2,7,1,7
"2104",2104,386,"73,7",2,18,3,19
"2105",2105,387,"36,2",1,10,1,4
"2106",2106,388,"38",2,1,1,8
"2107",2107,389,"29,7",1,13,0,6
"2108",2108,548,"63,2",2,21,3,16
"2109",2109,550,"47,8545127651924",2,26,2,8
"2110",2110,551,"29,3",2,13,0,4
"2111",2111,552,"21,2",2,9,0,1
"2112",2112,553,"22,6",2,9,0,2
"2113",2113,554,"41,6",2,7,1,4
"2114",2114,555,"17,1",2,14,0,2
"2115",2115,556,"35,4",2,22,1,3
"2116",2116,557,"29,2",2,6,0,5
"2117",2117,559,"22,9",1,16,0,2
"2118",2118,560,"27,7",2,12,0,2
"2119",2119,561,"30,2",1,12,1,4
"2120",2120,617,"82,7",1,4,4,27
"2121",2121,620,"61,1",1,4,2,19
"2122",2122,621,"28,6",1,12,0,3
"2123",2123,622,"38,4",2,11,1,5
"2124",2124,623,"73,9",2,23,3,21
"2125",2125,624,"71,2",2,12,3,16
"2126",2126,625,"87",1,6,4,17
"2127",2127,627,"36,5",2,20,1,9
"2128",2128,628,"37,7",2,5,1,6
"2129",2129,629,"63,5",2,14,3,19
"2130",2130,630,"53,7",2,10,2,7
"2131",2131,631,"63,5",2,4,3,13
"2132",2132,641,"86,5",1,2,4,18
"2133",2133,642,"27,5",2,5,0,3
"2134",2134,645,"37,7",1,9,1,8
"2135",2135,646,"76,3",1,7,3,19
"2136",2136,651,"26,7",1,2,0,6
"2137",2137,652,"38,9",2,13,1,5
"2138",2138,653,"33,9",2,5,1,6
"2139",2139,654,"36,5",1,14,1,6
"2140",2140,665,"29,2",2,10,0,4
"2141",2141,666,"28,4",2,13,0,2
"2142",2142,667,"47,8545127651924",1,22,2,4
"2143",2143,668,"36,1",2,17,1,4
"2144",2144,669,"52,4",1,7,2,9
"2145",2145,701,"78,5",2,11,4,20
"2146",2146,702,"83,7",1,19,4,22
"2147",2147,712,"51,9",1,3,2,7
"2148",2148,713,"68,1",2,22,3,26
"2149",2149,714,"64,1",1,2,3,13
"2150",2150,715,"71,6",1,8,3,26
"2151",2151,716,"36,5",1,10,1,5
"2152",2152,717,"26,7",2,13,0,2
"2153",2153,718,"64,4",2,11,3,11
"2154",2154,719,"33,3",2,1,1,5
"2155",2155,720,"57,1",2,3,2,9
"2156",2156,721,"29,5",1,13,0,6
"2157",2157,722,"49,6",1,9,2,5
"2158",2158,727,"36,5",2,13,1,9
"2159",2159,728,"68,8",2,2,3,19
"2160",2160,757,"47,8",1,13,2,12
"2161",2161,759,"97,2",1,6,4,33
"2162",2162,760,"63,5",1,1,3,14
"2163",2163,846,"22,5",2,11,0,3
"2164",2164,847,"48,5",1,0,2,9
"2165",2165,848,"55,1",2,9,2,10
"2166",2166,849,"40",1,15,1,5
"2167",2167,850,"90,8",1,16,4,17
"2168",2168,851,"29,8",1,23,0,4
"2169",2169,852,"84",2,8,4,19
"2170",2170,853,"73,6",2,9,3,18
"2171",2171,854,"50,7",2,7,2,8
"2172",2172,855,"34,2",1,11,1,4
"2173",2173,856,"21,2",2,11,0,3
"2174",2174,857,"63,5",1,5,2,16
"2175",2175,858,"63,5",1,2,3,12
"2176",2176,860,"69,7",1,4,3,18
"2177",2177,861,"51",1,23,2,5
"2178",2178,862,"42,3",2,18,2,4
"2179",2179,877,"32,3",1,14,1,11
"2180",2180,878,"39,4",2,13,1,15
"2181",2181,879,"34,3",1,21,1,6
"2182",2182,880,"57,1",2,9,2,22
"2183",2183,881,"76,4",2,13,3,20
"2184",2184,882,"63,5",2,22,3,14
"2185",2185,883,"63,5",2,20,2,15
"2186",2186,884,"38,1",1,14,1,5
"2187",2187,885,"37,7",2,6,1,10
"2188",2188,886,"32,4",1,5,1,4
"2189",2189,887,"33,9",1,4,1,4
"2190",2190,888,"78,5",2,2,4,20
"2191",2191,889,"43,3",1,21,2,5
"2192",2192,890,"63,5",1,17,3,16
"2193",2193,891,"33,6",1,11,1,5
"2194",2194,892,"29,2",1,10,0,3
"2195",2195,955,"60,5",1,12,2,21
"2196",2196,957,"27,5",1,17,0,3
"2197",2197,959,"29,8",1,10,0,4
"2198",2198,960,"47,8545127651924",2,20,2,4
"2199",2199,994,"39",2,4,1,5
"2200",2200,995,"60,5",1,4,2,22
"2201",2201,997,"74,4",2,14,3,23
"2202",2202,999,"28,4",2,13,0,5
"2203",2203,1000,"69,7",2,10,3,13
"2204",2204,1001,"73,7",2,5,3,17
"2205",2205,1002,"36,7",1,18,1,9
"2206",2206,1003,"62,2",2,24,2,32
"2207",2207,1004,"29,4",1,10,0,6
"2208",2208,1005,"31,7",1,16,1,2
"2209",2209,1014,"64,4",2,1,3,16
"2210",2210,1015,"73,2",2,14,3,23
"2211",2211,1016,"73,2",2,12,3,15
"2212",2212,1017,"35,1",1,2,1,5
"2213",2213,1018,"34,2",1,15,1,2
"2214",2214,1019,"53,9",1,21,2,4
"2215",2215,1020,"33,1",2,7,1,7
"2216",2216,1022,"62",2,10,2,5
"2217",2217,1023,"53,9",1,12,2,7
"2218",2218,1024,"36,9",2,4,1,6
"2219",2219,1025,"38,5",2,12,1,5
"2220",2220,1026,"67",2,3,3,15
"2221",2221,1030,"80,9",2,19,4,15
"2222",2222,1031,"37,7",2,12,1,6
"2223",2223,1033,"27,5",1,13,0,2
"2224",2224,1056,"32,3",1,1,1,5
"2225",2225,1057,"29",2,12,1,4
"2226",2226,1058,"38,1",1,4,1,6
"2227",2227,1059,"76,3",1,15,3,24
"2228",2228,1183,"31,5",1,8,1,2
"2229",2229,1184,"17,1",2,14,0,1
"2230",2230,1185,"38",2,1,1,12
"2231",2231,1198,"29,5",1,14,1,3
"2232",2232,1265,"22,7",2,13,0,2
"2233",2233,1266,"33,6",1,12,1,5
"2234",2234,1267,"78",1,23,4,12
"2235",2235,1268,"26,4",2,23,0,3
"2236",2236,1295,"47,8545127651924",2,6,2,9
"2237",2237,1296,"32,3",1,2,1,4
"2238",2238,1405,"87",2,31,4,40
"2239",2239,1406,"73,9",1,15,3,11
"2240",2240,1408,"80,3",2,18,4,18
"2241",2241,1409,"78,5",2,10,4,16
"2242",2242,1429,"63,2",2,4,2,12
"2243",2243,1430,"63,5",1,7,3,19
"2244",2244,1433,"33,6",1,3,1,7
"2245",2245,1434,"33,1",2,16,1,13
"2246",2246,1458,"32,3",1,7,1,5
"2247",2247,1459,"28,4",1,13,0,2
"2248",2248,1460,"78,5",1,11,4,19
"2249",2249,1462,"21,2",2,8,0,3
"2250",2250,1463,"64,4",2,10,3,31
"2251",2251,1464,"63,2",1,9,3,17
"2252",2252,1473,"29",1,6,0,4
"2253",2253,1497,"26,3",1,3,0,5
"2254",2254,1499,"46,7",2,10,2,7
"2255",2255,1500,"39",2,14,1,9
"2256",2256,1501,"47,8545127651924",2,10,2,4
"2257",2257,1504,"50,7",2,19,2,7
"2258",2258,1505,"33,1",2,7,1,4
"2259",2259,1506,"80,3",1,6,4,25
"2260",2260,1508,"17,1",2,12,0,2
"2261",2261,1511,"28,4",1,11,0,5
"2262",2262,1512,"63,5",1,5,3,15
"2263",2263,1513,"29,4",1,11,0,5
"2264",2264,1514,"31,9",2,19,1,3
"2265",2265,1519,"63,5",2,4,2,9
"2266",2266,1520,"63,5",2,17,3,11
"2267",2267,1521,"71,6",2,15,3,14
"2268",2268,1522,"43,7",2,7,2,5
"2269",2269,1525,"34,3",2,11,1,6
"2270",2270,1526,"32,3",1,3,1,5
"2271",2271,1528,"48,6",1,17,2,9
"2272",2272,1529,"51",2,9,2,15
"2273",2273,1577,"49,4",1,5,2,6
"2274",2274,1578,"38,4",2,8,1,6
"2275",2275,1581,"48,5",1,13,2,15
"2276",2276,1582,"29,2",2,3,0,5
"2277",2277,1583,"57,1",2,19,2,10
"2278",2278,1707,"50,7",1,15,2,6
"2279",2279,1709,"31,5",1,10,1,12
"2280",2280,1714,"63,5",1,18,3,24
"2281",2281,1715,"50,7",2,19,2,6
"2282",2282,1752,"61,1",1,0,2,6
"2283",2283,1753,"29,2",1,12,0,4
"2284",2284,1755,"38,1",1,7,1,7
"2285",2285,1756,"33,2",1,0,1,2
"2286",2286,1757,"50,7",2,23,2,5
"2287",2287,1758,"29,5",2,13,0,5
"2288",2288,1762,"61,4",2,18,2,28
"2289",2289,1778,"48,5",2,1,2,14
"2290",2290,1780,"27,5",2,15,0,6
"2291",2291,1781,"39,5",1,10,1,7
"2292",2292,1782,"27,5",1,6,0,7
"2293",2293,1783,"64,4",2,13,3,20
"2294",2294,1784,"56,5",1,12,2,12
"2295",2295,1785,"67",1,2,3,17
"2296",2296,1786,"37,3",1,6,1,7
"2297",2297,1787,"29,3",2,11,0,5
"2298",2298,1789,"47,8545127651924",2,5,2,8
"2299",2299,1790,"31,5",1,15,0,2
"2300",2300,1791,"64,1",2,12,3,23
"2301",2301,1792,"36,4",1,14,1,6
"2302",2302,1793,"29,3",2,6,0,4
"2303",2303,1794,"34,2",2,10,1,2
"2304",2304,1805,"51",2,17,2,6
"2305",2305,1904,"32,3",2,7,1,2
"2306",2306,1905,"38,9",2,5,1,6
"2307",2307,1906,"38,9",2,19,1,7
"2308",2308,1907,"38,4",2,5,1,3
"2309",2309,1908,"22,5",2,4,0,2
"2310",2310,1909,"29,1",2,12,0,2
"2311",2311,1910,"28,4",2,9,0,2
"2312",2312,1911,"38,9",2,9,1,18
"2313",2313,1912,"28,6",1,10,0,4
"2314",2314,1913,"43,7",1,22,2,3
"2315",2315,1943,"97,2",1,6,4,17
"2316",2316,1944,"38,9",1,13,1,6
"2317",2317,1945,"38,4",2,2,1,6
"2318",2318,1982,"50,7",2,13,2,7
"2319",2319,1983,"43,7",2,12,2,8
"2320",2320,1991,"38,4",2,10,1,7
"2321",2321,1992,"73,3",2,18,3,29
"2322",2322,1997,"53,9",1,5,2,9
"2323",2323,2056,"37,7",2,7,1,7
"2324",2324,2057,"63,5",1,9,2,15
"2325",2325,2058,"38,9",1,12,1,5
"2326",2326,2059,"42,5",1,8,1,10
"2327",2327,2060,"29,3",2,13,0,6
"2328",2328,2173,"67",1,19,3,22
"2329",2329,2175,"29,3",2,13,0,5
"2330",2330,2177,"26,7",2,14,0,4
"2331",2331,2178,"31,5",1,15,1,3
"2332",2332,2179,"38,1",1,16,1,3
"2333",2333,2180,"25,3",2,10,0,4
"2334",2334,2181,"78,5",2,4,4,23
"2335",2335,2182,"53,7",1,5,2,8
"2336",2336,2183,"29,3",2,6,0,6
"2337",2337,2184,"29,2",1,13,0,4
"2338",2338,2208,"27,5",1,10,0,4
"2339",2339,2279,"22,6",2,7,0,2
"2340",2340,2485,"26,7",2,10,0,3
"2341",2341,331,"38,1",1,12,1,8
"2342",2342,347,"39",2,11,1,8
"2343",2343,350,"45,3",1,8,2,6
"2344",2344,366,"56,5",1,23,2,12
"2345",2345,378,"46,8",2,25,2,10
"2346",2346,379,"34,2",1,9,1,7
"2347",2347,393,"29",1,8,0,6
"2348",2348,396,"63,5",1,7,2,11
"2349",2349,397,"73,2",2,5,3,21
"2350",2350,414,"34,2",1,9,1,3
"2351",2351,415,"31,5",1,7,1,4
"2352",2352,418,"78,7",2,12,3,21
"2353",2353,426,"60,6",1,10,2,13
"2354",2354,437,"31,5",1,7,1,2
"2355",2355,454,"50,7",1,11,2,6
"2356",2356,466,"75,2",2,1,3,29
"2357",2357,468,"38",2,11,1,6
"2358",2358,478,"31,5",1,1,1,4
"2359",2359,482,"32,3",1,10,1,5
"2360",2360,510,"38,4",2,12,1,10
"2361",2361,513,"53,1",1,19,2,8
"2362",2362,521,"63,5",2,7,3,14
"2363",2363,529,"38,9",2,15,1,13
"2364",2364,540,"78,5",2,2,4,27
"2365",2365,543,"83,7",2,9,4,29
"2366",2366,558,"38,4",2,10,1,6
"2367",2367,562,"33,1",2,11,1,2
"2368",2368,563,"48,8",1,8,2,17
"2369",2369,565,"68,1",2,17,3,17
"2370",2370,566,"35,4",2,19,1,6
"2371",2371,567,"65,8",2,7,3,14
"2372",2372,568,"64,4",2,12,3,14
"2373",2373,569,"37,3",2,19,1,5
"2374",2374,570,"76,4",1,7,3,10
"2375",2375,576,"63,5",1,11,3,18
"2376",2376,583,"17,1",2,14,0,3
"2377",2377,605,"73,2",2,12,3,18
"2378",2378,616,"83,7",1,3,4,16
"2379",2379,619,"84",2,8,4,16
"2380",2380,632,"76,3",1,6,3,25
"2381",2381,633,"73,2",2,5,3,19
"2382",2382,634,"36,5",2,8,1,6
"2383",2383,635,"34,4",2,17,1,2
"2384",2384,636,"47,8545127651924",2,11,2,3
"2385",2385,637,"50,7",2,1,2,4
"2386",2386,638,"37,7",1,14,1,9
"2387",2387,643,"63,5",2,23,3,17
"2388",2388,644,"69,7",2,12,3,22
"2389",2389,656,"38",2,4,1,7
"2390",2390,657,"63,5",1,8,3,22
"2391",2391,658,"63,5",1,5,3,18
"2392",2392,660,"84",1,3,4,23
"2393",2393,661,"26,5",2,13,0,4
"2394",2394,662,"67",2,1,3,16
"2395",2395,663,"38,9",1,11,1,10
"2396",2396,664,"29,8",2,6,0,4
"2397",2397,674,"80,9",2,28,4,18
"2398",2398,675,"35,4",2,2,1,6
"2399",2399,676,"86,6",1,24,4,15
"2400",2400,677,"35,1",1,15,1,4
"2401",2401,678,"86",1,3,4,21
"2402",2402,679,"36,1",2,16,1,8
"2403",2403,680,"63,5",2,16,3,17
"2404",2404,681,"33,1",2,15,1,5
"2405",2405,683,"78,5",2,5,3,21
"2406",2406,684,"27,9",2,9,0,2
"2407",2407,685,"22,5",2,6,0,4
"2408",2408,686,"38,2",1,11,1,3
"2409",2409,687,"37,7",2,16,1,7
"2410",2410,688,"48,6",2,15,2,7
"2411",2411,689,"73,2",2,3,3,29
"2412",2412,691,"86,8",1,14,4,25
"2413",2413,692,"38",2,13,1,6
"2414",2414,693,"63,5",1,9,3,15
"2415",2415,694,"64,2",2,13,3,15
"2416",2416,695,"63,5",1,4,3,14
"2417",2417,696,"26,7",2,17,0,2
"2418",2418,698,"63,5",2,4,3,12
"2419",2419,707,"63,5",2,15,3,27
"2420",2420,708,"50,5",1,14,2,7
"2421",2421,709,"29,5",1,10,1,2
"2422",2422,725,"31,4",1,5,1,4
"2423",2423,730,"63,5",2,11,2,22
"2424",2424,732,"87",2,13,4,22
"2425",2425,733,"63,5",1,7,3,26
"2426",2426,734,"63,5",1,7,3,17
"2427",2427,736,"64,2",2,8,3,10
"2428",2428,738,"50,7",1,10,2,9
"2429",2429,741,"63,5",1,12,2,11
"2430",2430,745,"73,6",1,16,3,17
"2431",2431,756,"78,5",2,22,4,26
"2432",2432,758,"87,9",1,0,4,16
"2433",2433,762,"25,2",1,16,0,5
"2434",2434,763,"31,4",1,4,0,4
"2435",2435,764,"64,2",1,7,3,13
"2436",2436,765,"76,3",1,3,3,14
"2437",2437,768,"38",2,13,1,7
"2438",2438,769,"26,5",2,9,0,2
"2439",2439,770,"52,4",1,7,2,6
"2440",2440,771,"38,9",2,11,1,14
"2441",2441,774,"31,4",2,2,1,3
"2442",2442,789,"31,4",1,12,1,4
"2443",2443,792,"44,3",2,17,2,5
"2444",2444,816,"33,1",2,17,1,4
"2445",2445,818,"50,7",1,2,2,7
"2446",2446,819,"35,1",1,13,1,5
"2447",2447,837,"38,4",2,3,1,7
"2448",2448,859,"33,1",2,10,1,5
"2449",2449,863,"76,3",1,11,3,17
"2450",2450,864,"73,2",2,7,3,16
"2451",2451,865,"75,2",1,0,3,22
"2452",2452,866,"29,8",1,1,0,4
"2453",2453,867,"97,2",1,6,4,27
"2454",2454,869,"38,4",2,3,1,7
"2455",2455,870,"96",1,23,4,36
"2456",2456,871,"53,3",2,21,2,8
"2457",2457,873,"33,9",1,18,1,7
"2458",2458,876,"83,7",1,15,4,13
"2459",2459,896,"39",1,20,1,6
"2460",2460,901,"47,8545127651924",2,11,2,8
"2461",2461,918,"97,2",1,15,4,26
"2462",2462,919,"73,3",1,11,3,21
"2463",2463,928,"28,4",2,6,0,3
"2464",2464,934,"48,5",1,9,2,5
"2465",2465,937,"86,6",1,11,4,29
"2466",2466,943,"88,8",1,9,4,28
"2467",2467,954,"73,2",2,11,3,27
"2468",2468,956,"37,4",2,7,1,6
"2469",2469,958,"37,7",2,4,1,7
"2470",2470,962,"32,3",1,12,1,6
"2471",2471,963,"34,3",2,13,1,5
"2472",2472,964,"27,5",2,15,0,2
"2473",2473,965,"29,3",2,11,0,6
"2474",2474,966,"69,7",1,14,3,22
"2475",2475,967,"50,7",2,6,2,8
"2476",2476,970,"50,7",2,12,2,15
"2477",2477,983,"49,6",2,17,2,12
"2478",2478,985,"76,3",1,21,3,13
"2479",2479,986,"26,4",2,10,0,6
"2480",2480,987,"38,1",1,17,1,7
"2481",2481,988,"56,5",2,4,2,16
"2482",2482,990,"73,2",2,16,3,17
"2483",2483,991,"73,3",2,27,3,17
"2484",2484,992,"45,3",1,2,2,17
"2485",2485,993,"39",2,2,1,4
"2486",2486,998,"53,3",2,8,2,24
"2487",2487,1010,"29,1",2,10,0,4
"2488",2488,1021,"42,7",1,10,2,8
"2489",2489,1027,"29,2",1,4,0,2
"2490",2490,1028,"29,2",2,0,0,4
"2491",2491,1045,"29,3",1,16,0,6
"2492",2492,1052,"47,8545127651924",2,13,2,8
"2493",2493,1061,"97,2",1,17,4,21
"2494",2494,1062,"69,2",2,2,3,15
"2495",2495,1063,"33,6",2,4,1,5
"2496",2496,1064,"32,3",1,2,1,2
"2497",2497,1065,"47,8545127651924",1,10,2,4
"2498",2498,1066,"34,2",1,1,1,6
"2499",2499,1067,"87,9",1,9,4,26
"2500",2500,1068,"36,5",2,17,1,5
"2501",2501,1069,"29,2",1,8,0,3
"2502",2502,1070,"44,7",1,8,2,5
"2503",2503,1071,"31,5",1,13,1,1
"2504",2504,1072,"32,3",1,18,1,5
"2505",2505,1073,"47,8545127651924",2,12,2,4
"2506",2506,1074,"28,4",2,8,0,5
"2507",2507,1076,"63,5",2,2,3,14
"2508",2508,1077,"34,2",1,0,1,4
"2509",2509,1079,"64,2",1,24,3,19
"2510",2510,1080,"63,2",2,6,2,15
"2511",2511,1081,"37,7",2,22,1,3
"2512",2512,1082,"38,4",2,12,1,6
"2513",2513,1083,"26,7",2,13,0,2
"2514",2514,1084,"21,2",2,8,0,3
"2515",2515,1085,"73,8",2,8,3,17
"2516",2516,1086,"36,5",1,22,1,7
"2517",2517,1088,"73,9",2,4,3,22
"2518",2518,1089,"43,3",1,8,2,9
"2519",2519,1090,"33,6",1,19,1,5
"2520",2520,1091,"38",2,11,1,18
"2521",2521,1092,"47",2,8,2,5
"2522",2522,1093,"63,2",2,3,2,20
"2523",2523,1094,"54,2",2,18,2,4
"2524",2524,1095,"37,7",2,13,1,2
"2525",2525,1096,"36,9",2,18,1,6
"2526",2526,1097,"33,1",2,17,1,6
"2527",2527,1098,"37,4",2,11,1,5
"2528",2528,1099,"47,8545127651924",2,16,2,4
"2529",2529,1100,"33,6",2,7,1,4
"2530",2530,1101,"33,1",2,19,1,4
"2531",2531,1102,"21,2",2,9,0,1
"2532",2532,1103,"78,5",1,7,3,30
"2533",2533,1104,"52,5",2,16,2,7
"2534",2534,1105,"29,3",2,11,0,5
"2535",2535,1106,"51,9",2,10,2,5
"2536",2536,1107,"47,8545127651924",2,14,2,6
"2537",2537,1108,"80,3",1,14,4,27
"2538",2538,1109,"78,5",2,6,4,22
"2539",2539,1111,"86,6",1,9,4,26
"2540",2540,1112,"38,4",2,11,1,7
"2541",2541,1113,"45,8",2,4,2,5
"2542",2542,1114,"31,5",1,21,0,5
"2543",2543,1115,"26,4",1,15,0,2
"2544",2544,1116,"37,7",2,4,1,15
"2545",2545,1117,"37,7",2,19,1,7
"2546",2546,1118,"73,9",2,1,3,18
"2547",2547,1120,"86",1,5,4,19
"2548",2548,1127,"50,7",1,7,2,3
"2549",2549,1133,"50,7",1,18,2,16
"2550",2550,1136,"38,2",1,13,1,5
"2551",2551,1144,"51,9",2,9,2,9
"2552",2552,1146,"32,8",1,3,1,6
"2553",2553,1156,"53,4",1,19,2,5
"2554",2554,1165,"35,4",2,9,1,12
"2555",2555,1166,"36,5",1,9,1,8
"2556",2556,1167,"28,4",1,9,0,5
"2557",2557,1177,"73,2",2,12,3,11
"2558",2558,1180,"80,9",2,15,4,17
"2559",2559,1186,"32",2,10,1,4
"2560",2560,1187,"42,7",1,14,1,6
"2561",2561,1188,"27,5",1,2,0,2
"2562",2562,1191,"31,2",2,11,1,3
"2563",2563,1192,"29,3",1,12,0,4
"2564",2564,1193,"33,1",2,21,1,4
"2565",2565,1194,"33,9",1,21,1,3
"2566",2566,1201,"48,9",1,5,2,9
"2567",2567,1203,"33,6",1,16,1,5
"2568",2568,1205,"73,3",1,6,3,14
"2569",2569,1206,"52,3",2,9,2,10
"2570",2570,1208,"45,3",1,7,2,7
"2571",2571,1209,"39,4",1,14,1,5
"2572",2572,1210,"37,6",1,14,1,4
"2573",2573,1211,"43,7",2,10,2,7
"2574",2574,1212,"39,4",1,12,1,4
"2575",2575,1213,"21,2",2,11,0,5
"2576",2576,1214,"29,8",2,11,0,5
"2577",2577,1215,"37,1",1,4,1,5
"2578",2578,1217,"27,7",2,10,0,2
"2579",2579,1218,"69,2",2,12,3,19
"2580",2580,1219,"62,1",2,7,2,14
"2581",2581,1220,"33,1",2,7,1,4
"2582",2582,1222,"35,4",1,14,1,3
"2583",2583,1224,"73,2",2,2,3,21
"2584",2584,1225,"28,6",1,1,0,4
"2585",2585,1226,"33",1,13,1,6
"2586",2586,1227,"27,5",2,4,0,3
"2587",2587,1228,"45,8",2,7,2,9
"2588",2588,1229,"29,3",2,3,0,5
"2589",2589,1230,"28,4",1,1,0,2
"2590",2590,1231,"36,5",1,3,1,8
"2591",2591,1232,"51,9",2,10,2,9
"2592",2592,1233,"47,8545127651924",2,11,2,4
"2593",2593,1234,"31,4",1,4,1,5
"2594",2594,1235,"38,4",2,15,1,5
"2595",2595,1236,"33,3",1,11,1,2
"2596",2596,1238,"64,2",2,16,3,15
"2597",2597,1239,"36,5",2,1,1,5
"2598",2598,1240,"37,7",2,5,1,8
"2599",2599,1241,"33,1",2,10,1,3
"2600",2600,1242,"35,7",2,5,1,4
"2601",2601,1243,"33,9",2,13,1,6
"2602",2602,1244,"64,1",1,10,3,12
"2603",2603,1245,"37,9",2,10,1,2
"2604",2604,1246,"27,2",2,13,0,2
"2605",2605,1247,"48,5",1,15,2,6
"2606",2606,1248,"31,5",1,8,1,4
"2607",2607,1251,"28,6",1,10,0,4
"2608",2608,1252,"37,6",2,14,1,7
"2609",2609,1253,"29,4",1,10,0,6
"2610",2610,1254,"63,5",2,17,3,13
"2611",2611,1255,"71,6",2,14,3,20
"2612",2612,1256,"80,9",2,4,4,16
"2613",2613,1257,"26,7",2,5,0,4
"2614",2614,1258,"32,4",2,11,1,4
"2615",2615,1259,"26,7",1,12,0,4
"2616",2616,1260,"73,2",2,4,3,12
"2617",2617,1261,"33,6",2,11,1,7
"2618",2618,1262,"63,5",1,1,3,17
"2619",2619,1263,"22,7",2,3,0,2
"2620",2620,1282,"51",2,4,2,7
"2621",2621,1286,"33,1",2,13,1,12
"2622",2622,1288,"92,3",1,18,4,19
"2623",2623,1289,"63,2",1,3,3,14
"2624",2624,1291,"36,9",2,17,1,16
"2625",2625,1292,"29,2",1,9,0,2
"2626",2626,1293,"47,8545127651924",2,6,2,3
"2627",2627,1297,"67",2,2,3,14
"2628",2628,1298,"38,4",2,9,1,12
"2629",2629,1300,"73,2",2,10,3,20
"2630",2630,1309,"30,1",1,6,0,4
"2631",2631,1312,"29,2",1,7,0,4
"2632",2632,1330,"29,2",1,15,0,3
"2633",2633,1331,"39",1,9,1,4
"2634",2634,1333,"32,7",2,11,1,2
"2635",2635,1340,"30,7",2,10,1,5
"2636",2636,1350,"33,1",2,2,1,3
"2637",2637,1352,"76,4",2,11,3,18
"2638",2638,1360,"71,6",2,9,3,19
"2639",2639,1372,"29,3",2,13,0,5
"2640",2640,1373,"29",2,8,0,5
"2641",2641,1374,"37",1,2,1,2
"2642",2642,1375,"33,1",2,1,1,3
"2643",2643,1377,"63,2",2,8,2,18
"2644",2644,1378,"37,7",2,10,1,6
"2645",2645,1380,"92,3",1,4,4,32
"2646",2646,1381,"34,3",1,3,1,4
"2647",2647,1382,"74,4",2,25,3,39
"2648",2648,1384,"28,6",1,7,0,2
"2649",2649,1385,"56,6",2,18,2,8
"2650",2650,1387,"73,2",2,11,3,29
"2651",2651,1388,"63,5",2,7,3,17
"2652",2652,1391,"74,1",2,13,3,27
"2653",2653,1402,"62,2",1,8,2,13
"2654",2654,1410,"73,9",2,22,3,28
"2655",2655,1412,"33,1",2,3,1,3
"2656",2656,1416,"92,9",2,13,4,26
"2657",2657,1424,"54,2",1,20,2,19
"2658",2658,1426,"42,2",1,16,1,7
"2659",2659,1428,"29,2",1,12,0,3
"2660",2660,1431,"32,4",2,5,1,4
"2661",2661,1437,"26,4",2,10,0,5
"2662",2662,1447,"62,5",1,9,2,14
"2663",2663,1452,"53,9",1,8,2,9
"2664",2664,1456,"38,4",2,23,1,7
"2665",2665,1467,"67",2,12,3,14
"2666",2666,1469,"64,8",2,0,3,15
"2667",2667,1470,"55,1",2,10,2,16
"2668",2668,1480,"55,1",2,11,2,13
"2669",2669,1481,"47,8545127651924",2,8,2,7
"2670",2670,1494,"32,3",1,7,1,5
"2671",2671,1495,"38,4",1,15,1,5
"2672",2672,1496,"48,5",1,18,2,6
"2673",2673,1507,"36,9",2,8,1,5
"2674",2674,1509,"56,6",2,12,2,9
"2675",2675,1516,"44,7",1,10,2,5
"2676",2676,1517,"38",2,14,1,6
"2677",2677,1518,"66,1",2,30,3,9
"2678",2678,1524,"74,4",1,9,3,27
"2679",2679,1530,"48,5",2,13,2,8
"2680",2680,1533,"69,7",1,12,3,13
"2681",2681,1559,"35,1",1,24,1,2
"2682",2682,1561,"50,7",2,4,2,5
"2683",2683,1564,"38,4",2,12,1,18
"2684",2684,1571,"38,9",2,26,1,5
"2685",2685,1572,"20,1",2,13,0,2
"2686",2686,1574,"46,3",2,11,2,14
"2687",2687,1585,"63,5",1,17,3,16
"2688",2688,1586,"87",1,20,4,21
"2689",2689,1587,"63,5",1,4,3,13
"2690",2690,1588,"59",2,22,2,13
"2691",2691,1589,"49,6",1,8,2,8
"2692",2692,1591,"63,5",2,1,2,13
"2693",2693,1592,"63,5",1,19,3,14
"2694",2694,1593,"47,8545127651924",2,10,2,10
"2695",2695,1594,"90",2,6,4,24
"2696",2696,1596,"76,4",2,4,3,16
"2697",2697,1597,"33,6",1,14,1,5
"2698",2698,1598,"50,7",2,7,2,10
"2699",2699,1599,"26,4",2,11,0,5
"2700",2700,1600,"29,8",1,12,1,4
"2701",2701,1601,"33,1",2,10,1,5
"2702",2702,1602,"86",1,1,4,19
"2703",2703,1603,"50,5",2,3,2,19
"2704",2704,1604,"74,4",1,7,3,16
"2705",2705,1605,"29,2",1,8,0,6
"2706",2706,1606,"37,4",2,7,1,6
"2707",2707,1607,"43,6",2,11,2,20
"2708",2708,1608,"46,7",2,2,2,10
"2709",2709,1609,"38,9",2,22,1,3
"2710",2710,1610,"38,4",2,10,1,7
"2711",2711,1611,"43,4",1,12,2,3
"2712",2712,1612,"30,1",1,7,1,14
"2713",2713,1615,"61,4",2,6,2,11
"2714",2714,1629,"38,4",2,7,1,6
"2715",2715,1630,"50,7",2,8,2,9
"2716",2716,1632,"74,4",2,0,3,30
"2717",2717,1642,"40",2,17,1,6
"2718",2718,1669,"63,2",1,12,3,14
"2719",2719,1671,"78,5",2,10,3,16
"2720",2720,1678,"31,5",1,12,1,5
"2721",2721,1690,"51,9",1,22,2,8
"2722",2722,1703,"22,5",2,12,0,3
"2723",2723,1706,"37,3",2,6,1,5
"2724",2724,1710,"62,1",2,17,2,15
"2725",2725,1711,"73,2",2,3,3,32
"2726",2726,1712,"36,9",2,9,1,7
"2727",2727,1716,"73,3",1,3,3,20
"2728",2728,1719,"45,3",1,16,2,9
"2729",2729,1725,"44,7",1,9,2,8
"2730",2730,1747,"39,4",2,10,1,5
"2731",2731,1748,"61,9",2,9,3,19
"2732",2732,1750,"63,5",1,10,2,2
"2733",2733,1760,"39",1,14,1,3
"2734",2734,1763,"32,4",2,14,1,6
"2735",2735,1765,"40",1,9,1,6
"2736",2736,1766,"38,9",1,5,1,4
"2737",2737,1767,"38,9",2,9,1,6
"2738",2738,1768,"76,4",2,24,3,18
"2739",2739,1770,"38",2,12,1,6
"2740",2740,1772,"87,9",1,21,4,19
"2741",2741,1773,"48,5",2,4,2,7
"2742",2742,1774,"61,9",1,8,2,13
"2743",2743,1777,"32,7",1,11,1,5
"2744",2744,1779,"51",2,6,2,15
"2745",2745,1788,"22,9",1,2,0,3
"2746",2746,1796,"33,1",2,0,1,4
"2747",2747,1797,"22,5",2,15,0,2
"2748",2748,1798,"47,8545127651924",2,3,2,5
"2749",2749,1799,"47,8545127651924",2,17,2,4
"2750",2750,1800,"30,7",2,6,1,6
"2751",2751,1801,"27,5",2,18,0,4
"2752",2752,1803,"74,4",2,12,3,19
"2753",2753,1806,"31,5",1,8,1,4
"2754",2754,1807,"48,5",1,9,2,7
"2755",2755,1809,"48,5",1,7,2,7
"2756",2756,1837,"96",1,5,4,35
"2757",2757,1847,"28,4",1,2,0,4
"2758",2758,1852,"73,2",2,31,3,15
"2759",2759,1857,"36,5",2,11,1,5
"2760",2760,1858,"64,1",1,6,3,14
"2761",2761,1861,"36,5",1,13,1,3
"2762",2762,1862,"63,5",2,15,2,5
"2763",2763,1863,"63,5",1,6,2,12
"2764",2764,1864,"32,3",1,4,1,6
"2765",2765,1865,"21,2",2,11,0,1
"2766",2766,1868,"29,1",2,7,0,3
"2767",2767,1869,"47,8545127651924",2,8,2,3
"2768",2768,1870,"30,2",1,5,1,2
"2769",2769,1871,"31,5",1,13,1,6
"2770",2770,1874,"63,5",1,11,3,16
"2771",2771,1883,"33,1",2,5,1,2
"2772",2772,1890,"63,5",2,3,3,6
"2773",2773,1896,"62,1",1,13,2,21
"2774",2774,1897,"88,8",2,6,4,16
"2775",2775,1899,"69,2",2,13,3,12
"2776",2776,1916,"78,5",1,13,4,21
"2777",2777,1922,"63,5",1,12,2,5
"2778",2778,1928,"29,2",2,3,0,4
"2779",2779,1940,"61,9",2,6,2,19
"2780",2780,1942,"38,4",2,13,1,6
"2781",2781,1947,"29,2",1,12,0,4
"2782",2782,1948,"33,1",2,3,1,3
"2783",2783,1949,"38,9",2,19,1,3
"2784",2784,1950,"36,5",1,3,1,5
"2785",2785,1951,"30,1",1,9,1,5
"2786",2786,1952,"80,3",1,1,4,22
"2787",2787,1953,"38,4",2,10,1,7
"2788",2788,1954,"47,8545127651924",1,16,2,6
"2789",2789,1955,"64,8",2,9,3,30
"2790",2790,1956,"47,8545127651924",2,3,2,4
"2791",2791,1957,"33,1",1,5,1,6
"2792",2792,1958,"38,4",2,18,1,5
"2793",2793,1959,"53,1",1,20,2,19
"2794",2794,1960,"31,5",1,18,1,2
"2795",2795,1961,"35,1",1,18,1,7
"2796",2796,1962,"53,3",2,19,2,6
"2797",2797,1963,"29,3",2,16,0,4
"2798",2798,1964,"38,4",2,7,1,4
"2799",2799,1965,"47,8545127651924",1,2,2,5
"2800",2800,1966,"38,4",1,3,1,5
"2801",2801,1967,"35,4",2,12,1,6
"2802",2802,1970,"36,5",2,4,1,5
"2803",2803,1974,"74",2,6,3,16
"2804",2804,1977,"43,7",2,5,2,21
"2805",2805,1978,"27,5",2,10,0,6
"2806",2806,1979,"56,6",2,3,2,7
"2807",2807,1980,"43,7",2,10,2,13
"2808",2808,1985,"29,8",2,2,0,4
"2809",2809,1987,"29,2",1,10,0,3
"2810",2810,1990,"50,7",2,10,2,19
"2811",2811,2002,"62",1,14,2,14
"2812",2812,2003,"36,5",2,15,1,5
"2813",2813,2034,"63,5",2,3,3,9
"2814",2814,2037,"54,2",1,9,2,9
"2815",2815,2054,"53,7",2,14,2,3
"2816",2816,2055,"53,7",1,20,2,8
"2817",2817,2061,"52,5",2,9,2,10
"2818",2818,2063,"59",1,14,2,10
"2819",2819,2064,"30,7",2,9,0,5
"2820",2820,2065,"72,5",1,1,3,18
"2821",2821,2067,"50,7",1,8,2,8
"2822",2822,2068,"63,5",2,4,3,12
"2823",2823,2070,"38,1",2,14,1,6
"2824",2824,2071,"59,9",1,5,2,15
"2825",2825,2076,"68,1",2,17,3,13
"2826",2826,2085,"33,3",2,11,1,5
"2827",2827,2103,"26,4",2,9,0,4
"2828",2828,2120,"64,1",1,5,3,15
"2829",2829,2125,"62,5",1,3,2,22
"2830",2830,2129,"76,3",1,3,3,26
"2831",2831,2135,"38,9",2,20,1,6
"2832",2832,2149,"63,5",2,5,3,22
"2833",2833,2153,"78,5",2,19,4,25
"2834",2834,2171,"48,5",1,8,2,8
"2835",2835,2174,"29,5",1,1,0,12
"2836",2836,2185,"33,1",2,6,1,2
"2837",2837,2186,"27,7",2,10,0,5
"2838",2838,2187,"29,3",2,17,0,5
"2839",2839,2188,"33,1",2,7,1,3
"2840",2840,2191,"87,9",1,7,4,34
"2841",2841,2192,"86,6",1,6,4,23
"2842",2842,2193,"73,2",2,4,3,19
"2843",2843,2194,"93,3",1,4,4,25
"2844",2844,2195,"27,5",1,20,0,4
"2845",2845,2196,"29,3",2,13,0,3
"2846",2846,2199,"38,4",2,12,1,7
"2847",2847,2200,"82,7",2,13,4,19
"2848",2848,2201,"61,9",2,12,2,22
"2849",2849,2202,"33,1",1,22,1,5
"2850",2850,2203,"59,3",2,7,2,7
"2851",2851,2204,"68,8",2,5,3,16
"2852",2852,2205,"50,7",2,16,2,6
"2853",2853,2206,"63,5",1,20,2,9
"2854",2854,2207,"31,3",1,10,1,3
"2855",2855,2210,"28,6",1,16,0,1
"2856",2856,2217,"63,2",2,5,3,16
"2857",2857,2221,"32,3",1,1,1,3
"2858",2858,2225,"37,3",1,1,1,13
"2859",2859,2233,"29,3",2,14,0,3
"2860",2860,2248,"37,3",1,10,1,7
"2861",2861,2258,"50,7",1,2,2,14
"2862",2862,2265,"38,9",2,12,1,5
"2863",2863,2267,"78,5",2,1,4,27
"2864",2864,2269,"32,3",1,5,1,3
"2865",2865,2272,"28,6",1,2,0,2
"2866",2866,2274,"18,5",2,11,0,3
"2867",2867,2276,"29,2",2,5,0,5
"2868",2868,2283,"38",2,15,1,6
"2869",2869,2474,"26,7",1,15,0,4
"2870",2870,475,"66,1",1,2,3,3
"2871",2871,574,"48,5",1,6,2,13
"2872",2872,729,"65,8",1,17,3,19
"2873",2873,735,"81",1,14,4,17
"2874",2874,755,"48,6",1,2,2,16
"2875",2875,799,"28,6",1,16,0,4
"2876",2876,872,"86,6",1,17,4,21
"2877",2877,1029,"52,4",1,17,2,16
"2878",2878,1216,"17,1",2,6,0,2
"2879",2879,1237,"74,9",1,1,3,20
"2880",2880,1264,"32,4",2,1,1,3
"2881",2881,1403,"38,1",1,1,1,6
"2882",2882,1866,"37,6",1,15,1,5
"2883",2883,1969,"29,2",1,9,0,5
"2884",2884,1972,"31,5",1,17,1,2
"2885",2885,1996,"78,5",1,7,3,18
"2886",2886,1998,"76,5",2,0,3,15
"2887",2887,2053,"39,4",1,16,1,12
"2888",2888,2087,"46,8",2,30,2,5
"2889",2889,2160,"29,2",1,9,0,5
"2890",2890,690,"73,6",2,23,3,30
"2891",2891,1981,"37,2",1,10,1,6
"2892",2892,181,"76,4",2,6,3,14
"2893",2893,375,"63,2",2,18,3,11
"2894",2894,509,"66,1",1,13,3,14
"2895",2895,1011,"51,9",1,1,2,11
"2896",2896,1590,"63,5",2,10,3,17
"2897",2897,1764,"54,9",1,9,2,10
"2898",2898,2291,"52,4",2,19,2,6
"2899",2899,2285,"30,1",1,17,0,5
"2900",2900,2364,"26,7",2,12,0,5
"2901",2901,1973,"38,9",1,11,1,6
"2902",2902,285,"28,6",1,7,0,4
"2903",2903,473,"69,2",1,16,3,9
"2904",2904,1915,"63,5",2,8,3,15
