"","childs","degree","educ","sei","suicide","divorce"
"1",0,1,12,"43,4",NA,0
"2",0,3,17,"38,9",1,NA
"3",3,4,18,"35,1",NA,NA
"4",4,0,6,"62,5",1,1
"5",4,0,8,"17,1",NA,NA
"6",4,3,17,"69,2",NA,NA
"7",3,1,12,"29,8",NA,NA
"8",1,1,13,"37,7",0,NA
"9",0,1,13,"37,7",1,NA
"10",4,1,13," ",NA,NA
"11",0,4,19,"92,3",NA,NA
"12",0,4,16,"80,9",1,NA
"13",0,3,16,"76,4",NA,NA
"14",0,1,13,"37,4",1,NA
"15",1,3,16,"38,4",0,NA
"16",0,3,16,"38,9",1,NA
"17",0,1,15,"62,5",NA,0
"18",0,4,19,"83,9",1,NA
"19",0,1,13,"17,1",1,1
"20",2,1,12,"37,7",1,NA
"21",4,1,12,"39,4",0,NA
"22",5,0,4,"27,5",0,0
"23",1,1,15,"49,9",1,NA
"24",0,1,12,"29,3",0,0
"25",1,0,11,"29,3",0,NA
"26",0,1,16,"52,5",NA,NA
"27",1,3,20,"53,7",0,0
"28",0,3,17,"76,3",NA,NA
"29",0,3,16,"72,5",1,NA
"30",0,3,16,"33,9",NA,NA
"31",2,4,20,"78,7",1,0
"32",0,0,3,"28,4",NA,0
"33",1,2,15,"60,6",NA,NA
"34",0,3,16,"63,5",1,NA
"35",0,3,16,"67",1,NA
"36",2,2,14,"63,5",0,NA
"37",0,0,9," ",1,NA
"38",3,4,17,"28,4",1,NA
"39",1,0,10," ",NA,0
"40",1,3,16,"69,2",0,NA
"41",0,1,14,"50,7",1,NA
"42",2,0,8,"22,5",0,NA
"43",2,4,18,"56,6",NA,NA
"44",3,0,12," ",NA,NA
"45",0,0,10,"37,6",1,NA
"46",0,3,16,"67",1,0
"47",3,0,7,"33,1",NA,NA
"48",0,0,9,"32,1",1,NA
"49",3,1,12,"34,2",0,1
"50",1,1,12,"23,3",1,NA
"51",0,1,13,"31,4",NA,NA
"52",1,4,18,"96",NA,0
"53",2,1,12,"53,7",1,0
"54",0,1,12,"28,6",0,NA
"55",0,4,20,"97,2",0,NA
"56",0,3,16,"63,5",1,NA
"57",0,3,16,"33,9",NA,NA
"58",0,1,12,"53,7",0,NA
"59",0,1,13,"60,6",1,NA
"60",0,0,11,"29,6",NA,NA
"61",3,1,12,"28,6",0,0
"62",0,3,17,"33,1",NA,NA
"63",3,1,12,"63,5",NA,0
"64",1,1,12,"38,9",0,0
"65",2,3,16,"63,5",NA,NA
"66",2,3,16,"38",1,0
"67",0,2,14,"28,6",1,NA
"68",3,0,6," ",1,0
"69",2,1,12,"38",NA,0
"70",3,1,12,"36,5",NA,0
"71",2,0,8,"29,3",1,NA
"72",0,3,16,"81",NA,NA
"73",2,1,10," ",1,0
"74",1,3,15,"36,5",NA,NA
"75",1,1,10," ",NA,NA
"76",3,0,10," ",NA,NA
"77",1,4,18,"69,2",1,NA
"78",1,1,15,"45,8",0,0
"79",0,0,10,"28,4",NA,NA
"80",0,1,12,"38",1,NA
"81",3,1,12,"69,2",NA,NA
"82",2,1,13,"29,3",1,NA
"83",0,3,16,"50,5",0,NA
"84",1,1,12,"68,1",0,0
"85",4,1,12,"33,9",1,1
"86",3,3,16,"76,4",1,1
"87",3,1,16,"39",NA,0
"88",1,3,16,"63,5",NA,NA
"89",1,3,16,"76,4",1,0
"90",2,4,20,"73,9",1,0
"91",0,0,11," ",1,NA
"92",3,3,16,"38,9",1,0
"93",0,3,16,"38,9",1,NA
"94",2,1,13,"52,5",NA,0
"95",0,3,16,"50,7",1,NA
"96",3,1,15,"64,1",0,0
"97",2,0,12,"32,1",NA,NA
"98",2,1,13,"35,1",1,NA
"99",0,0,7,"22,7",NA,NA
"100",3,1,11,"30,8",0,NA
"101",2,1,14,"29,4",NA,0
"102",0,0,10,"33,1",0,NA
"103",6,1,12," ",1,0
"104",2,1,14,"26,4",NA,0
"105",0,1,NA," ",1,0
"106",5,0,9," ",0,0
"107",3,0,8,"29,2",1,0
"108",0,0,11,"28,6",NA,NA
"109",0,3,16,"53,3",NA,NA
"110",2,1,13,"29,3",0,NA
"111",4,1,13," ",1,NA
"112",1,1,12,"48,9",NA,NA
"113",3,3,16,"22,5",0,0
"114",3,1,15,"44,7",NA,0
"115",4,1,11,"29,3",0,0
"116",2,1,13,"38,9",1,NA
"117",2,0,9,"28,4",0,0
"118",3,4,20,"87",1,0
"119",0,2,14,"33,6",1,NA
"120",2,3,16,"80,3",NA,0
"121",3,1,14,"38,4",NA,NA
"122",2,0,14,"53,7",NA,NA
"123",3,1,14,"50,7",0,1
"124",0,3,16,"58,3",0,NA
"125",2,1,14,"63,5",1,0
"126",0,1,13,"62,5",1,NA
"127",5,1,12,"26,4",1,1
"128",2,2,14,"35,1",0,0
"129",0,1,13,"37,3",NA,NA
"130",2,1,10,"70,5",0,0
"131",2,1,12,"38,1",1,0
"132",2,1,12,"37,6",1,0
"133",1,0,8,"73,6",NA,0
"134",3,1,12,"33,9",NA,0
"135",0,4,20,"92,3",1,NA
"136",0,1,13,"49,9",NA,0
"137",1,1,12,"36,5",1,NA
"138",2,0,11,"33,1",1,NA
"139",3,1,14,"50,3",0,NA
"140",3,2,14,"31,4",0,0
"141",3,1,14,"36,5",NA,NA
"142",1,1,14,"36,2",NA,NA
"143",5,0,12,"22,7",NA,NA
"144",5,0,10,"48,5",0,NA
"145",0,1,12,"33,1",0,NA
"146",2,1,13,"50,5",1,NA
"147",0,4,16,"33,1",1,NA
"148",0,1,15,"60,5",NA,NA
"149",0,1,12,"30,7",1,NA
"150",1,1,14,"38,1",1,NA
"151",3,2,14,"50,5",NA,NA
"152",4,0,10,"22,7",1,0
"153",2,4,18,"76,3",1,0
"154",0,1,14,"76,3",1,NA
"155",6,1,12,"33,1",NA,0
"156",0,1,14," ",NA,NA
"157",1,1,12,"28,4",0,0
"158",1,1,13,"45,8",NA,NA
"159",2,4,20,"74,4",NA,0
"160",1,0,11,"36,5",1,NA
"161",2,1,14,"63,5",NA,NA
"162",2,3,20,"63,5",NA,0
"163",2,4,18,"76,5",NA,1
"164",0,1,13,"37,7",NA,0
"165",4,0,11,"63,5",1,0
"166",2,3,16,"32",1,0
"167",0,1,14,"36,5",1,NA
"168",1,4,19,"64,4",1,0
"169",2,1,12,"60,5",NA,0
"170",4,1,12,"48,8",NA,0
"171",2,1,12,"38,2",0,0
"172",2,1,14,"34,2",1,0
"173",4,0,11,"28,4",1,0
"174",7,3,19,"50,5",0,0
"175",3,1,15,"74,4",1,0
"176",0,1,14,"38,4",1,1
"177",2,1,13,"38,2",NA,0
"178",0,4,20,"74,4",1,NA
"179",0,3,16,"63,5",1,NA
"180",2,1,12,"63,5",1,0
"181",1,3,16,"76,4",0,0
"182",1,1,12,"28,6",NA,0
"183",2,4,20,"83,7",1,0
"184",8,3,16,"63,2",0,0
"185",1,3,16,"34,2",1,1
"186",0,1,12,"73,3",1,1
"187",0,3,16,"52,5",0,0
"188",2,3,19,"73,2",NA,NA
"189",3,1,12,"73,6",1,0
"190",2,3,16,"53,7",1,0
"191",2,3,17,"37,4",NA,0
"192",1,3,16,"63,5",1,0
"193",2,1,12,"58,3",1,0
"194",0,1,15,"34,4",1,0
"195",5,2,14,"50,7",NA,NA
"196",0,3,16,"63,5",NA,NA
"197",0,3,17,"32",NA,NA
"198",2,1,14,"39",1,0
"199",2,1,14,"32",0,0
"200",1,1,12,"32,3",1,1
"201",2,1,13,"38,1",1,0
"202",2,1,12,"73,2",NA,0
"203",7,1,14,"50,5",0,0
"204",2,1,13,"38,4",1,NA
"205",0,4,18,"33,9",NA,1
"206",3,1,12,"51,9",NA,0
"207",3,3,16,"86,5",0,0
"208",1,0,11,"32,3",NA,0
"209",2,1,12,"28,6",0,0
"210",0,1,12,"33,6",1,NA
"211",2,3,17,"78,5",NA,0
"212",3,1,12,"44,7",0,0
"213",1,3,16,"81,9",NA,NA
"214",3,1,13,"53,7",1,NA
"215",0,1,13,"53,7",1,NA
"216",2,4,18,"63,5",1,0
"217",0,3,16,"61,1",1,NA
"218",3,3,16,"63,5",1,1
"219",3,1,15,"38,4",1,0
"220",3,3,16,"63,5",1,0
"221",3,1,13,"82,7",NA,1
"222",3,4,20,"63,5",1,0
"223",0,4,18,"61,1",1,1
"224",0,3,16,"26,4",1,NA
"225",0,0,14,"42,5",1,NA
"226",0,3,16,"52,5",1,0
"227",0,3,18,"72,5",NA,1
"228",0,3,16,"84,7",1,NA
"229",0,3,17,"52,5",NA,NA
"230",0,3,17,"40,2",1,NA
"231",0,3,16,"82,7",1,NA
"232",1,1,14,"22,5",1,NA
"233",0,1,12,"63,5",NA,0
"234",1,1,14,"33,9",0,NA
"235",1,3,16,"76,4",NA,0
"236",2,4,18,"75,9",1,0
"237",0,3,16,"40,1",1,NA
"238",0,3,17,"78,5",1,0
"239",0,2,14,"60,5",NA,NA
"240",0,4,19,"78,5",NA,0
"241",0,0,17,"60,6",1,NA
"242",4,4,20,"76,4",0,0
"243",1,1,15,"60,6",NA,1
"244",5,0,11,"36,5",NA,NA
"245",0,1,13,"36,9",0,NA
"246",2,0,7,"22,5",0,NA
"247",2,1,13,"36,9",NA,NA
"248",3,0,14,"43,7",NA,NA
"249",NA,1,12,"28,4",NA,NA
"250",1,0,11," ",0,NA
"251",4,0,10,"50,5",0,0
"252",3,1,16,"29,3",NA,1
"253",0,1,15,"42,3",0,0
"254",0,0,NA,"29,3",NA,NA
"255",0,2,16,"76,4",NA,0
"256",0,1,13,"49,6",NA,0
"257",2,2,14,"38",1,0
"258",3,1,13,"67",0,0
"259",3,2,14,"67",1,0
"260",1,3,16,"63,2",1,NA
"261",4,1,14,"53,1",1,0
"262",2,3,17,"63,5",1,1
"263",4,3,16,"80,3",NA,0
"264",0,1,13,"38",NA,0
"265",1,4,20,"86,5",1,NA
"266",0,2,14,"50,7",NA,NA
"267",2,3,16,"81",1,NA
"268",2,1,12,"46,7",1,0
"269",5,1,12,"20,1",NA,0
"270",2,3,18,"73,2",0,0
"271",2,3,16,"61,9",0,0
"272",0,1,14,"63,5",1,1
"273",2,1,12,"41,6",NA,NA
"274",0,1,13,"28,6",1,NA
"275",0,1,14,"49,6",NA,NA
"276",0,1,12," ",0,NA
"277",0,3,16,"73,2",1,NA
"278",1,0,9,"53,7",0,0
"279",4,1,12,"53,7",1,1
"280",4,3,16,"74,4",NA,NA
"281",0,0,11,"68,1",1,NA
"282",2,1,12,"45,3",NA,NA
"283",0,1,14,"28,6",NA,NA
"284",0,1,12,"37,7",0,NA
"285",3,1,13,"28,6",NA,0
"286",2,3,16,"86,8",NA,0
"287",2,1,14,"32,7",NA,0
"288",2,1,13,"31,4",0,NA
"289",1,1,13,"37,9",0,0
"290",0,1,14,"31,4",0,0
"291",3,1,12,"53,3",0,NA
"292",2,2,15,"38,4",NA,NA
"293",3,0,13," ",1,NA
"294",2,3,17,"50,7",1,1
"295",4,0,8,"32,4",1,NA
"296",7,0,6,"40",NA,1
"297",0,1,14,"32,3",NA,NA
"298",0,1,13,"33,1",NA,NA
"299",0,0,8,"32,4",1,0
"300",1,1,12,"38,7",0,NA
"301",2,1,14,"34,2",NA,0
"302",2,1,13,"48,9",NA,0
"303",3,1,13,"50,5",1,NA
"304",1,1,12,"37,3",NA,NA
"305",1,1,12,"36,5",1,NA
"306",2,2,14,"60,6",NA,1
"307",0,0,8,"38,4",1,0
"308",4,1,14,"39,6",1,NA
"309",3,1,12,"32",NA,0
"310",2,2,15,"50,7",0,0
"311",5,0,10,"29,8",1,NA
"312",1,1,13,"54,2",NA,NA
"313",2,3,16,"36,9",NA,0
"314",3,1,12," ",0,NA
"315",4,0,10," ",NA,NA
"316",2,4,17," ",1,0
"317",2,1,12,"38,9",NA,0
"318",0,1,12,"38,2",0,NA
"319",0,0,12,"30,1",1,NA
"320",0,3,16,"68,1",0,0
"321",1,0,11,"33,9",1,NA
"322",NA,3,16,"50,7",0,0
"323",0,1,13,"38",1,0
"324",2,2,13,"48,9",NA,0
"325",0,4,20,"78,5",0,0
"326",2,3,16,"50,7",0,0
"327",0,1,12,"54,2",NA,NA
"328",2,1,12,"63,5",0,0
"329",3,0,10,"32,1",1,0
"330",3,0,10,"50,7",NA,0
"331",2,1,12,"38,1",NA,0
"332",2,1,12,"36,1",0,0
"333",0,3,16,"76,4",NA,NA
"334",2,1,12,"29",NA,1
"335",1,1,12,"48,5",1,0
"336",0,1,14,"36,5",0,0
"337",0,1,12,"32,7",NA,NA
"338",0,1,12,"28,4",NA,NA
"339",0,2,16,"31,2",NA,NA
"340",0,2,15,"50,7",NA,NA
"341",2,3,17,"50,5",1,NA
"342",8,1,12," ",1,NA
"343",1,1,12,"29",NA,NA
"344",2,0,8,"29,2",0,0
"345",2,1,12,"54,7",NA,NA
"346",0,0,9,"22,7",0,0
"347",7,1,10,"39",NA,1
"348",2,1,13,"33,1",1,NA
"349",2,0,10,"17,1",0,1
"350",1,1,14,"45,3",1,0
"351",2,1,17," ",NA,NA
"352",1,4,16,"85,1",NA,NA
"353",2,1,12,"33,9",1,0
"354",0,1,14,"36,5",NA,NA
"355",3,0,11," ",1,NA
"356",6,1,12,"54,5",0,NA
"357",1,0,7,"22,5",0,0
"358",1,1,15,"26,4",1,NA
"359",1,0,10,"22,7",NA,NA
"360",7,1,12,"21,2",0,NA
"361",1,0,11,"42,3",NA,NA
"362",3,1,12,"32,4",NA,NA
"363",2,1,13,"43,2",1,0
"364",0,1,12,"28,4",0,NA
"365",3,2,15,"73,2",NA,0
"366",2,1,16,"56,5",1,1
"367",1,1,12,"40,1",1,NA
"368",0,3,16,"86,6",1,NA
"369",0,4,17,"69,2",0,NA
"370",1,1,12,"36,5",1,0
"371",0,3,16,"83,7",NA,NA
"372",0,4,19,"69,2",NA,NA
"373",3,4,18,"78,5",1,0
"374",0,3,16,"57,1",0,NA
"375",0,3,16,"63,2",1,NA
"376",0,2,14,"38,9",NA,0
"377",4,1,13,"50,7",NA,1
"378",2,3,16,"46,8",0,0
"379",4,1,12,"34,2",1,0
"380",4,1,12,"37,3",NA,NA
"381",2,3,17,"83,7",1,0
"382",NA,2,16,"51,9",NA,0
"383",2,4,18,"80,3",NA,0
"384",3,1,12,"35,1",NA,0
"385",5,1,12,"38,4",0,0
"386",0,3,17,"73,7",1,NA
"387",0,1,14,"36,2",NA,NA
"388",3,1,12,"38",0,1
"389",1,1,12,"29,7",1,NA
"390",0,2,14,"60,5",NA,0
"391",4,1,13,"29,2",1,1
"392",2,1,12,"37,8",NA,0
"393",0,1,12,"29",0,0
"394",2,1,12,"57,1",0,0
"395",0,1,12,"27,2",1,NA
"396",2,3,16,"63,5",1,0
"397",2,3,16,"73,2",0,0
"398",4,1,14,"29,5",1,1
"399",1,1,14,"69,2",0,NA
"400",5,0,10,"21,3",NA,1
"401",3,2,14,"32",0,0
"402",2,1,12,"38,9",NA,NA
"403",4,1,9,"32,3",NA,NA
"404",8,0,11,"29,4",NA,1
"405",0,3,16,"68,8",1,NA
"406",1,1,9,"32,7",1,1
"407",0,3,16,"63,5",1,0
"408",4,3,16,"59",1,1
"409",2,2,13,"44,2",NA,NA
"410",1,1,12,"36,5",NA,NA
"411",1,0,12,"28,4",0,NA
"412",4,0,10," ",NA,NA
"413",2,3,16,"56,6",0,0
"414",6,0,10,"34,2",1,0
"415",2,1,12,"31,5",NA,0
"416",2,1,12,"67",NA,0
"417",0,2,16,"53,2",NA,1
"418",3,1,14,"78,7",1,0
"419",0,1,13,"63,5",NA,NA
"420",1,4,18,"68,8",1,1
"421",0,1,15,"76,4",NA,NA
"422",0,2,15,"34,3",0,NA
"423",1,3,17,"74,4",1,0
"424",1,3,16,"67",1,0
"425",3,3,16,"86,5",1,0
"426",2,3,16,"60,6",NA,1
"427",1,1,12,"35,4",NA,0
"428",0,1,13,"46,8",1,NA
"429",0,0,10,"60,5",1,NA
"430",4,2,14,"31,4",1,0
"431",2,1,13,"38,1",1,0
"432",0,0,11,"35,1",NA,NA
"433",1,1,12,"50,7",1,0
"434",3,1,12,"26,4",0,NA
"435",0,2,15,"33,1",1,NA
"436",4,2,15,"28,4",1,NA
"437",5,0,10,"31,5",0,1
"438",0,2,15,"26,4",NA,NA
"439",1,1,12,"33,1",1,0
"440",1,0,5," ",1,NA
"441",0,1,13,"33,9",NA,NA
"442",2,3,20,"85,1",NA,0
"443",1,1,14,"28,6",1,NA
"444",3,0,11,"38,4",1,NA
"445",5,0,10,"31,5",NA,0
"446",2,1,12,"51,9",NA,NA
"447",2,1,14,"63,5",1,NA
"448",1,3,18,"78,5",1,1
"449",0,3,17,"59,1",1,NA
"450",1,4,19,"34,4",1,NA
"451",0,3,17,"63,5",1,NA
"452",3,1,11,"34,2",NA,NA
"453",8,1,12,"78,5",0,0
"454",0,0,11,"50,7",NA,0
"455",0,1,13,"76,4",1,NA
"456",0,NA,NA,"39,4",NA,NA
"457",0,3,16,"73,2",NA,0
"458",2,1,17,"45,9",0,NA
"459",8,0,11,"25,5",0,NA
"460",0,1,12,"28,4",1,NA
"461",0,1,14,"29,3",1,NA
"462",3,1,15,"28,4",1,0
"463",8,0,0," ",0,0
"464",0,4,17,"83,7",1,NA
"465",0,3,16,"86,6",0,0
"466",1,4,18,"75,2",NA,0
"467",1,1,14,"83,7",1,NA
"468",2,1,14,"38",1,0
"469",1,1,13,"31,4",NA,0
"470",2,1,14,"69,2",NA,0
"471",3,1,12,"50,7",1,0
"472",4,1,12,"31,4",0,0
"473",3,3,16,"69,2",1,NA
"474",3,1,13,"53,9",NA,NA
"475",2,0,14,"66,1",NA,0
"476",6,1,14,"36,4",1,1
"477",0,1,12,"37,8",NA,1
"478",3,1,12,"31,5",1,1
"479",1,3,16,"29,2",1,NA
"480",3,0,5,"32,3",NA,0
"481",0,0,10,"66,1",1,0
"482",2,1,10,"32,3",1,0
"483",2,1,12,"32,4",1,1
"484",0,1,13,"53,9",1,NA
"485",2,1,13,"36,5",1,NA
"486",0,4,20,"81,9",NA,NA
"487",4,1,10,"34,4",NA,0
"488",5,1,14,"45,2",1,0
"489",0,3,16,"38,9",1,0
"490",0,3,14,"74,4",1,NA
"491",0,3,20,"78,5",NA,NA
"492",0,0,13,"29",0,NA
"493",1,0,11," ",1,NA
"494",2,0,10,"33,2",0,NA
"495",1,1,14,"63,9",NA,0
"496",2,1,13,"43,7",NA,0
"497",3,1,12,"63,5",0,0
"498",0,0,9,"43,3",NA,NA
"499",5,0,6,"22,6",0,0
"500",3,0,8,"17,1",NA,NA
"501",1,3,17,"86,5",0,0
"502",1,0,5,"27,5",1,1
"503",5,0,10,"31,2",1,NA
"504",1,1,12,"53,3",NA,NA
"505",1,1,13,"31,4",1,NA
"506",0,1,12,"28,4",0,NA
"507",5,1,12,"63,5",1,1
"508",7,0,9,"23,3",1,NA
"509",1,1,13,"66,1",1,1
"510",3,3,16,"38,4",NA,0
"511",2,1,12,"69,7",0,1
"512",0,1,12,"29,2",0,NA
"513",3,1,12,"53,1",1,1
"514",1,3,17,"88,8",1,0
"515",2,1,12,"37,9",NA,NA
"516",2,3,16,"78,5",NA,0
"517",2,1,12,"33,2",1,0
"518",1,1,12,"19,4",1,0
"519",3,3,16,"86,6",NA,0
"520",0,1,12,"35,4",1,NA
"521",0,1,12,"63,5",NA,0
"522",3,1,16,"50,5",0,0
"523",2,1,12,"39,4",1,NA
"524",5,0,10," ",0,0
"525",0,1,12,"30,1",NA,NA
"526",0,4,20,"86,8",1,0
"527",1,0,10,"63,5",1,0
"528",1,3,16,"86,6",1,NA
"529",4,2,14,"38,9",1,0
"530",2,1,12,"50,7",1,NA
"531",2,0,8,"31,5",0,NA
"532",1,3,16,"50,7",NA,NA
"533",3,0,9,"26,7",NA,0
"534",2,0,7,"37,4",NA,0
"535",2,3,16,"56,6",NA,0
"536",3,1,12,"67",1,1
"537",4,3,16,"78,5",NA,0
"538",2,3,16,"63,5",1,0
"539",2,4,19,"82,7",1,1
"540",2,4,17,"78,5",0,0
"541",0,1,14,"37,4",0,NA
"542",0,1,14,"34,4",1,NA
"543",2,4,20,"83,7",NA,0
"544",2,1,14,"58,3",NA,NA
"545",2,3,16,"76,4",NA,0
"546",4,1,14,"42,2",0,1
"547",2,4,18,"80,9",1,0
"548",2,1,14,"63,2",NA,NA
"549",0,3,17,"61,9",1,0
"550",2,1,11," ",1,NA
"551",0,1,12,"29,3",0,NA
"552",4,0,4,"21,2",NA,0
"553",0,0,11,"22,6",NA,0
"554",4,1,14,"41,6",NA,NA
"555",1,1,11,"17,1",0,0
"556",3,1,15,"35,4",1,NA
"557",5,1,12,"29,2",0,NA
"558",2,1,12,"38,4",1,1
"559",1,0,8,"22,9",0,1
"560",1,0,11,"27,7",NA,0
"561",1,1,10,"30,2",NA,NA
"562",2,0,5,"33,1",NA,0
"563",0,2,14,"48,8",1,NA
"564",0,1,12,"63,5",1,0
"565",3,1,14,"68,1",NA,0
"566",2,1,12,"35,4",0,NA
"567",3,1,13,"65,8",1,0
"568",1,3,16,"64,4",1,NA
"569",2,1,12,"37,3",NA,0
"570",3,3,16,"76,4",0,0
"571",3,1,13,"45,9",1,0
"572",0,3,16,"38,9",NA,1
"573",1,4,20,"83,7",NA,0
"574",2,4,20,"48,5",NA,1
"575",0,4,20,"87,4",NA,0
"576",2,4,18,"63,5",1,0
"577",4,1,14,"33,3",0,0
"578",0,3,16,"63,5",NA,0
"579",1,4,20,"97,2",1,NA
"580",2,3,16,"50,5",1,NA
"581",2,1,12,"45,4",1,1
"582",3,2,14,"38,4",NA,0
"583",2,1,10,"17,1",1,0
"584",1,2,14,"33,1",NA,NA
"585",2,1,14," ",NA,NA
"586",3,1,12,"63,5",1,NA
"587",0,1,12,"35,1",1,NA
"588",0,1,15,"29,2",0,NA
"589",5,4,18,"65,8",NA,1
"590",0,1,12,"64,8",NA,0
"591",0,4,18,"38,9",0,NA
"592",0,4,18,"78,5",1,NA
"593",0,1,13,"38,9",NA,NA
"594",1,1,15,"50,7",1,NA
"595",1,3,19,"65,8",NA,NA
"596",0,1,12,"26,7",0,0
"597",0,3,16,"48,6",1,NA
"598",1,1,13,"32,3",NA,NA
"599",2,2,14,"63,5",NA,NA
"600",4,1,13,"63,5",0,0
"601",1,1,12,"63,5",NA,NA
"602",2,2,16,"38,2",0,NA
"603",0,3,16,"73,9",NA,NA
"604",0,1,14,"30,7",1,NA
"605",0,3,16,"73,2",1,1
"606",0,1,11,"65,2",0,0
"607",0,3,16,"38,9",NA,NA
"608",2,1,16,"57,1",NA,NA
"609",0,1,13,"50,5",0,NA
"610",2,4,18,"76,4",0,1
"611",1,3,18,"83,7",NA,NA
"612",0,3,16,"63,5",0,NA
"613",4,3,16,"50,7",NA,0
"614",0,4,20,"83,7",NA,NA
"615",0,3,16,"38,4",1,NA
"616",0,3,17,"83,7",1,0
"617",2,4,18,"82,7",1,NA
"618",0,1,15,"38,4",NA,0
"619",3,4,17,"84",1,0
"620",2,1,15,"61,1",1,NA
"621",2,1,12,"28,6",1,NA
"622",4,1,9,"38,4",NA,NA
"623",2,4,20,"73,9",0,0
"624",2,3,16,"71,2",0,NA
"625",0,3,17,"87",1,NA
"626",0,4,20,"63,5",1,0
"627",1,3,18,"36,5",NA,NA
"628",0,3,16,"37,7",NA,NA
"629",0,1,12,"63,5",0,NA
"630",1,1,14,"53,7",1,NA
"631",0,3,16,"63,5",1,NA
"632",0,4,18,"76,3",NA,0
"633",2,3,18,"73,2",1,0
"634",5,1,12,"36,5",0,0
"635",1,0,8,"34,4",1,NA
"636",2,0,7," ",1,NA
"637",7,0,11,"50,7",NA,1
"638",2,4,18,"37,7",0,0
"639",0,3,15,"61,9",1,0
"640",0,3,18,"84",NA,0
"641",0,3,17,"86,5",NA,NA
"642",3,1,12,"27,5",NA,NA
"643",0,4,20,"63,5",NA,0
"644",0,4,18,"69,7",1,0
"645",0,3,16,"37,7",0,NA
"646",0,1,11,"76,3",NA,NA
"647",0,1,12,"35,4",NA,0
"648",0,3,16,"82,7",NA,NA
"649",1,1,13,"32,3",1,NA
"650",0,3,16,"50,7",NA,0
"651",2,3,18,"26,7",1,NA
"652",1,1,13,"38,9",1,NA
"653",1,1,11,"33,9",1,NA
"654",3,1,12,"36,5",NA,NA
"655",0,3,16,"87,9",NA,0
"656",2,3,16,"38",0,0
"657",0,4,20,"63,5",NA,1
"658",1,3,17,"63,5",1,0
"659",2,1,14,"38,9",0,1
"660",2,4,20,"84",1,NA
"661",2,1,12,"26,5",1,0
"662",2,1,12,"67",NA,0
"663",1,3,17,"38,9",NA,0
"664",4,1,12,"29,8",NA,1
"665",2,1,12,"29,2",1,NA
"666",1,0,5,"28,4",0,0
"667",0,0,10," ",NA,NA
"668",4,1,15,"36,1",1,NA
"669",5,1,13,"52,4",1,NA
"670",1,1,14,"51",1,0
"671",2,3,16,"63,5",0,0
"672",1,1,13,"63,2",0,1
"673",2,4,20,"85,1",0,0
"674",2,4,19,"80,9",NA,0
"675",2,1,12,"35,4",NA,0
"676",2,1,17,"86,6",1,0
"677",0,1,13,"35,1",NA,NA
"678",2,3,16,"86",1,1
"679",2,3,16,"36,1",NA,NA
"680",2,1,12,"63,5",1,0
"681",1,1,12,"33,1",1,0
"682",2,0,10,"38,4",NA,0
"683",2,1,14,"78,5",NA,0
"684",2,0,10,"27,9",1,1
"685",0,3,19,"22,5",NA,NA
"686",0,0,13,"38,2",1,NA
"687",0,3,16,"37,7",1,NA
"688",0,1,12,"48,6",0,NA
"689",2,2,16,"73,2",1,1
"690",0,2,14,"73,6",1,0
"691",2,4,17,"86,8",1,0
"692",4,1,13,"38",0,NA
"693",3,3,17,"63,5",1,0
"694",1,4,18,"64,2",NA,NA
"695",3,3,17,"63,5",1,0
"696",4,0,11,"26,7",0,0
"697",3,0,8,"26,4",1,0
"698",1,1,12,"63,5",NA,0
"699",2,3,16," ",1,0
"700",0,NA,14,"83,7",NA,0
"701",0,3,16,"78,5",NA,0
"702",0,4,19,"83,7",1,NA
"703",1,0,10,"29,2",1,0
"704",0,1,12,"38,4",1,0
"705",8,1,12,"38,4",1,0
"706",2,4,18,"63,5",1,NA
"707",3,2,14,"63,5",1,1
"708",1,1,14,"50,5",NA,0
"709",4,0,9,"29,5",NA,0
"710",2,3,16,"60,6",1,0
"711",3,1,15,"37,7",NA,NA
"712",0,1,12,"51,9",NA,NA
"713",0,2,14,"68,1",1,NA
"714",0,1,13,"64,1",0,NA
"715",3,4,18,"71,6",1,0
"716",1,1,12,"36,5",1,NA
"717",1,0,9,"26,7",NA,NA
"718",0,3,17,"64,4",1,NA
"719",1,1,12,"33,3",NA,NA
"720",5,1,12,"57,1",1,NA
"721",0,1,13,"29,5",NA,NA
"722",2,1,13,"49,6",1,NA
"723",1,1,11,"38",0,1
"724",2,1,15,"68,1",NA,0
"725",2,1,12,"31,4",1,1
"726",2,1,14,"50,7",1,0
"727",1,2,16,"36,5",1,NA
"728",2,3,16,"68,8",0,NA
"729",3,1,14,"65,8",NA,1
"730",2,1,14,"63,5",1,NA
"731",3,1,12,"28,4",NA,0
"732",0,3,16,"87",1,NA
"733",7,4,18,"63,5",NA,1
"734",3,3,16,"63,5",NA,1
"735",3,3,16,"81",1,0
"736",2,3,16,"64,2",1,0
"737",1,1,12,"38,9",NA,1
"738",0,1,15,"50,7",1,1
"739",2,1,15,"63,5",NA,0
"740",1,3,16,"63,5",1,1
"741",2,3,16,"63,5",1,1
"742",6,3,16,"63,5",0,0
"743",2,3,16," ",NA,0
"744",2,3,16,"73,6",1,0
"745",2,3,16,"73,6",1,0
"746",1,3,16,"63,5",1,0
"747",0,1,12,"37,6",1,NA
"748",4,3,17,"63,5",NA,1
"749",0,3,16,"63,2",1,NA
"750",0,0,10,"29",1,NA
"751",2,3,16,"32,3",1,1
"752",8,1,13,"36,5",NA,1
"753",1,1,12,"34,2",1,NA
"754",2,3,16,"86,5",1,0
"755",3,2,14,"48,6",NA,1
"756",1,4,16,"78,5",1,0
"757",0,3,16,"47,8",NA,NA
"758",1,3,16,"87,9",1,0
"759",0,4,16,"97,2",NA,NA
"760",0,1,12,"63,5",0,NA
"761",2,1,12,"63,5",NA,0
"762",2,1,10,"25,2",NA,0
"763",1,1,11,"31,4",1,NA
"764",3,3,16,"64,2",0,0
"765",0,3,16,"76,3",1,NA
"766",0,1,19," ",NA,0
"767",2,0,7,"28,4",NA,0
"768",4,1,13,"38",0,1
"769",1,0,7,"26,5",1,NA
"770",1,1,14,"52,4",0,0
"771",2,2,14,"38,9",1,0
"772",3,1,12," ",1,0
"773",2,2,14,"60,5",0,NA
"774",1,1,13,"31,4",0,0
"775",4,0,11,"33,1",NA,1
"776",0,1,15,"35,4",1,0
"777",2,3,16,"64,1",NA,0
"778",3,2,14,"43,7",0,1
"779",1,1,14,"38,2",1,0
"780",0,3,20,"88,8",NA,0
"781",4,0,10,"37,4",NA,0
"782",1,1,12,"63,5",NA,NA
"783",2,3,18,"88,3",NA,1
"784",4,3,16,"80",NA,0
"785",2,2,14,"76,4",1,0
"786",1,1,13,"38,4",1,NA
"787",0,1,14,"38,4",1,0
"788",2,1,12,"21,2",1,0
"789",1,1,13,"31,4",1,0
"790",3,0,11,"44,8",NA,0
"791",2,0,10,"29",1,NA
"792",1,1,14,"44,3",1,1
"793",4,0,8,"29,2",1,0
"794",0,3,16,"59,1",1,0
"795",2,1,12,"38,4",1,1
"796",5,0,8,"32,4",NA,0
"797",1,0,8,"28,6",1,1
"798",2,3,16,"63,5",NA,0
"799",2,1,12,"28,6",1,1
"800",2,0,10,"32,4",0,NA
"801",0,2,14,"73,2",1,NA
"802",3,2,14,"27,5",1,NA
"803",3,3,15,"73,2",1,0
"804",0,3,17,"69,7",0,NA
"805",2,1,12,"34,2",NA,NA
"806",2,1,15,"34,3",1,NA
"807",7,0,9,"28,4",1,NA
"808",3,1,12,"28,4",1,0
"809",1,2,14,"64,8",NA,NA
"810",6,0,NA,"29,3",NA,1
"811",1,1,15,"29,3",NA,NA
"812",0,1,12,"32,3",1,NA
"813",2,1,13,"21,2",NA,NA
"814",2,0,11,"30,8",1,0
"815",3,1,12,"62,1",1,1
"816",1,1,12,"33,1",NA,0
"817",2,1,13,"63,5",0,0
"818",0,1,13,"50,7",NA,0
"819",2,1,12,"35,1",1,0
"820",1,1,13,"50,7",0,NA
"821",3,1,13,"39",1,NA
"822",5,1,12,"29",NA,NA
"823",5,1,12,"28,4",1,0
"824",3,0,6,"50,7",1,0
"825",8,0,0,"21,2",NA,0
"826",0,0,11," ",1,NA
"827",3,1,13,"73,2",0,NA
"828",0,1,12,"29,4",1,NA
"829",1,1,12,"48,5",1,NA
"830",2,4,18,"78,5",0,NA
"831",3,3,16,"73,3",NA,0
"832",2,1,12,"37,7",0,1
"833",3,1,12,"27,7",1,NA
"834",0,1,14,"53,3",1,NA
"835",2,3,16,"65,8",NA,NA
"836",2,3,16,"60,6",NA,NA
"837",2,1,12,"38,4",1,1
"838",0,0,11,"39",NA,NA
"839",0,1,14,"48,5",1,0
"840",0,1,14,"73,3",0,NA
"841",0,3,16,"76,4",NA,NA
"842",0,0,10,"37,9",NA,0
"843",2,1,12,"31,4",0,0
"844",1,1,12,"32,3",NA,0
"845",1,2,14,"81",1,0
"846",1,1,12,"22,5",1,0
"847",1,1,12,"48,5",NA,NA
"848",3,1,12,"55,1",0,1
"849",0,1,16,"40",1,NA
"850",0,4,20,"90,8",1,NA
"851",0,1,14,"29,8",NA,NA
"852",0,4,20,"84",1,NA
"853",0,3,16,"73,6",0,NA
"854",0,3,16,"50,7",0,NA
"855",2,1,12,"34,2",0,NA
"856",0,1,15,"21,2",NA,NA
"857",NA,1,13,"63,5",1,NA
"858",0,1,17,"63,5",NA,NA
"859",2,1,12,"33,1",NA,0
"860",0,3,16,"69,7",1,NA
"861",3,1,15,"51",1,NA
"862",2,1,12,"42,3",1,1
"863",3,1,13,"76,3",1,1
"864",0,3,16,"73,2",0,NA
"865",0,3,16,"75,2",1,NA
"866",3,1,12,"29,8",NA,NA
"867",3,4,20,"97,2",NA,1
"868",0,3,17,"63,5",0,0
"869",4,1,13,"38,4",1,NA
"870",3,4,20,"96",1,1
"871",2,1,13,"53,3",1,NA
"872",1,3,17,"86,6",1,1
"873",2,3,18,"33,9",1,0
"874",2,1,15,"64,2",0,1
"875",4,1,12,"63,5",NA,1
"876",4,3,17,"83,7",NA,0
"877",0,2,14,"32,3",NA,NA
"878",1,2,14,"39,4",1,NA
"879",0,1,12,"34,3",NA,NA
"880",1,2,13,"57,1",1,NA
"881",1,1,13,"76,4",NA,NA
"882",0,3,15,"63,5",NA,NA
"883",1,1,13,"63,5",NA,NA
"884",0,1,15,"38,1",0,NA
"885",0,3,16,"37,7",1,NA
"886",0,1,16,"32,4",1,NA
"887",0,1,15,"33,9",NA,NA
"888",0,3,16,"78,5",1,NA
"889",0,1,12,"43,3",NA,NA
"890",0,1,15,"63,5",1,NA
"891",0,1,12,"33,6",1,NA
"892",0,1,12,"29,2",1,NA
"893",0,3,16,"63,5",NA,0
"894",0,1,16,"41,1",1,NA
"895",0,2,17,"35,4",1,NA
"896",1,1,12,"39",0,0
"897",0,1,13,"33,1",1,NA
"898",1,1,13,"28,4",NA,0
"899",0,1,12,"32,3",1,NA
"900",2,0,6,"27,5",0,0
"901",3,1,12," ",NA,0
"902",0,3,18,"33,1",NA,NA
"903",0,4,20,"64,8",1,NA
"904",2,4,20," ",NA,NA
"905",1,1,15,"37,9",NA,NA
"906",0,1,13," ",1,NA
"907",0,1,12,"20,1",1,NA
"908",0,1,13,"34,2",0,0
"909",0,1,12,"36,4",1,NA
"910",0,1,12,"27,9",NA,NA
"911",3,2,14,"76,4",NA,0
"912",0,2,14,"87,9",0,NA
"913",0,1,12,"30,8",NA,NA
"914",3,4,20,"63,5",1,NA
"915",2,1,12,"29,3",1,NA
"916",0,1,12,"37,4",1,NA
"917",2,1,15,"83,9",1,0
"918",6,4,20,"97,2",1,0
"919",0,4,18,"73,3",NA,0
"920",1,4,18,"82,7",1,0
"921",0,4,20,"97,2",0,0
"922",2,4,20,"92,3",1,0
"923",1,4,18,"78,5",NA,0
"924",2,1,14,"31,3",NA,0
"925",0,3,16,"62,5",0,NA
"926",2,1,16,"29,3",NA,NA
"927",1,1,12,"29,3",NA,NA
"928",3,0,11,"28,4",NA,0
"929",4,1,12,"18,5",0,0
"930",2,1,13,"43,5",NA,NA
"931",1,1,12,"29,1",0,NA
"932",3,0,10,"38,9",1,NA
"933",3,0,10,"36,5",0,NA
"934",3,0,8,"48,5",1,0
"935",0,1,14,"33,6",0,NA
"936",0,1,12,"38",NA,NA
"937",2,4,18,"86,6",0,0
"938",2,1,12,"63,5",NA,0
"939",0,3,16,"31,4",1,NA
"940",0,1,14," ",NA,NA
"941",2,1,12,"38,2",NA,0
"942",2,3,16,"49,6",0,0
"943",1,4,18,"88,8",1,0
"944",0,1,12,"38,4",NA,0
"945",0,4,18,"64,1",1,0
"946",0,3,16,"73,2",0,NA
"947",0,3,16,"68,8",1,NA
"948",2,1,15,"63,2",NA,0
"949",0,1,12,"31,5",1,NA
"950",2,1,12,"73,6",NA,0
"951",0,3,17,"32,4",NA,0
"952",4,1,12,"63,5",1,1
"953",0,1,12," ",1,NA
"954",2,4,16,"73,2",NA,0
"955",0,2,16,"60,5",1,NA
"956",5,1,13,"37,4",1,0
"957",0,1,12,"27,5",1,NA
"958",3,1,12,"37,7",1,0
"959",0,1,12,"29,8",0,1
"960",0,0,4," ",NA,0
"961",2,1,12,"31,4",1,0
"962",2,1,12,"32,3",NA,NA
"963",0,1,14,"34,3",1,NA
"964",6,0,9,"27,5",1,0
"965",0,3,20,"29,3",NA,NA
"966",0,2,14,"69,7",1,NA
"967",1,3,19,"50,7",NA,0
"968",5,1,12,"63,5",NA,0
"969",2,2,13,"38,4",NA,0
"970",3,3,16,"50,7",NA,0
"971",2,3,16,"38,4",1,0
"972",3,3,17,"73,3",0,0
"973",3,1,14,"36,5",0,1
"974",3,4,18,"73,2",0,0
"975",0,3,16,"39,4",NA,NA
"976",0,1,14,"52,3",1,NA
"977",0,3,17,"38,9",1,NA
"978",0,3,16,"48,5",1,NA
"979",0,1,13,"32,4",1,NA
"980",0,1,16,"35,2",1,NA
"981",1,1,12,"49,6",NA,NA
"982",1,1,12,"38,9",1,1
"983",0,3,17,"49,6",NA,1
"984",3,3,16,"62,1",NA,0
"985",2,3,16,"76,3",0,0
"986",1,3,17,"26,4",1,0
"987",2,1,12,"38,1",1,0
"988",2,3,17,"56,5",1,1
"989",5,1,12,"63,5",1,0
"990",2,3,16,"73,2",1,0
"991",3,3,18,"73,3",1,0
"992",2,2,14,"45,3",1,1
"993",2,1,12,"39",1,0
"994",6,1,13,"39",1,NA
"995",2,2,14,"60,5",1,0
"996",3,1,12,"33,1",NA,0
"997",0,4,16,"74,4",NA,NA
"998",0,2,14,"53,3",1,0
"999",0,1,9,"28,4",NA,NA
"1000",3,1,12,"69,7",1,0
"1001",2,3,16,"73,7",1,NA
"1002",0,3,16,"36,7",1,NA
"1003",1,2,15,"62,2",1,NA
"1004",0,1,12,"29,4",1,NA
"1005",2,0,11,"31,7",NA,NA
"1006",3,1,13,"65,8",1,0
"1007",1,1,12,"48,5",1,0
"1008",3,1,13,"27,7",0,0
"1009",2,4,17,"86,6",0,0
"1010",4,1,13,"29,1",1,0
"1011",2,3,16,"51,9",NA,1
"1012",3,3,16,"56,6",NA,0
"1013",4,1,12,"73,8",NA,0
"1014",0,4,20,"64,4",1,NA
"1015",0,1,15,"73,2",0,NA
"1016",4,1,13,"73,2",0,NA
"1017",6,1,15,"35,1",1,NA
"1018",6,0,6,"34,2",1,1
"1019",1,0,8,"53,9",NA,1
"1020",3,1,12,"33,1",NA,0
"1021",0,1,12,"42,7",NA,0
"1022",1,0,9,"62",0,0
"1023",4,1,12,"53,9",NA,0
"1024",6,1,12,"36,9",1,1
"1025",0,1,14,"38,5",NA,NA
"1026",0,1,12,"67",NA,NA
"1027",3,0,10,"29,2",NA,0
"1028",2,1,12,"29,2",1,0
"1029",0,4,16,"52,4",1,0
"1030",2,1,14,"80,9",NA,0
"1031",0,1,12,"37,7",0,NA
"1032",2,1,11,"62,5",1,0
"1033",0,0,11,"27,5",0,NA
"1034",4,4,18,"63,5",0,0
"1035",2,2,15,"62,1",1,NA
"1036",0,1,11,"37,6",0,NA
"1037",1,1,12,"29,3",NA,NA
"1038",0,3,17,"32,4",NA,NA
"1039",2,2,17,"29,3",1,0
"1040",0,1,12,"27,7",0,NA
"1041",0,3,16,"78,5",0,NA
"1042",NA,1,12,"31,7",1,0
"1043",1,2,14,"86,6",NA,1
"1044",4,4,12,"73,2",NA,0
"1045",3,1,13,"29,3",1,0
"1046",0,1,16,"32,4",0,NA
"1047",0,3,16,"50,7",1,NA
"1048",4,1,12,"28,6",1,NA
"1049",2,1,12,"31,4",1,0
"1050",2,3,16,"63,5",NA,0
"1051",3,1,12,"26,7",NA,0
"1052",1,1,12," ",1,0
"1053",0,3,17,"66,1",1,NA
"1054",4,1,13,"26,7",1,0
"1055",3,1,13,"33,1",NA,0
"1056",2,1,12,"32,3",1,NA
"1057",2,1,12,"29",NA,NA
"1058",0,1,12,"38,1",0,NA
"1059",0,4,18,"76,3",NA,NA
"1060",2,3,16,"50,7",1,0
"1061",2,4,20,"97,2",1,0
"1062",0,3,17,"69,2",NA,NA
"1063",0,1,13,"33,6",NA,NA
"1064",0,0,10,"32,3",1,NA
"1065",0,0,11," ",1,NA
"1066",2,1,12,"34,2",1,NA
"1067",0,3,17,"87,9",NA,NA
"1068",0,1,13,"36,5",NA,NA
"1069",4,0,9,"29,2",1,1
"1070",0,1,12,"44,7",NA,0
"1071",4,0,9,"31,5",1,NA
"1072",1,1,15,"32,3",0,0
"1073",2,0,8," ",0,0
"1074",1,1,12,"28,4",1,NA
"1075",2,0,11,"21,2",1,1
"1076",2,1,12,"63,5",0,0
"1077",1,1,13,"34,2",1,NA
"1078",0,2,14,"59,9",NA,0
"1079",1,2,14,"64,2",0,NA
"1080",1,2,14,"63,2",NA,NA
"1081",1,1,12,"37,7",0,NA
"1082",3,1,13,"38,4",0,0
"1083",6,0,10,"26,7",NA,NA
"1084",1,1,12,"21,2",0,NA
"1085",0,4,18,"73,8",NA,NA
"1086",2,1,12,"36,5",1,0
"1087",2,4,18,"38,9",NA,0
"1088",0,4,20,"73,9",1,NA
"1089",0,3,18,"43,3",1,0
"1090",0,1,12,"33,6",1,NA
"1091",0,2,14,"38",NA,0
"1092",2,1,12,"47",NA,0
"1093",2,2,14,"63,2",0,0
"1094",0,1,12,"54,2",NA,NA
"1095",2,1,12,"37,7",1,0
"1096",3,1,12,"36,9",0,NA
"1097",2,1,12,"33,1",1,NA
"1098",3,1,13,"37,4",1,NA
"1099",2,0,10," ",1,NA
"1100",6,1,12,"33,6",0,NA
"1101",2,1,12,"33,1",NA,NA
"1102",1,0,11,"21,2",0,NA
"1103",2,4,17,"78,5",1,0
"1104",0,1,15,"52,5",NA,NA
"1105",3,1,12,"29,3",NA,NA
"1106",1,1,12,"51,9",1,NA
"1107",0,1,12," ",1,NA
"1108",0,4,16,"80,3",1,NA
"1109",0,3,15,"78,5",NA,0
"1110",4,1,12,"32",NA,0
"1111",0,3,16,"86,6",1,NA
"1112",3,1,9,"38,4",NA,NA
"1113",1,1,13,"45,8",NA,NA
"1114",0,1,12,"31,5",1,NA
"1115",2,0,8,"26,4",NA,NA
"1116",0,2,14,"37,7",NA,0
"1117",2,1,14,"37,7",1,NA
"1118",3,3,19,"73,9",0,NA
"1119",0,1,12,"37,5",1,0
"1120",0,1,15,"86",1,0
"1121",1,0,5,"31,5",0,0
"1122",5,0,10," ",1,0
"1123",2,1,9,"29,2",1,NA
"1124",2,0,10,"17,1",NA,0
"1125",0,1,12,"29,3",NA,NA
"1126",2,2,14,"60,6",NA,0
"1127",2,0,8,"50,7",1,1
"1128",2,2,14,"36,5",0,0
"1129",4,1,12,"48,6",1,1
"1130",2,1,14,"29,8",1,0
"1131",0,0,9,"31,4",NA,NA
"1132",0,1,13,"63,5",0,0
"1133",2,2,15,"50,7",NA,NA
"1134",2,1,13,"49,6",0,0
"1135",3,1,12,"45,4",NA,1
"1136",3,1,14,"38,2",1,1
"1137",3,3,16,"69,7",1,0
"1138",0,1,13,"38,4",0,0
"1139",1,4,18,"60,6",1,NA
"1140",4,1,13,"28,4",0,0
"1141",0,1,12,"37,7",0,0
"1142",3,1,12,"39",NA,0
"1143",0,3,16,"87,9",1,1
"1144",1,1,12,"51,9",NA,0
"1145",0,3,16,"35,4",NA,NA
"1146",2,1,12,"32,8",NA,0
"1147",2,2,14,"45,3",1,1
"1148",0,3,16,"86,5",0,0
"1149",2,1,12,"38,9",1,NA
"1150",0,1,13,"27,5",NA,NA
"1151",1,2,14,"43,7",0,NA
"1152",2,1,14," ",1,0
"1153",2,1,12,"22,5",NA,0
"1154",0,1,12,"37,6",1,NA
"1155",4,0,10,"31,5",NA,NA
"1156",1,1,14,"53,4",1,0
"1157",2,2,14,"74,4",NA,0
"1158",5,1,12,"50,5",0,NA
"1159",1,0,8," ",NA,0
"1160",2,1,11,"32",1,0
"1161",2,1,12,"29,4",NA,0
"1162",2,1,13,"29,4",NA,0
"1163",1,1,12,"17,1",1,1
"1164",0,0,9,"59,1",1,NA
"1165",0,2,13,"35,4",NA,0
"1166",3,1,12,"36,5",NA,0
"1167",2,1,12,"28,4",NA,0
"1168",4,2,15,"62,5",NA,NA
"1169",2,1,12,"25,2",0,NA
"1170",3,1,12,"29,2",NA,0
"1171",2,0,10," ",0,NA
"1172",4,1,12,"38,4",NA,0
"1173",1,4,16,"78,5",1,0
"1174",4,3,16,"53,3",0,0
"1175",6,4,18,"63,5",0,NA
"1176",2,3,16,"86,5",NA,1
"1177",2,3,16,"73,2",NA,0
"1178",1,1,11,"31,1",1,0
"1179",0,1,12,"43,4",1,NA
"1180",2,1,12,"80,9",1,1
"1181",3,0,10,"27,9",1,0
"1182",3,1,12,"38",1,0
"1183",7,0,8,"31,5",NA,1
"1184",7,0,8,"17,1",1,1
"1185",0,4,18,"38",1,NA
"1186",2,1,12,"32",NA,0
"1187",0,1,12,"42,7",1,NA
"1188",2,0,12,"27,5",0,NA
"1189",3,1,12,"37,1",1,NA
"1190",NA,1,12,"27,7",1,0
"1191",3,1,12,"31,2",1,1
"1192",4,NA,11,"29,3",NA,0
"1193",2,1,12,"33,1",1,0
"1194",2,0,11,"33,9",NA,0
"1195",1,1,12,"50,7",1,0
"1196",5,0,11,"29,3",NA,1
"1197",4,3,15,"73,2",0,0
"1198",0,0,11,"29,5",0,NA
"1199",4,0,11,"35,1",0,0
"1200",0,1,12,"34,3",1,NA
"1201",3,1,15,"48,9",NA,1
"1202",0,3,17,"78,5",1,NA
"1203",2,1,12,"33,6",NA,0
"1204",2,1,12,"38,4",NA,0
"1205",2,4,17,"73,3",0,0
"1206",0,1,13,"52,3",0,NA
"1207",2,1,14,"62,2",NA,1
"1208",2,1,14,"45,3",1,1
"1209",0,1,12,"39,4",0,NA
"1210",0,1,12,"37,6",NA,NA
"1211",2,1,12,"43,7",NA,0
"1212",2,0,8,"39,4",0,NA
"1213",8,1,12,"21,2",0,0
"1214",2,1,10,"29,8",1,1
"1215",5,1,14,"37,1",0,NA
"1216",2,1,14,"17,1",NA,1
"1217",4,0,6,"27,7",0,0
"1218",2,3,16,"69,2",1,NA
"1219",3,1,12,"62,1",NA,NA
"1220",2,1,13,"33,1",1,0
"1221",2,1,12,"37,9",1,0
"1222",2,1,12,"35,4",NA,0
"1223",2,1,15,"36,5",NA,0
"1224",3,4,18,"73,2",1,NA
"1225",1,1,14,"28,6",NA,NA
"1226",0,1,13,"33",0,NA
"1227",2,0,9,"27,5",NA,NA
"1228",2,1,13,"45,8",1,NA
"1229",2,1,12,"29,3",0,NA
"1230",7,0,11,"28,4",NA,NA
"1231",2,3,17,"36,5",1,NA
"1232",3,1,13,"51,9",0,NA
"1233",3,0,8," ",0,NA
"1234",3,1,14,"31,4",NA,NA
"1235",0,1,11,"38,4",NA,NA
"1236",5,0,11,"33,3",0,NA
"1237",3,3,16,"74,9",1,0
"1238",7,3,16,"64,2",0,0
"1239",3,1,12,"36,5",1,0
"1240",1,1,13,"37,7",1,NA
"1241",2,1,12,"33,1",1,NA
"1242",3,1,13,"35,7",1,NA
"1243",6,1,13,"33,9",NA,NA
"1244",1,1,12,"64,1",NA,NA
"1245",1,0,12,"37,9",NA,NA
"1246",2,0,11,"27,2",NA,NA
"1247",3,1,12,"48,5",1,NA
"1248",4,1,12,"31,5",NA,NA
"1249",4,1,12,"29,1",NA,0
"1250",0,3,19,"69,7",1,0
"1251",2,1,12,"28,6",NA,NA
"1252",3,1,12,"37,6",1,0
"1253",1,1,12,"29,4",NA,0
"1254",1,3,16,"63,5",NA,NA
"1255",4,1,15,"71,6",1,0
"1256",0,3,17,"80,9",1,NA
"1257",2,1,12,"26,7",1,0
"1258",1,1,13,"32,4",0,0
"1259",2,1,14,"26,7",NA,NA
"1260",2,3,15,"73,2",NA,0
"1261",1,1,12,"33,6",0,0
"1262",0,1,12,"63,5",1,1
"1263",8,1,12,"22,7",1,0
"1264",4,0,11,"32,4",NA,1
"1265",8,0,9,"22,7",NA,0
"1266",0,1,12,"33,6",1,NA
"1267",2,1,12,"78",1,0
"1268",1,1,12,"26,4",NA,1
"1269",2,4,18,"80,3",NA,1
"1270",2,1,13,"38",1,0
"1271",1,4,18,"69,2",1,NA
"1272",1,4,17,"53,3",NA,NA
"1273",0,1,12,"65,8",1,0
"1274",1,3,16,"84,7",NA,1
"1275",3,1,14,"81",NA,0
"1276",2,1,12,"26,4",1,1
"1277",0,2,15,"82,7",1,NA
"1278",2,1,14,"63,5",1,NA
"1279",2,2,18,"64,2",1,NA
"1280",2,4,20,"63,5",0,NA
"1281",2,1,12,"63,2",NA,1
"1282",1,3,16,"51",0,0
"1283",0,3,19,"85,8",0,NA
"1284",0,3,16,"57,1",NA,NA
"1285",2,1,12,"33,3",NA,NA
"1286",4,4,18,"33,1",1,1
"1287",2,0,11,"33,1",NA,1
"1288",1,4,20,"92,3",1,1
"1289",2,3,17,"63,2",1,0
"1290",2,3,16,"73,3",1,0
"1291",2,2,14,"36,9",NA,NA
"1292",0,0,11,"29,2",NA,NA
"1293",3,0,9," ",1,NA
"1294",2,3,17,"63,5",NA,1
"1295",8,1,12," ",1,NA
"1296",0,1,12,"32,3",NA,NA
"1297",1,3,16,"67",NA,1
"1298",2,2,14,"38,4",NA,0
"1299",3,0,11,"29,4",1,1
"1300",4,3,16,"73,2",1,1
"1301",2,1,12,"36,5",1,0
"1302",0,NA,11,"29",NA,NA
"1303",NA,1,12,"31,3",NA,NA
"1304",3,1,13,"38",1,0
"1305",0,1,12,"37,3",NA,0
"1306",0,1,15,"38,2",NA,NA
"1307",1,1,12,"34,6",0,0
"1308",2,1,13,"26,6",1,0
"1309",2,1,12,"30,1",NA,0
"1310",2,0,8,"48,5",0,0
"1311",3,1,13,"33,6",1,0
"1312",2,1,12,"29,2",0,0
"1313",1,1,13,"34,6",1,NA
"1314",6,1,12,"35,7",1,0
"1315",0,2,14,"37,9",1,NA
"1316",1,3,16,"38",0,NA
"1317",3,1,13,"63,5",1,0
"1318",2,1,12,"29,8",NA,0
"1319",6,1,13,"38,4",1,1
"1320",6,0,7,"28,4",0,NA
"1321",1,1,12,"26,4",1,NA
"1322",2,0,12,"28,4",0,NA
"1323",0,1,12,"29,5",0,NA
"1324",1,0,11,"28,4",1,NA
"1325",1,2,14,"63,5",1,0
"1326",1,1,12,"38,9",1,1
"1327",0,0,10," ",NA,NA
"1328",3,1,12,"34,2",1,NA
"1329",3,1,12,"26,4",0,0
"1330",1,1,12,"29,2",NA,0
"1331",0,1,12,"39",1,0
"1332",0,1,12,"26,7",NA,NA
"1333",4,0,10,"32,7",1,1
"1334",0,1,12,"34,2",NA,NA
"1335",3,3,16,"37,3",1,0
"1336",3,1,12,"53,9",0,0
"1337",2,1,14,"54,9",NA,0
"1338",1,1,13,"63,5",1,0
"1339",2,3,16,"69,7",1,0
"1340",1,1,12,"30,7",NA,1
"1341",3,4,18,"63,2",NA,NA
"1342",2,0,10,"35,4",0,0
"1343",2,3,16,"54,2",1,NA
"1344",0,1,15,"56,5",NA,NA
"1345",2,1,12,"37,3",1,0
"1346",0,1,12,"45,8",NA,NA
"1347",0,0,8,"32,1",NA,0
"1348",1,1,12,"37,7",1,NA
"1349",3,0,3,"37,4",NA,NA
"1350",2,1,12,"33,1",1,0
"1351",1,3,16,"78,5",0,NA
"1352",2,3,16,"76,4",0,0
"1353",0,3,20,"73,8",NA,0
"1354",0,3,16,"38,4",NA,NA
"1355",0,1,15,"38,4",1,NA
"1356",0,1,12,"37,8",1,NA
"1357",3,2,18,"53,9",1,NA
"1358",0,4,20,"85,1",1,0
"1359",3,4,20,"88,3",1,0
"1360",2,4,17,"71,6",NA,0
"1361",3,4,19,"85,1",1,1
"1362",5,4,17,"80,9",NA,0
"1363",8,3,16,"64,1",1,0
"1364",2,3,16,"62,5",1,NA
"1365",1,4,18,"71,6",NA,0
"1366",2,3,16,"37,4",1,0
"1367",2,4,20,"82,7",1,1
"1368",0,4,18,"59,3",1,1
"1369",0,3,19,"85,1",1,NA
"1370",0,2,15,"32,4",0,NA
"1371",1,1,15,"38,4",NA,0
"1372",2,1,14,"29,3",NA,0
"1373",2,1,12,"29",NA,1
"1374",1,0,10,"37",0,0
"1375",1,1,13,"33,1",0,NA
"1376",3,1,12,"45,3",1,1
"1377",0,3,16,"63,2",1,0
"1378",4,1,12,"37,7",1,NA
"1379",3,1,13,"32,3",1,0
"1380",2,4,19,"92,3",NA,0
"1381",1,1,12,"34,3",NA,0
"1382",4,2,15,"74,4",0,0
"1383",3,1,12,"44,2",NA,0
"1384",4,0,5,"28,6",1,0
"1385",6,1,12,"56,6",0,1
"1386",3,1,15,"85,1",0,1
"1387",2,2,16,"73,2",NA,0
"1388",3,3,16,"63,5",0,1
"1389",0,3,18," ",0,0
"1390",0,1,18,"36,7",0,0
"1391",4,2,15,"74,1",0,0
"1392",0,1,15,"64,8",0,NA
"1393",0,1,13,"32,4",NA,NA
"1394",3,1,15,"41,6",NA,NA
"1395",1,3,16,"33,6",0,0
"1396",2,4,19,"78,5",0,NA
"1397",2,2,14,"29,2",0,1
"1398",2,1,14,"49,6",NA,0
"1399",3,1,12,"28,6",1,1
"1400",5,1,12,"39,4",NA,0
"1401",0,1,12,"70",1,NA
"1402",NA,1,13,"62,2",0,0
"1403",2,1,13,"38,1",0,1
"1404",2,1,12,"49,6",1,0
"1405",3,2,15,"87",NA,NA
"1406",0,4,20,"73,9",0,NA
"1407",2,1,17,"48,6",0,0
"1408",3,1,15,"80,3",NA,0
"1409",3,3,18,"78,5",1,0
"1410",1,4,20,"73,9",NA,0
"1411",3,1,12,"28,4",0,0
"1412",7,0,8,"33,1",0,0
"1413",1,1,11,"30,8",1,NA
"1414",1,1,13,"33,1",0,NA
"1415",1,1,12,"60,6",0,0
"1416",2,4,20,"92,9",NA,0
"1417",3,4,20,"92,3",1,0
"1418",2,1,14,"38,4",1,0
"1419",3,1,12,"63,5",1,NA
"1420",1,3,16,"63,5",NA,NA
"1421",1,3,17,"63,5",1,0
"1422",3,1,12,"50,5",1,0
"1423",1,3,16,"28,4",NA,0
"1424",1,2,14,"54,2",NA,0
"1425",0,3,16,"50,5",1,0
"1426",5,1,16,"42,2",NA,0
"1427",3,1,12,"63,5",NA,1
"1428",1,0,6,"29,2",0,1
"1429",1,3,16,"63,2",1,NA
"1430",2,1,14,"63,5",NA,0
"1431",3,1,12,"32,4",NA,0
"1432",3,1,14,"36,5",1,0
"1433",0,1,12,"33,6",1,NA
"1434",3,2,16,"33,1",1,NA
"1435",3,0,10,"26,7",NA,0
"1436",2,1,12,"37,3",0,NA
"1437",2,1,11,"26,4",1,0
"1438",6,1,12,"39,4",NA,NA
"1439",1,1,12,"29,2",1,0
"1440",1,1,15,"78",1,NA
"1441",0,1,12,"53,3",NA,NA
"1442",0,3,16,"28,4",NA,NA
"1443",2,1,12,"31,4",NA,NA
"1444",NA,1,12,"29,3",0,1
"1445",2,1,14,"54,7",1,0
"1446",2,1,11," ",NA,NA
"1447",2,1,13,"62,5",1,0
"1448",2,1,12,"28,6",1,1
"1449",2,4,20,"78,5",1,1
"1450",3,1,15,"64,8",NA,0
"1451",2,1,16,"83,7",1,NA
"1452",2,1,12,"53,9",NA,1
"1453",3,1,12,"63,5",1,0
"1454",2,4,18,"63,5",NA,NA
"1455",2,1,12,"63,5",NA,0
"1456",2,1,12,"38,4",1,0
"1457",3,1,12,"48,9",0,0
"1458",0,1,13,"32,3",1,NA
"1459",0,0,9,"28,4",1,NA
"1460",4,4,18,"78,5",NA,NA
"1461",0,1,11,"21,1",0,0
"1462",3,1,12,"21,2",0,0
"1463",1,2,14,"64,4",0,NA
"1464",0,1,13,"63,2",1,NA
"1465",2,3,16,"61,9",NA,0
"1466",1,1,13,"26,4",1,NA
"1467",0,3,16,"67",0,0
"1468",2,3,17,"63,5",NA,NA
"1469",2,1,13,"64,8",1,0
"1470",0,4,18,"55,1",NA,0
"1471",1,1,14,"26,4",0,0
"1472",0,1,16,"37,9",0,0
"1473",0,1,17,"29",NA,0
"1474",0,3,16,"37,4",0,0
"1475",0,1,12,"29,2",1,NA
"1476",1,1,13,"33,6",0,NA
"1477",0,4,20,"79,9",1,NA
"1478",4,1,NA,"32,4",1,1
"1479",8,3,16,"69,2",NA,0
"1480",0,3,17,"55,1",1,0
"1481",0,1,12," ",NA,0
"1482",1,1,14,"37,7",NA,1
"1483",2,1,12,"37,9",1,1
"1484",1,1,13,"50,5",0,0
"1485",2,2,16,"63,5",NA,0
"1486",1,1,13,"29,4",1,NA
"1487",1,1,12,"29,6",1,NA
"1488",2,2,14,"48,5",NA,0
"1489",0,0,8,"33,9",NA,0
"1490",0,0,9,"34,3",1,NA
"1491",2,1,12,"29,4",0,0
"1492",1,0,10,"25,8",1,0
"1493",1,1,12,"32,4",NA,NA
"1494",4,1,12,"32,3",0,0
"1495",1,1,13,"38,4",1,1
"1496",2,1,12,"48,5",0,0
"1497",0,1,9,"26,3",1,NA
"1498",NA,0,12,"44,7",NA,0
"1499",0,1,12,"46,7",1,NA
"1500",0,3,16,"39",1,NA
"1501",2,0,4," ",NA,0
"1502",2,4,18,"44,3",1,0
"1503",5,0,NA,"17,6",NA,0
"1504",0,1,11,"50,7",NA,NA
"1505",0,1,12,"33,1",1,NA
"1506",0,2,17,"80,3",NA,NA
"1507",2,1,12,"36,9",1,1
"1508",2,1,11,"17,1",NA,NA
"1509",1,1,14,"56,6",1,0
"1510",1,1,12,"31,3",0,0
"1511",0,1,12,"28,4",0,NA
"1512",2,1,11,"63,5",NA,NA
"1513",1,1,16,"29,4",1,NA
"1514",3,0,7,"31,9",0,NA
"1515",2,3,16,"78,5",0,0
"1516",0,1,12,"44,7",NA,0
"1517",7,1,12,"38",0,0
"1518",3,1,13,"66,1",NA,0
"1519",0,1,13,"63,5",NA,NA
"1520",2,1,14,"63,5",0,0
"1521",2,3,17,"71,6",NA,NA
"1522",3,1,13,"43,7",1,0
"1523",0,3,16,"73,6",1,0
"1524",3,4,18,"74,4",1,0
"1525",0,1,14,"34,3",NA,NA
"1526",0,1,15,"32,3",1,NA
"1527",1,1,12,"32",NA,0
"1528",0,1,15,"48,6",1,NA
"1529",1,4,17,"51",0,NA
"1530",3,1,12,"48,5",1,1
"1531",2,3,16,"65,8",NA,0
"1532",1,1,12,"38,4",0,0
"1533",2,1,12,"69,7",1,0
"1534",5,1,12,"34,2",1,NA
"1535",5,1,12,"69,2",0,NA
"1536",1,1,12,"42,4",NA,0
"1537",5,0,9,"36,5",NA,0
"1538",0,3,16,"63,5",NA,0
"1539",3,0,6,"73,9",0,1
"1540",0,0,NA,"30,1",1,NA
"1541",2,1,12,"61,9",NA,1
"1542",4,1,12,"45,9",NA,NA
"1543",0,0,8,"63,5",NA,0
"1544",3,4,20,"97,2",1,NA
"1545",0,1,18,"45,4",0,NA
"1546",1,0,11,"53,7",1,0
"1547",3,3,16,"53,7",NA,NA
"1548",NA,1,13,"65,8",1,1
"1549",0,1,14,"63,5",1,NA
"1550",2,3,16,"53,7",1,NA
"1551",NA,1,10,"26,4",0,0
"1552",3,0,10,"63,2",1,0
"1553",1,0,10,"31,5",NA,1
"1554",0,0,8,"26,7",0,NA
"1555",4,1,15,"38",1,NA
"1556",0,1,14,"31,5",NA,NA
"1557",0,1,14,"63,5",NA,0
"1558",1,1,14,"38",NA,0
"1559",2,0,9,"35,1",NA,0
"1560",2,0,9,"24,8",NA,NA
"1561",2,1,14,"50,7",0,1
"1562",3,1,12," ",NA,0
"1563",0,1,13,"31,5",0,0
"1564",0,2,14,"38,4",1,0
"1565",1,1,12,"63,5",NA,0
"1566",3,3,13,"56,6",NA,0
"1567",1,2,14,"36,5",0,1
"1568",0,1,16,"37,7",1,NA
"1569",0,3,19,"73,2",1,NA
"1570",2,1,14,"38,4",NA,0
"1571",0,1,15,"38,9",1,1
"1572",3,0,7,"20,1",0,0
"1573",3,0,11,"20,1",0,1
"1574",4,3,16,"46,3",0,0
"1575",2,0,12,"26,5",NA,1
"1576",3,1,12,"25,2",NA,0
"1577",2,1,14,"49,4",1,NA
"1578",0,1,13,"38,4",0,0
"1579",5,1,13,"38,1",NA,1
"1580",3,0,9,"31,5",0,0
"1581",1,2,13,"48,5",1,NA
"1582",2,1,14,"29,2",0,NA
"1583",1,1,12,"57,1",NA,NA
"1584",2,3,16,"63,5",1,0
"1585",4,4,18,"63,5",1,0
"1586",2,4,20,"87",1,NA
"1587",4,3,17,"63,5",NA,0
"1588",3,3,18,"59",1,0
"1589",2,1,14,"49,6",1,0
"1590",0,1,12,"63,5",0,1
"1591",0,3,17,"63,5",1,NA
"1592",2,1,20,"63,5",NA,NA
"1593",3,1,13," ",NA,1
"1594",1,3,16,"90",1,NA
"1595",2,3,16,"78,5",1,1
"1596",0,1,15,"76,4",1,NA
"1597",0,1,12,"33,6",1,NA
"1598",1,1,12,"50,7",1,0
"1599",0,1,12,"26,4",NA,0
"1600",2,1,13,"29,8",NA,NA
"1601",1,1,12,"33,1",NA,NA
"1602",0,1,14,"86",0,0
"1603",1,2,13,"50,5",1,NA
"1604",2,3,17,"74,4",NA,NA
"1605",2,1,12,"29,2",0,NA
"1606",2,1,12,"37,4",NA,0
"1607",2,2,14,"43,6",1,0
"1608",2,1,12,"46,7",0,0
"1609",1,0,12,"38,9",NA,NA
"1610",3,1,13,"38,4",0,0
"1611",3,0,11,"43,4",0,0
"1612",0,2,16,"30,1",1,NA
"1613",3,1,10,"26,7",0,1
"1614",5,0,9,"30",NA,0
"1615",3,1,14,"61,4",1,0
"1616",0,3,16,"31,4",1,NA
"1617",2,1,12,"36,9",NA,0
"1618",3,4,20,"97,2",NA,0
"1619",3,1,14,"38,4",1,0
"1620",0,1,14,"32,3",1,NA
"1621",0,1,13,"48,9",1,NA
"1622",6,3,16,"74,9",NA,1
"1623",3,1,14,"56,5",0,0
"1624",4,3,16,"69,2",NA,0
"1625",0,1,14,"38",1,NA
"1626",3,1,14,"38",1,0
"1627",2,4,20,"97,2",1,0
"1628",1,1,12,"37,3",1,NA
"1629",0,1,12,"38,4",0,0
"1630",1,1,14,"50,7",1,1
"1631",0,3,16,"63,5",1,0
"1632",2,2,15,"74,4",0,1
"1633",1,0,12,"26,7",NA,1
"1634",2,2,14,"63,5",NA,1
"1635",2,1,13,"66,3",1,NA
"1636",0,4,17,"63,5",1,NA
"1637",2,1,12,"35,1",1,NA
"1638",0,2,14,"53,3",NA,NA
"1639",0,1,16,"84,7",0,NA
"1640",0,3,16,"65,8",NA,NA
"1641",2,1,12,"68,1",1,NA
"1642",1,1,15,"40",NA,0
"1643",0,4,19,"92,3",NA,NA
"1644",0,3,16,"50,7",NA,NA
"1645",0,3,16,"84,7",0,NA
"1646",0,3,16,"63,5",1,0
"1647",0,4,18,"62,5",1,0
"1648",1,3,16,"78,5",NA,0
"1649",2,1,12,"45,8",1,0
"1650",0,4,18,"62,5",1,NA
"1651",0,2,14,"65,2",1,NA
"1652",2,0,9,"45,4",1,0
"1653",0,1,15,"63,5",NA,0
"1654",5,1,12,"39,4",0,0
"1655",6,0,10,"27,5",NA,NA
"1656",2,1,14,"37,6",1,NA
"1657",2,1,16,"33,9",0,0
"1658",2,1,14,"74,4",NA,1
"1659",3,1,13,"54,7",1,1
"1660",6,3,16,"63,5",1,1
"1661",3,1,13,"37,6",1,NA
"1662",3,0,10,"27,5",0,1
"1663",4,0,9,"62,1",0,0
"1664",2,4,18,"80,3",NA,0
"1665",6,4,18,"64,4",1,NA
"1666",4,0,13,"38,1",0,NA
"1667",4,0,11,"25,2",0,NA
"1668",2,3,16,"83,7",NA,NA
"1669",3,1,15,"63,2",1,0
"1670",2,1,11,"80,3",NA,0
"1671",3,3,16,"78,5",0,0
"1672",4,1,16,"22,5",NA,0
"1673",0,1,12,"39",1,NA
"1674",4,1,12,"37,7",0,NA
"1675",0,3,18,"38,4",NA,NA
"1676",2,1,14,"28,4",NA,1
"1677",1,1,14,"63,2",1,0
"1678",2,1,14,"31,5",0,0
"1679",3,1,12,"29,3",0,NA
"1680",4,0,10,"21,2",NA,NA
"1681",8,0,8,"22,5",0,0
"1682",8,1,13,"31,5",0,NA
"1683",4,1,13,"34,6",0,NA
"1684",5,0,13," ",NA,NA
"1685",3,1,13,"78,5",NA,NA
"1686",3,1,11,"28,4",0,0
"1687",4,4,16,"69,2",0,1
"1688",5,0,11," ",NA,NA
"1689",1,1,12,"36,5",0,NA
"1690",4,1,13,"51,9",NA,0
"1691",2,0,9,"33,1",1,NA
"1692",0,0,10,"33,6",1,0
"1693",0,3,17,"63,2",1,NA
"1694",0,1,14,"35,4",NA,0
"1695",0,0,11,"33,2",0,NA
"1696",3,1,12,"63,5",1,1
"1697",1,0,12,"29,4",1,NA
"1698",3,1,14,"43,7",1,1
"1699",0,1,13,"86,5",NA,NA
"1700",5,0,7,"27,5",NA,NA
"1701",1,0,11,"29,8",NA,0
"1702",3,1,12,"37,7",1,0
"1703",1,1,13,"22,5",1,0
"1704",0,0,9," ",1,NA
"1705",2,2,13,"26,4",NA,0
"1706",2,1,12,"37,3",NA,0
"1707",0,1,12,"50,7",NA,NA
"1708",3,1,13,"29,3",NA,1
"1709",4,2,14,"31,5",0,NA
"1710",1,1,14,"62,1",1,1
"1711",2,2,15,"73,2",1,1
"1712",2,1,14,"36,9",0,0
"1713",7,1,14,"53,3",0,0
"1714",0,2,14,"63,5",NA,NA
"1715",0,1,13,"50,7",1,NA
"1716",3,1,14,"73,3",1,0
"1717",3,1,12,"63,5",NA,0
"1718",1,1,13,"40,2",NA,0
"1719",3,1,12,"45,3",0,0
"1720",1,0,6," ",NA,1
"1721",6,1,12,"63,5",0,NA
"1722",4,1,13,"38",NA,1
"1723",1,1,12,"50,7",1,NA
"1724",0,0,5,"29",1,1
"1725",2,1,12,"44,7",1,1
"1726",0,1,13,"53,4",1,NA
"1727",2,1,12,"74,4",0,NA
"1728",4,0,8,"29,2",NA,0
"1729",0,2,14,"69,7",0,0
"1730",0,1,12,"29,3",0,1
"1731",1,1,12,"37,3",1,NA
"1732",0,1,12,"28,6",NA,NA
"1733",4,0,8,"53,4",NA,NA
"1734",2,0,8,"44,7",0,NA
"1735",3,1,12,"52,3",NA,NA
"1736",0,1,13,"83,7",1,NA
"1737",2,0,9,"33,1",0,NA
"1738",6,0,9,"36,5",0,0
"1739",0,3,16,"73,6",1,NA
"1740",0,3,16,"73,7",0,0
"1741",2,1,12,"53,7",NA,0
"1742",2,1,12,"68,1",NA,NA
"1743",0,3,17,"62,5",1,NA
"1744",2,1,14,"74,4",NA,1
"1745",2,1,13,"83,7",1,NA
"1746",1,1,13," ",1,1
"1747",2,1,12,"39,4",1,1
"1748",4,1,14,"61,9",NA,1
"1749",2,1,12,"32,3",1,1
"1750",3,0,10,"63,5",0,0
"1751",2,1,12,"38,1",NA,NA
"1752",2,0,8,"61,1",1,NA
"1753",2,1,12,"29,2",1,NA
"1754",4,1,12,"28,4",0,1
"1755",0,1,13,"38,1",1,NA
"1756",0,0,10,"33,2",1,NA
"1757",0,1,12,"50,7",1,NA
"1758",2,1,13,"29,5",1,NA
"1759",0,1,14,"38,4",NA,0
"1760",2,0,10,"39",1,1
"1761",0,1,14,"29,2",NA,0
"1762",0,2,14,"61,4",NA,NA
"1763",0,1,NA,"32,4",1,0
"1764",4,1,13,"54,9",0,1
"1765",2,1,12,"40",1,NA
"1766",0,1,12,"38,9",NA,1
"1767",2,1,12,"38,9",1,NA
"1768",0,3,16,"76,4",0,0
"1769",1,3,16,"65,8",1,0
"1770",2,1,12,"38",1,1
"1771",2,4,18,"80,3",1,0
"1772",0,3,16,"87,9",1,0
"1773",1,1,12,"48,5",0,0
"1774",2,1,15,"61,9",0,1
"1775",3,1,15,"25,8",0,0
"1776",1,3,16,"73,6",NA,0
"1777",0,1,13,"32,7",NA,0
"1778",0,4,18,"48,5",1,NA
"1779",0,3,16,"51",1,1
"1780",2,1,12,"27,5",0,NA
"1781",1,1,12,"39,5",NA,NA
"1782",4,2,14,"27,5",NA,NA
"1783",0,4,18,"64,4",1,NA
"1784",0,3,16,"56,5",NA,NA
"1785",0,1,15,"67",0,NA
"1786",2,1,12,"37,3",NA,NA
"1787",2,1,12,"29,3",0,NA
"1788",3,1,12,"22,9",1,0
"1789",2,1,13," ",NA,NA
"1790",3,0,7,"31,5",0,NA
"1791",1,2,15,"64,1",NA,NA
"1792",2,1,12,"36,4",0,NA
"1793",2,1,13,"29,3",0,NA
"1794",4,0,12,"34,2",0,NA
"1795",6,0,11,"32,7",0,0
"1796",2,1,14,"33,1",NA,NA
"1797",3,0,10,"22,5",1,NA
"1798",1,1,13," ",1,NA
"1799",3,0,11," ",NA,NA
"1800",1,1,13,"30,7",1,NA
"1801",6,1,12,"27,5",0,0
"1802",3,1,12,"28,6",NA,0
"1803",4,3,16,"74,4",1,NA
"1804",3,0,8,"32",NA,1
"1805",1,1,13,"51",NA,NA
"1806",5,1,12,"31,5",1,1
"1807",2,1,12,"48,5",0,1
"1808",0,1,12,"34,2",1,NA
"1809",2,1,13,"48,5",0,0
"1810",0,1,12,"29,2",NA,0
"1811",4,4,18,"80,3",1,0
"1812",0,1,12,"38,9",NA,0
"1813",2,1,15,"29,2",1,1
"1814",4,1,12,"29,2",0,1
"1815",4,1,12,"27,7",NA,1
"1816",0,0,11,"36,5",1,NA
"1817",2,1,12,"31,5",NA,0
"1818",1,1,12,"37,3",NA,1
"1819",2,0,11,"17,6",0,1
"1820",3,1,12,"38,4",1,1
"1821",1,1,12,"37,3",NA,0
"1822",0,3,16,"57,1",1,NA
"1823",0,4,19,"66,1",1,NA
"1824",3,4,18,"28,6",1,1
"1825",1,1,14,"43,7",1,NA
"1826",3,0,8,"43,7",0,0
"1827",1,1,13,"36,5",1,NA
"1828",0,3,18,"78,5",0,NA
"1829",0,1,12,"32,3",NA,NA
"1830",4,1,12,"38,4",1,NA
"1831",3,1,14,"38,4",1,0
"1832",1,1,12,"33,1",NA,0
"1833",2,3,16,"80,3",1,0
"1834",0,1,15,"43,7",1,NA
"1835",1,1,14,"48,9",0,1
"1836",0,1,12,"53,9",0,NA
"1837",3,4,18,"96",0,0
"1838",0,1,12,"27,5",1,NA
"1839",2,2,15,"48,5",NA,NA
"1840",4,0,8,"48,9",NA,1
"1841",3,1,12,"38,4",0,0
"1842",2,4,18,"74,4",NA,NA
"1843",0,2,14,"38,4",0,NA
"1844",4,1,12,"37,3",1,0
"1845",3,1,15,"62,5",0,0
"1846",3,1,11,"50,7",1,0
"1847",2,1,12,"28,4",NA,1
"1848",2,1,12,"36,5",0,0
"1849",2,3,16,"97,2",NA,0
"1850",2,1,12,"43,7",NA,0
"1851",2,2,15,"36,5",NA,0
"1852",0,1,15,"73,2",1,1
"1853",5,2,16,"73,2",0,0
"1854",3,1,13,"37,7",1,NA
"1855",1,1,12,"63,5",NA,0
"1856",2,1,12,"63,5",NA,0
"1857",2,1,12,"36,5",1,0
"1858",5,1,10,"64,1",0,1
"1859",1,4,18,"55,1",NA,1
"1860",4,1,15,"31,5",1,1
"1861",4,0,11,"36,5",0,1
"1862",0,1,9,"63,5",NA,NA
"1863",3,1,12,"63,5",1,0
"1864",3,1,12,"32,3",0,1
"1865",2,0,9,"21,2",1,0
"1866",2,1,12,"37,6",1,0
"1867",6,1,12,"28,4",NA,0
"1868",3,0,9,"29,1",NA,NA
"1869",1,0,11," ",NA,0
"1870",4,0,9,"30,2",0,NA
"1871",0,1,10,"31,5",1,1
"1872",0,1,12,"35,4",1,0
"1873",3,1,12,"80,9",0,NA
"1874",1,1,14,"63,5",0,1
"1875",2,1,13,"37,7",NA,NA
"1876",2,3,16,"78,5",0,0
"1877",1,1,12,"33,1",NA,0
"1878",1,1,12,"32,7",NA,0
"1879",3,1,12,"37,9",NA,0
"1880",4,1,14,"28,6",1,0
"1881",3,1,12,"29,8",1,0
"1882",1,0,11,"37,3",1,1
"1883",3,0,11,"33,1",1,0
"1884",2,1,14,"37,3",1,0
"1885",3,1,12,"43,7",NA,0
"1886",0,1,15," ",NA,NA
"1887",4,1,12,"27,7",NA,0
"1888",3,1,12," ",1,0
"1889",0,1,15,"38,4",NA,0
"1890",2,0,11,"63,5",0,0
"1891",1,0,9,"29,3",NA,0
"1892",2,1,12," ",1,0
"1893",2,1,16,"63,5",NA,NA
"1894",2,1,11,"36,5",1,1
"1895",1,3,16,"38,9",NA,0
"1896",5,4,20,"62,1",1,1
"1897",1,3,16,"88,8",1,0
"1898",2,1,12,"29",NA,NA
"1899",1,1,11,"69,2",1,1
"1900",1,4,17," ",0,0
"1901",0,1,12,"29,2",0,NA
"1902",0,1,12,"29,2",0,NA
"1903",2,1,14,"38,4",NA,0
"1904",2,0,10,"32,3",NA,NA
"1905",1,1,14,"38,9",1,NA
"1906",0,1,12,"38,9",0,NA
"1907",4,0,0,"38,4",0,1
"1908",3,0,11,"22,5",0,NA
"1909",7,0,8,"29,1",NA,0
"1910",1,0,10,"28,4",1,1
"1911",2,2,14,"38,9",1,NA
"1912",1,1,12,"28,6",NA,1
"1913",2,0,7,"43,7",NA,1
"1914",0,1,12,"38,9",0,0
"1915",0,3,17,"63,5",NA,0
"1916",1,3,17,"78,5",NA,0
"1917",4,0,11," ",0,1
"1918",0,1,12,"31,4",0,NA
"1919",1,1,16,"73,8",1,1
"1920",0,1,12,"38,9",0,NA
"1921",3,1,12,"66,1",NA,0
"1922",1,0,11,"63,5",NA,0
"1923",6,3,19,"28,6",1,NA
"1924",1,0,10,"63,2",1,NA
"1925",0,3,20,"57,1",NA,NA
"1926",0,3,16,"63,5",NA,NA
"1927",0,1,15,"32,4",1,NA
"1928",1,1,12,"29,2",1,1
"1929",1,2,16,"74,9",1,NA
"1930",0,2,14,"73,2",NA,NA
"1931",0,3,19,"30,8",1,NA
"1932",4,4,18,"80,9",0,NA
"1933",2,1,12,"43,7",1,0
"1934",0,3,16,"53,3",NA,NA
"1935",4,1,14,"83,7",1,NA
"1936",1,1,14,"28,6",1,NA
"1937",2,3,16,"38",0,NA
"1938",3,1,14,"39,4",1,1
"1939",0,1,12,"66,1",1,0
"1940",3,1,12,"61,9",NA,0
"1941",3,3,16,"63,2",NA,0
"1942",1,1,13,"38,4",1,0
"1943",0,3,16,"97,2",1,NA
"1944",0,1,13,"38,9",1,NA
"1945",3,1,14,"38,4",1,0
"1946",4,3,19,"50,7",1,0
"1947",0,1,14,"29,2",NA,NA
"1948",2,0,11,"33,1",NA,NA
"1949",3,0,11,"38,9",0,0
"1950",0,1,16,"36,5",1,NA
"1951",0,1,10,"30,1",NA,NA
"1952",0,4,20,"80,3",0,NA
"1953",0,1,13,"38,4",NA,NA
"1954",0,1,14," ",0,NA
"1955",1,2,14,"64,8",1,NA
"1956",1,1,16," ",0,NA
"1957",0,1,13,"33,1",NA,NA
"1958",0,1,15,"38,4",0,NA
"1959",0,4,18,"53,1",NA,NA
"1960",0,0,8,"31,5",1,0
"1961",0,1,13,"35,1",NA,NA
"1962",0,3,16,"53,3",1,NA
"1963",0,1,14,"29,3",1,NA
"1964",1,1,14,"38,4",0,NA
"1965",0,1,15," ",NA,NA
"1966",0,1,14,"38,4",1,NA
"1967",0,1,15,"35,4",1,NA
"1968",0,1,11,"34,4",0,NA
"1969",3,1,19,"29,2",1,0
"1970",2,1,11,"36,5",NA,1
"1971",4,0,11,"29,5",NA,0
"1972",2,0,12,"31,5",1,0
"1973",4,1,13,"38,9",1,1
"1974",3,1,12,"74",0,1
"1975",4,0,10,"33,1",NA,0
"1976",1,1,12," ",NA,0
"1977",2,2,14,"43,7",1,NA
"1978",2,1,12,"27,5",1,NA
"1979",3,1,12,"56,6",1,0
"1980",1,2,15,"43,7",0,NA
"1981",5,1,13,"37,2",1,1
"1982",0,1,12,"50,7",NA,NA
"1983",3,1,12,"43,7",NA,NA
"1984",4,2,15,"38,4",NA,1
"1985",5,1,12,"29,8",NA,0
"1986",6,0,9,"30,8",NA,0
"1987",4,0,7,"29,2",NA,0
"1988",2,1,12,"48,5",1,0
"1989",1,1,13,"41,6",1,NA
"1990",2,2,14,"50,7",1,0
"1991",1,1,12,"38,4",1,0
"1992",0,4,19,"73,3",0,NA
"1993",3,1,14,"35,1",1,1
"1994",2,3,16,"66,1",NA,0
"1995",0,4,18,"78",0,0
"1996",3,3,17,"78,5",1,0
"1997",0,1,12,"53,9",1,NA
"1998",2,4,20,"76,5",1,0
"1999",4,4,18,"80,3",NA,0
"2000",0,1,15,"38,4",NA,0
"2001",1,NA,11,"36,5",1,1
"2002",2,1,15,"62",1,0
"2003",3,1,12,"36,5",1,0
"2004",1,1,12,"48,5",NA,0
"2005",0,3,16,"61,9",1,0
"2006",3,1,13,"27,7",NA,0
"2007",2,2,18,"31,5",0,NA
"2008",3,0,13,"34,8",NA,1
"2009",1,1,12,"38,4",NA,NA
"2010",0,1,14,"38,4",NA,NA
"2011",1,1,10,"50,7",0,NA
"2012",4,0,8,"33,1",1,1
"2013",0,1,14,"44,3",1,NA
"2014",0,3,16,"53,3",NA,0
"2015",1,1,14,"73,2",1,NA
"2016",3,1,12," ",0,0
"2017",1,3,17,"78,5",1,0
"2018",1,1,14,"73,2",1,0
"2019",3,1,12,"38,9",1,0
"2020",4,1,12,"63,5",1,0
"2021",2,3,16,"80,3",NA,0
"2022",2,1,13,"38,2",0,0
"2023",3,4,17,"78,5",NA,0
"2024",0,3,17,"32,4",NA,NA
"2025",0,1,12,"26,6",NA,NA
"2026",4,3,16,"36,5",1,1
"2027",0,1,13,"58,3",0,NA
"2028",2,4,20,"63,5",1,NA
"2029",0,3,16,"60,6",1,NA
"2030",0,1,13,"26,7",1,NA
"2031",0,3,17,"59",1,NA
"2032",0,3,16,"63,5",1,NA
"2033",0,1,12," ",NA,NA
"2034",4,1,12,"63,5",1,1
"2035",1,1,12,"70,5",1,0
"2036",3,1,12,"69,2",0,0
"2037",2,1,12,"54,2",1,0
"2038",2,0,11,"63,5",0,0
"2039",3,0,0,"21,1",NA,0
"2040",0,1,13,"33,1",NA,NA
"2041",4,1,12,"38,4",NA,0
"2042",3,1,10,"38",1,NA
"2043",0,1,15,"38,4",NA,NA
"2044",0,3,16,"73,8",1,NA
"2045",0,1,16,"52,3",NA,0
"2046",3,1,14,"87,9",1,NA
"2047",0,4,20,"73,8",NA,NA
"2048",0,3,17,"63,2",1,0
"2049",2,3,16,"88,2",0,0
"2050",3,1,12,"29",0,0
"2051",2,4,20,"78,5",NA,0
"2052",3,4,20,"68,1",0,NA
"2053",0,2,15,"39,4",1,0
"2054",7,0,11,"53,7",NA,0
"2055",2,1,13,"53,7",1,1
"2056",0,1,13,"37,7",1,NA
"2057",0,3,17,"63,5",NA,NA
"2058",0,1,15,"38,9",NA,NA
"2059",0,1,12,"42,5",NA,NA
"2060",1,1,12,"29,3",1,NA
"2061",2,1,10,"52,5",1,1
"2062",2,1,13,"29,3",NA,0
"2063",0,1,13,"59",1,NA
"2064",2,1,12,"30,7",1,NA
"2065",1,1,13,"72,5",1,NA
"2066",4,1,14,"48,6",1,1
"2067",0,1,12,"50,7",NA,0
"2068",2,1,12,"63,5",1,NA
"2069",0,1,12,"63,5",1,0
"2070",1,1,15,"38,1",NA,0
"2071",3,3,16,"59,9",NA,NA
"2072",2,1,13,"76,4",1,NA
"2073",1,2,14,"37,7",1,1
"2074",0,3,18,"53,5",1,NA
"2075",2,1,14,"68,1",0,NA
"2076",5,1,17,"68,1",0,0
"2077",2,4,18,"69,7",NA,0
"2078",6,3,16,"78,5",1,1
"2079",0,1,12,"31,5",NA,NA
"2080",0,0,8,"38",1,NA
"2081",2,1,14,"27,5",0,0
"2082",2,0,12,"38",1,NA
"2083",3,1,10,"22,5",1,NA
"2084",2,4,18,"82,7",0,0
"2085",0,1,13,"33,3",NA,0
"2086",0,4,20,"78,5",NA,0
"2087",3,1,14,"46,8",1,1
"2088",0,3,16,"64,2",1,NA
"2089",0,4,19,"67",0,NA
"2090",1,1,13,"53,3",1,NA
"2091",3,3,18,"63,5",1,0
"2092",1,3,16,"84",1,NA
"2093",1,4,18,"82,7",1,NA
"2094",0,1,12,"76,3",1,NA
"2095",0,4,19,"93,3",1,NA
"2096",0,3,16,"73,3",NA,NA
"2097",2,4,18,"86,6",NA,0
"2098",2,3,20,"92,3",NA,NA
"2099",1,1,11,"28,6",1,0
"2100",0,1,12,"53,7",1,NA
"2101",0,2,14,"59,9",NA,0
"2102",8,1,13,"29,8",NA,1
"2103",2,1,13,"26,4",1,0
"2104",3,2,17,"32,4",NA,NA
"2105",3,1,12,"61,9",1,0
"2106",2,3,16,"80,3",NA,0
"2107",0,2,15,"39",1,NA
"2108",5,0,7,"50,7",0,1
"2109",0,1,12,"32,3",NA,NA
"2110",2,4,20,"80,9",NA,NA
"2111",1,1,12,"44,7",1,NA
"2112",0,1,14,"27,5",NA,NA
"2113",0,4,20,"63,5",NA,0
"2114",2,3,16,"34,3",0,1
"2115",2,4,18,"62,5",NA,NA
"2116",2,0,8,"27,3",NA,1
"2117",1,1,12,"26,7",NA,NA
"2118",0,1,13,"26,4",NA,NA
"2119",0,1,13,"63,5",NA,NA
"2120",2,1,12,"64,1",0,0
"2121",3,2,18,"86,9",1,0
"2122",1,2,14,"47",0,0
"2123",0,2,14,"53,7",1,NA
"2124",0,1,12,"63,5",NA,NA
"2125",3,2,14,"62,5",NA,0
"2126",0,3,18,"58,1",1,NA
"2127",2,1,14,"38",1,0
"2128",0,3,16,"63,5",1,0
"2129",5,3,16,"76,3",0,0
"2130",0,1,13,"73,8",1,0
"2131",0,1,15,"74,9",NA,1
"2132",0,1,12,"62,2",1,NA
"2133",2,1,12,"32,8",1,0
"2134",4,1,13,"63,5",1,NA
"2135",3,1,12,"38,9",1,0
"2136",2,1,12,"38,4",0,0
"2137",4,1,15,"97,2",NA,1
"2138",2,1,14,"62,1",0,0
"2139",0,1,12,"63,5",NA,1
"2140",0,3,16,"43,4",NA,0
"2141",3,1,13,"50,7",1,0
"2142",0,1,14,"37,3",NA,0
"2143",1,1,14,"36,5",1,NA
"2144",4,1,10,"50,5",1,NA
"2145",0,1,12,"56,5",1,NA
"2146",4,1,12,"31,5",NA,1
"2147",3,1,13,"43,7",1,NA
"2148",3,1,13,"52,5",NA,0
"2149",2,1,13,"63,5",1,0
"2150",5,1,11,"28,6",1,0
"2151",0,1,12,"38,4",NA,0
"2152",3,3,18,"38",0,0
"2153",1,4,19,"78,5",0,0
"2154",2,0,8,"39",0,1
"2155",5,1,12,"80,3",1,0
"2156",0,1,12,"35,4",1,NA
"2157",4,0,10,"50,7",0,0
"2158",2,1,13,"26,7",NA,0
"2159",0,0,12," ",NA,NA
"2160",1,1,15,"29,2",1,0
"2161",8,1,12,"24,8",NA,1
"2162",1,1,12,"33,1",1,NA
"2163",0,1,12,"21,2",0,NA
"2164",0,4,20,"97,2",1,NA
"2165",0,1,14,"72,5",NA,NA
"2166",1,1,12,"38,4",NA,NA
"2167",0,1,13,"29,4",1,NA
"2168",0,2,15,"36,5",1,0
"2169",2,1,12,"31,4",1,0
"2170",0,1,12,"38,9",1,NA
"2171",2,1,11,"48,5",0,1
"2172",2,3,16,"50,7",NA,0
"2173",0,1,13,"67",0,NA
"2174",2,2,14,"29,5",NA,0
"2175",2,1,14,"29,3",NA,NA
"2176",2,0,9,"31,4",0,0
"2177",6,1,12,"26,7",0,NA
"2178",1,1,13,"31,5",1,NA
"2179",2,0,12,"38,1",NA,NA
"2180",2,1,12,"25,3",1,NA
"2181",1,2,15,"78,5",1,NA
"2182",2,1,13,"53,7",1,NA
"2183",0,1,17,"29,3",0,NA
"2184",2,1,12,"29,2",0,NA
"2185",1,0,11,"33,1",NA,0
"2186",3,1,12,"27,7",NA,1
"2187",2,1,14,"29,3",0,0
"2188",0,1,16,"33,1",1,NA
"2189",1,2,14,"33,1",0,0
"2190",4,4,18,"86,6",NA,0
"2191",3,2,14,"87,9",1,1
"2192",1,4,20,"86,6",0,0
"2193",0,3,16,"73,2",NA,NA
"2194",0,4,18,"93,3",NA,NA
"2195",0,1,12,"27,5",1,NA
"2196",1,1,15,"29,3",NA,1
"2197",2,4,18,"83,7",1,0
"2198",1,1,12,"76,4",0,0
"2199",1,1,12,"38,4",0,0
"2200",0,3,17,"82,7",NA,NA
"2201",0,4,18,"61,9",1,NA
"2202",0,3,20,"33,1",1,NA
"2203",NA,1,12,"59,3",NA,NA
"2204",2,1,13,"68,8",1,1
"2205",0,1,14,"50,7",1,NA
"2206",1,3,17,"63,5",1,0
"2207",2,0,8,"31,3",1,0
"2208",0,1,12,"27,5",NA,NA
"2209",3,1,15,"63,2",1,0
"2210",2,0,10,"28,6",NA,0
"2211",3,4,18,"80,3",1,0
"2212",0,1,12,"34,2",0,0
"2213",0,1,12,"73,6",1,1
"2214",8,1,15,"60,5",NA,1
"2215",2,0,9,"25,2",1,0
"2216",2,0,8,"38,2",NA,1
"2217",3,1,13,"63,2",1,1
"2218",0,0,11,"34,6",0,NA
"2219",0,3,16,"32,4",1,NA
"2220",2,1,15,"46,8",1,0
"2221",2,1,12,"32,3",0,0
"2222",2,3,16,"80,3",NA,0
"2223",1,1,12,"38,1",1,1
"2224",0,3,16,"60,6",NA,1
"2225",0,2,14,"37,3",1,0
"2226",0,3,16,"62,5",1,NA
"2227",3,1,15,"50,7",0,0
"2228",2,0,10,"63,5",0,0
"2229",3,1,12," ",1,NA
"2230",3,1,12,"37,3",0,1
"2231",2,1,14,"58,8",NA,NA
"2232",2,2,14,"39",NA,0
"2233",2,1,12,"29,3",1,0
"2234",1,1,13,"36,5",NA,NA
"2235",0,1,12,"28,4",1,NA
"2236",1,1,13,"25,5",1,NA
"2237",1,2,15,"47",NA,NA
"2238",3,1,13,"38,4",1,NA
"2239",0,1,12,"22,7",NA,NA
"2240",4,1,12,"38,4",NA,0
"2241",0,1,15,"69,2",NA,NA
"2242",2,1,15,"78,5",1,0
"2243",3,4,12,"82,7",1,1
"2244",0,0,11,"28,4",0,NA
"2245",4,1,14,"50,7",1,0
"2246",1,1,13,"36,5",0,NA
"2247",0,3,16,"63,5",NA,1
"2248",2,1,11,"37,3",0,0
"2249",2,2,14,"50,7",NA,1
"2250",3,4,18,"85,1",1,0
"2251",2,1,12,"62,5",NA,0
"2252",4,1,13,"38,4",1,0
"2253",2,4,18,"69,7",NA,NA
"2254",0,3,16,"35,4",1,NA
"2255",5,0,8,"17,1",0,0
"2256",2,1,12,"68,8",NA,0
"2257",2,0,11,"17,1",NA,0
"2258",3,3,17,"50,7",0,0
"2259",0,1,12,"34,3",1,NA
"2260",1,0,9," ",NA,0
"2261",2,1,12,"34,2",NA,NA
"2262",0,1,12,"26,7",1,NA
"2263",0,1,12,"32",1,NA
"2264",1,1,12,"63,5",0,0
"2265",2,1,12,"38,9",NA,1
"2266",3,1,12,"49,9",0,1
"2267",2,4,20,"78,5",NA,0
"2268",5,4,18,"26,7",0,1
"2269",4,0,10,"32,3",0,0
"2270",3,3,16,"71,6",1,0
"2271",1,4,20,"80,3",NA,0
"2272",0,0,9,"28,6",1,0
"2273",2,1,12,"50,7",0,0
"2274",0,1,12,"18,5",1,0
"2275",3,0,11,"33,1",NA,NA
"2276",1,1,10,"29,2",NA,1
"2277",2,1,12,"34,6",1,0
"2278",2,1,12,"32,3",0,0
"2279",4,0,8,"22,6",1,0
"2280",4,0,11,"38,2",1,1
"2281",2,1,12,"35,1",NA,NA
"2282",5,1,12,"36,5",NA,NA
"2283",7,1,12,"38",1,0
"2284",3,2,15,"38,9",1,NA
"2285",1,1,11,"30,1",1,NA
"2286",6,2,14,"62,1",0,0
"2287",5,1,12,"38,4",NA,0
"2288",0,1,12,"50,7",1,NA
"2289",1,4,16,"80,3",1,0
"2290",0,2,14,"29,6",1,NA
"2291",2,1,12,"52,4",1,0
"2292",2,0,11,"38,4",0,0
"2293",4,1,15,"50,7",NA,0
"2294",0,1,12,"30,1",1,NA
"2295",0,1,14,"29,8",1,0
"2296",1,1,12,"38,4",0,0
"2297",4,0,5,"26,5",0,0
"2298",2,1,12,"26,4",NA,0
"2299",5,1,13,"45,8",1,NA
"2300",4,1,9,"31,5",1,NA
"2301",1,2,14,"66,1",NA,0
"2302",2,0,10,"26,4",0,1
"2303",3,2,14,"73,7",NA,NA
"2304",3,0,6,"29,2",1,NA
"2305",8,1,14,"69,7",1,1
"2306",2,1,12,"51,8",1,0
"2307",5,1,12,"63,5",1,0
"2308",3,1,13," ",NA,NA
"2309",2,1,12,"38,4",0,0
"2310",4,1,13,"36,5",NA,0
"2311",3,1,12,"36,5",0,0
"2312",5,1,14,"37,3",0,0
"2313",0,1,14,"48,6",NA,0
"2314",0,1,14,"45,8",1,NA
"2315",2,1,12,"73,9",0,0
"2316",0,2,14,"32,4",NA,NA
"2317",2,1,13,"28,2",0,1
"2318",4,2,14,"67",0,0
"2319",2,1,14,"69,2",0,0
"2320",2,1,12,"33,1",0,0
"2321",2,1,12,"35,1",0,0
"2322",3,4,17,"80,3",NA,1
"2323",5,0,8,"31,5",NA,0
"2324",2,1,12,"26,7",NA,0
"2325",0,1,12,"38,4",0,0
"2326",5,1,12,"36,5",NA,0
"2327",2,3,16,"82,7",1,NA
"2328",0,1,13,"26,7",NA,NA
"2329",5,0,10," ",1,0
"2330",5,1,12,"34,2",0,NA
"2331",0,1,12,"29,2",NA,NA
"2332",4,1,13,"38,2",NA,1
"2333",0,1,12,"32",NA,0
"2334",1,0,8,"25,2",0,0
"2335",2,0,8,"31,1",0,0
"2336",0,1,12,"29,3",NA,NA
"2337",0,1,13,"50,7",NA,NA
"2338",3,1,12,"17,1",NA,0
"2339",2,1,12,"31,5",0,NA
"2340",2,0,8,"31,5",1,1
"2341",2,4,19,"78,5",0,NA
"2342",0,1,12,"62,5",NA,0
"2343",0,1,17," ",1,NA
"2344",0,3,16,"88,9",1,NA
"2345",0,4,18,"76,4",1,NA
"2346",4,3,16,"48,9",1,0
"2347",0,3,16,"76,4",1,0
"2348",2,4,20,"85,5",1,0
"2349",3,4,19,"84,2",1,NA
"2350",0,1,12,"33,1",0,NA
"2351",0,3,17,"61,9",1,NA
"2352",3,2,14,"36,5",0,NA
"2353",2,4,19,"44,3",0,0
"2354",4,1,12,"33,3",NA,NA
"2355",2,1,12,"21,2",1,1
"2356",0,3,16,"75,2",1,NA
"2357",0,2,15," ",NA,NA
"2358",0,2,17,"66,1",NA,NA
"2359",0,1,13,"28,4",1,0
"2360",1,1,14,"33,1",1,NA
"2361",0,1,16,"63,5",1,NA
"2362",0,1,16,"34,3",1,NA
"2363",3,1,14,"33,1",NA,0
"2364",0,1,14,"26,7",1,NA
"2365",4,0,10,"25,8",NA,NA
"2366",2,1,12,"42,9",0,NA
"2367",3,0,8,"29",NA,NA
"2368",1,1,14,"31,3",1,1
"2369",0,0,10,"40",NA,NA
"2370",0,1,12,"21,1",1,NA
"2371",2,1,14,"36,5",1,0
"2372",0,1,12,"37,3",NA,0
"2373",0,1,13,"22,7",NA,NA
"2374",2,1,12,"63,5",NA,0
"2375",0,4,18,"78,5",0,NA
"2376",4,1,12,"58,3",0,0
"2377",3,1,13,"38,4",1,1
"2378",4,1,12,"32,4",0,0
"2379",2,0,10,"33,1",0,1
"2380",3,1,12,"26,7",1,NA
"2381",7,1,12,"17,1",NA,0
"2382",2,2,16,"63,2",NA,0
"2383",2,1,12,"26,7",1,0
"2384",0,1,12,"26,7",1,NA
"2385",7,0,12,"63,5",0,0
"2386",3,3,19,"63,5",0,0
"2387",4,0,10,"32,4",0,0
"2388",5,0,11,"28,4",1,0
"2389",3,3,16,"78,5",0,0
"2390",4,3,16,"78,5",0,0
"2391",2,1,12,"37,3",1,0
"2392",4,1,15,"73,2",1,0
"2393",2,1,12,"63,5",NA,0
"2394",2,1,12,"29,3",NA,0
"2395",0,1,12,"26,7",1,NA
"2396",7,1,14,"69,7",0,0
"2397",3,1,12,"32,3",NA,0
"2398",2,1,15,"37,3",1,NA
"2399",0,1,13,"30,8",1,0
"2400",4,1,12,"33,1",1,0
"2401",7,1,12,"22,7",1,NA
"2402",2,1,12,"35,1",1,NA
"2403",1,1,12,"27,7",NA,0
"2404",1,1,9,"26,4",1,0
"2405",0,1,12,"46,7",NA,NA
"2406",0,0,20," ",0,0
"2407",3,3,18,"78,5",NA,0
"2408",3,1,12,"35,7",1,1
"2409",3,1,14,"53,3",0,0
"2410",2,3,16,"42,1",0,0
"2411",1,1,12,"29,3",0,NA
"2412",3,1,12,"48,5",0,0
"2413",3,2,13,"26,4",NA,1
"2414",3,3,18,"73,9",1,0
"2415",2,1,15,"27,2",NA,NA
"2416",4,0,8,"38,4",0,0
"2417",1,1,12,"29,2",NA,0
"2418",4,3,16,"63,5",NA,1
"2419",3,1,13,"44,7",0,NA
"2420",2,1,12,"29,2",1,0
"2421",4,1,12,"29,3",0,0
"2422",2,1,13,"68,1",NA,1
"2423",0,0,11,"48,5",0,0
"2424",2,0,8,"37,3",NA,0
"2425",5,0,6,"21,2",NA,1
"2426",4,1,12,"31,1",1,1
"2427",2,2,14,"43,2",1,0
"2428",2,1,12,"33,1",1,0
"2429",2,1,13,"37,3",NA,0
"2430",3,4,20,"96",1,0
"2431",0,3,16,"77,8",NA,0
"2432",1,1,12,"30,8",1,NA
"2433",0,3,16,"69,7",1,NA
"2434",0,1,15,"33,1",0,NA
"2435",0,3,16,"35,4",1,0
"2436",2,1,15,"64,1",NA,1
"2437",0,3,17,"69,7",1,NA
"2438",1,3,16,"80,3",NA,1
"2439",0,1,13,"59,3",1,NA
"2440",1,3,16,"80,3",1,0
"2441",2,3,17,"80",NA,0
"2442",1,3,16,"33,1",0,0
"2443",3,1,12,"33,1",1,0
"2444",0,4,20,"97,2",1,0
"2445",1,3,16,"73,2",1,0
"2446",0,3,16,"69,7",1,0
"2447",0,3,17,"69,7",NA,0
"2448",4,1,12,"36,5",NA,NA
"2449",2,1,12,"28,2",1,0
"2450",1,0,11,"22,9",0,0
"2451",3,2,14,"73,2",NA,0
"2452",3,1,13,"38,1",NA,NA
"2453",2,1,12,"33,1",NA,0
"2454",1,1,15,"62",1,NA
"2455",4,1,12,"26,7",1,NA
"2456",2,1,14,"31,5",NA,NA
"2457",2,3,16,"63,5",1,NA
"2458",0,2,14,"29,3",NA,0
"2459",1,1,12,"26,7",NA,0
"2460",0,1,12,"29,2",0,NA
"2461",4,1,12,"29",NA,1
"2462",4,2,14,"42,2",NA,1
"2463",1,1,14,"48,5",NA,NA
"2464",2,0,10," ",0,0
"2465",2,0,10,"33,1",0,1
"2466",2,1,12,"26,7",1,0
"2467",0,1,12,"29,5",1,0
"2468",2,2,14,"63,5",1,0
"2469",3,1,12,"32,1",1,NA
"2470",1,2,13,"66,1",1,NA
"2471",0,1,15,"50,7",NA,NA
"2472",0,1,15,"29,2",0,0
"2473",1,1,12,"27,5",NA,NA
"2474",1,1,12,"26,7",1,0
"2475",1,1,12,"38,9",NA,NA
"2476",4,2,14,"18,5",0,1
"2477",3,1,12,"33,1",0,0
"2478",5,0,8,"35,1",NA,0
"2479",2,2,14,"26,4",1,0
"2480",2,1,12,"38,9",1,0
"2481",1,1,14,"38,4",1,0
"2482",4,0,9,"29,3",0,0
"2483",7,1,13,"63,2",0,0
"2484",0,3,17,"45,9",1,NA
"2485",0,1,12,"26,7",1,NA
"2486",6,2,15,"73,2",NA,1
"2487",5,0,11,"48,5",0,NA
"2488",6,1,12,"46,1",NA,NA
"2489",4,0,7,"29",1,0
"2490",0,0,5,"34,6",0,NA
"2491",4,1,12,"76,4",1,0
"2492",3,1,12,"43,3",NA,NA
"2493",1,1,12,"38,4",1,0
"2494",5,0,10,"29,2",NA,0
"2495",4,1,12,"50,7",0,0
"2496",4,1,12,"17,1",1,1
"2497",2,1,12,"78",1,0
"2498",5,1,12,"26,4",0,0
"2499",5,1,12,"32",0,0
"2500",2,3,16,"80,3",0,1
"2501",1,1,13,"24,2",NA,0
"2502",0,3,16,"38",NA,0
"2503",0,0,9,"49,6",0,1
"2504",4,0,11,"22,5",0,NA
"2505",2,0,3,"25,4",0,0
"2506",8,0,5," ",NA,NA
"2507",1,1,12,"29,4",0,0
"2508",2,0,8,"53,9",NA,0
"2509",4,0,9,"29,2",0,NA
"2510",3,0,10,"22,9",NA,NA
"2511",5,1,14,"17,1",NA,0
"2512",0,1,12,"38,9",0,NA
"2513",3,0,11,"24,2",0,1
"2514",2,1,12," ",1,0
"2515",2,4,18,"73,3",1,0
"2516",1,1,12,"38",0,0
"2517",2,1,12,"35,4",NA,0
"2518",4,1,12," ",NA,0
"2519",4,1,12,"32,7",NA,0
"2520",4,1,10,"38",1,1
"2521",3,1,12,"32,3",NA,0
"2522",2,1,12,"36,5",NA,1
"2523",3,1,11,"38,2",NA,0
"2524",6,0,8,"38",0,0
"2525",2,0,10,"33,1",1,0
"2526",2,1,14,"63,2",1,NA
"2527",3,1,12,"26,5",1,NA
"2528",3,1,12,"71,5",1,NA
"2529",2,1,12,"63,5",1,0
"2530",1,0,11,"22,6",1,0
"2531",3,0,11,"33,1",0,0
"2532",2,1,12,"33,9",1,NA
"2533",1,1,12,"50,7",1,NA
"2534",3,4,17,"80,3",0,1
"2535",2,1,11,"58,3",NA,0
"2536",0,1,13,"32,4",NA,NA
"2537",1,1,12," ",NA,0
"2538",3,0,4,"17,6",0,0
"2539",0,4,17,"78,5",NA,NA
"2540",4,3,18,"73,2",0,NA
"2541",2,1,16,"73,2",1,0
"2542",0,1,12,"69,7",1,NA
"2543",0,1,14,"22,6",1,NA
"2544",0,1,12,"33,1",NA,NA
"2545",3,1,14,"60,6",0,0
"2546",2,0,10,"24,2",0,0
"2547",0,1,12,"28,6",1,0
"2548",1,0,10,"33,1",0,1
"2549",0,1,11,"36,5",1,NA
"2550",2,1,14,"50,7",NA,1
"2551",2,0,10,"32,3",1,0
"2552",1,1,12," ",NA,NA
"2553",1,1,9,"17,1",NA,NA
"2554",2,1,12,"43,7",0,0
"2555",2,0,7,"27,5",NA,0
"2556",1,0,8,"32,3",0,NA
"2557",1,3,18,"78,5",1,0
"2558",1,1,12,"34,3",1,0
"2559",1,0,11,"18,5",NA,0
"2560",2,1,10,"33,1",0,0
"2561",5,0,8,"37,3",NA,0
"2562",2,0,8," ",1,1
"2563",2,1,12,"63,5",0,NA
"2564",5,0,8," ",NA,0
"2565",3,0,3,"24,2",1,0
"2566",4,0,3,"29,3",1,1
"2567",1,1,12,"17,1",NA,0
"2568",0,0,5,"17,1",0,0
"2569",2,0,7,"37,3",0,0
"2570",5,0,10,"36,5",0,0
"2571",0,1,12,"33,6",NA,NA
"2572",4,0,8,"34,2",0,0
"2573",2,1,13," ",NA,NA
"2574",3,1,12,"27,5",1,NA
"2575",1,NA,10,"27,5",NA,NA
"2576",2,NA,NA," ",NA,0
"2577",2,3,16,"17,1",0,NA
"2578",2,1,12,"29",0,0
"2579",2,1,11," ",1,0
"2580",2,2,14," ",0,0
"2581",8,0,8," ",NA,0
"2582",4,1,12,"17,1",0,0
"2583",3,1,10," ",0,0
"2584",1,1,13,"33,1",NA,0
"2585",0,1,12,"34,2",NA,0
"2586",2,1,16,"63,5",0,1
"2587",2,1,13,"51,9",NA,0
"2588",0,0,5,"26,5",0,0
"2589",2,1,12,"17,1",0,NA
"2590",0,0,11,"26,5",NA,NA
"2591",2,1,12,"46,7",NA,1
"2592",1,0,9," ",0,0
"2593",1,2,14,"44,7",NA,NA
"2594",0,0,11," ",NA,NA
"2595",2,1,12,"33,1",0,NA
"2596",3,1,13,"29,3",0,1
"2597",1,2,14,"36,5",0,NA
"2598",3,1,12,"26,4",0,0
"2599",3,3,19,"38,4",NA,0
"2600",2,0,12,"27,5",NA,0
"2601",0,1,12,"38",0,NA
"2602",4,1,13,"53,3",0,0
"2603",3,0,14,"53,4",1,NA
"2604",3,1,13,"29,2",NA,NA
"2605",2,3,16,"63,5",1,0
"2606",2,1,13,"38,4",NA,0
"2607",2,2,16,"80",1,0
"2608",0,3,16,"53,7",1,1
"2609",3,1,12,"38,4",NA,0
"2610",2,3,17,"78,5",1,0
"2611",2,1,12,"63,2",NA,1
"2612",0,1,12,"31,3",0,0
"2613",2,1,12,"48,5",0,0
"2614",0,1,14,"33,1",1,NA
"2615",3,1,12,"38,4",NA,0
"2616",2,0,9,"32,3",0,NA
"2617",2,1,12,"73,6",NA,0
"2618",1,1,12,"30,8",1,NA
"2619",2,1,12,"33,6",NA,0
"2620",1,1,12,"26,4",1,1
"2621",3,0,9,"28,4",NA,0
"2622",6,0,10," ",1,0
"2623",5,0,3,"22,5",0,NA
"2624",5,1,11,"22,5",0,0
"2625",2,3,16,"78,5",NA,1
"2626",2,1,13,"33,9",0,NA
"2627",2,1,12,"26,6",NA,0
"2628",1,1,12,"33,1",NA,0
"2629",0,1,12,"26,5",NA,NA
"2630",0,0,7,"31,5",1,1
"2631",1,1,14,"38,4",0,1
"2632",4,0,7,"50,7",NA,0
"2633",1,1,12,"50,7",0,0
"2634",1,0,11,"29,4",0,NA
"2635",3,3,16,"54,7",1,1
"2636",2,1,15,"43,7",1,0
"2637",2,1,12,"21,2",1,NA
"2638",2,1,12,"32",1,NA
"2639",0,2,14,"48,5",NA,NA
"2640",2,1,12,"39,4",NA,0
"2641",2,1,12,"26,7",0,NA
"2642",2,3,18,"80,3",0,0
"2643",1,1,12,"29,3",1,1
"2644",5,1,12,"50,7",NA,NA
"2645",2,1,12,"50,7",0,0
"2646",1,1,14,"78,5",0,0
"2647",2,3,16,"36,5",1,NA
"2648",4,1,12,"48,9",NA,NA
"2649",0,1,12,"29,4",NA,0
"2650",0,1,13,"22,7",1,NA
"2651",2,0,8,"66,1",NA,0
"2652",0,1,12,"73,6",1,0
"2653",6,0,4,"28,2",NA,0
"2654",8,1,12,"59,1",NA,1
"2655",1,1,9,"36,5",0,0
"2656",5,0,11,"36,5",1,NA
"2657",0,0,8,"29,4",1,0
"2658",5,0,8,"69,7",NA,0
"2659",2,0,8," ",1,0
"2660",1,1,12," ",0,NA
"2661",6,0,3,"37,3",0,0
"2662",8,0,8,"28,4",NA,1
"2663",0,1,12,"39",0,NA
"2664",3,0,9,"31,5",0,0
"2665",1,1,14,"33,1",1,NA
"2666",0,3,16,"50,7",1,NA
"2667",4,1,12,"38,4",1,0
"2668",1,0,10," ",NA,0
"2669",3,0,7,"63,5",1,1
"2670",2,3,16,"36,5",1,0
"2671",5,1,15,"35,4",1,1
"2672",6,4,20,"92,3",0,0
"2673",0,4,17,"78,5",NA,0
"2674",1,3,19,"73,2",1,1
"2675",0,3,16,"63,5",1,NA
"2676",2,4,18,"69,2",NA,0
"2677",3,1,13," ",1,0
"2678",2,1,13,"36,5",0,0
"2679",2,1,12,"28,4",1,NA
"2680",3,1,14,"38",NA,0
"2681",3,0,8," ",NA,NA
"2682",1,1,12,"29,5",0,NA
"2683",2,1,12,"37,3",1,0
"2684",2,3,16,"80,3",0,0
"2685",NA,1,12,"35,1",NA,NA
"2686",0,0,10,"28,4",0,0
"2687",2,1,14,"59,9",0,0
"2688",6,0,6,"21,1",0,0
"2689",6,0,3,"26,5",NA,0
"2690",3,0,10," ",0,NA
"2691",4,0,11,"36,7",0,NA
"2692",2,0,8,"32,3",0,NA
"2693",0,1,13,"30,2",NA,NA
"2694",3,1,12,"27,5",NA,NA
"2695",3,0,10,"39,5",1,NA
"2696",2,0,8," ",0,1
"2697",1,0,9,"28,4",NA,NA
"2698",2,1,11,"29,3",0,NA
"2699",1,0,14,"26,7",0,0
"2700",2,1,15,"50,7",1,1
"2701",2,1,12,"62,1",NA,0
"2702",0,0,11,"48,9",NA,0
"2703",2,1,9,"26,5",1,0
"2704",2,1,13,"29,2",0,0
"2705",0,4,17,"85,1",1,1
"2706",1,1,12,"25,8",NA,0
"2707",1,0,11,"48,5",1,1
"2708",3,0,11,"21,2",1,1
"2709",1,1,12,"63,5",0,0
"2710",2,2,14,"57,1",0,NA
"2711",1,1,12,"32,8",0,1
"2712",4,1,12,"38,9",0,1
"2713",0,0,11,"38,9",1,NA
"2714",2,2,14,"64,4",0,1
"2715",2,1,12,"50,7",NA,0
"2716",3,4,18,"85,1",1,0
"2717",2,1,12,"38,4",NA,0
"2718",3,0,11,"27,2",NA,0
"2719",2,3,16,"78,5",NA,0
"2720",2,1,12,"49,6",0,0
"2721",2,1,12,"37,7",1,0
"2722",4,0,8,"31,3",NA,1
"2723",5,3,16,"78,5",0,0
"2724",4,1,12,"26,4",1,0
"2725",4,1,12,"37,3",NA,0
"2726",4,1,11,"26,7",0,0
"2727",4,3,16,"62",1,0
"2728",3,0,10,"37,7",0,0
"2729",0,2,16,"73,2",NA,0
"2730",0,1,12,"50,7",0,NA
"2731",1,2,16,"63,5",0,1
"2732",4,0,8,"31,4",1,0
"2733",0,1,12,"33,1",1,1
"2734",2,0,10,"31,4",1,1
"2735",4,0,10,"35,2",NA,1
"2736",3,0,10,"29,3",1,NA
"2737",4,1,13,"38,9",1,1
"2738",1,1,14,"31,5",0,NA
"2739",3,3,17,"52,4",1,NA
"2740",2,1,12,"38",1,0
"2741",4,1,13,"38,2",0,1
"2742",2,1,12,"27,7",1,NA
"2743",3,1,12,"50,7",0,0
"2744",1,1,13,"29,2",1,NA
"2745",5,0,11,"29,3",0,NA
"2746",NA,1,12,"32,4",0,1
"2747",2,1,12,"38,4",NA,0
"2748",4,0,9,"32,4",NA,NA
"2749",7,1,12,"25,8",1,1
"2750",4,1,11,"50,7",1,0
"2751",2,1,13,"38,5",1,1
"2752",3,1,12,"26,5",1,0
"2753",3,1,15,"56,6",NA,0
"2754",3,1,12,"30,7",1,0
"2755",2,1,12,"50,7",0,0
"2756",1,3,18,"80,3",1,0
"2757",2,1,14,"69,7",1,0
"2758",3,1,12,"31,5",0,1
"2759",2,1,14,"36,5",1,0
"2760",0,1,12,"78,5",NA,NA
"2761",0,1,12,"74,9",NA,NA
"2762",0,0,11," ",0,NA
"2763",5,0,9,"36,5",0,0
"2764",3,3,16," ",NA,0
"2765",3,3,16," ",1,0
"2766",2,1,13,"38",NA,NA
"2767",2,1,12,"48,6",NA,NA
"2768",3,1,12,"27,7",1,1
"2769",0,1,15,"54,7",1,0
"2770",1,3,17,"63,2",1,0
"2771",1,1,13,"54,5",1,0
"2772",2,1,12,"26,4",0,0
"2773",3,1,16,"63,5",NA,0
"2774",1,3,16,"83,7",NA,1
"2775",5,0,10,"30,7",NA,0
"2776",0,3,16,"84,7",NA,NA
"2777",0,1,12,"64,2",1,1
"2778",2,1,13,"26,4",1,0
"2779",2,1,12,"33,1",1,NA
"2780",3,0,11,"29,4",1,NA
"2781",0,0,10,"18,5",0,NA
"2782",5,1,12,"28,4",0,0
"2783",0,1,12," ",0,NA
"2784",1,0,12,"25,3",0,NA
"2785",6,0,7,"27,5",1,0
"2786",1,1,12,"26,9",NA,NA
"2787",2,1,12,"37,5",0,NA
"2788",2,1,13,"17,1",NA,NA
"2789",0,1,16,"84,2",1,NA
"2790",2,3,16,"36,9",0,0
"2791",0,1,19,"27,5",1,NA
"2792",0,1,12,"38,4",NA,NA
"2793",0,1,14,"26,7",NA,NA
"2794",0,1,12,"32,4",NA,NA
"2795",2,1,12,"31,2",NA,NA
"2796",0,1,15,"60,5",1,NA
"2797",1,2,14,"50,7",1,NA
"2798",2,3,16,"73,2",1,NA
"2799",0,1,12,"63,5",NA,NA
"2800",1,1,12,"35,2",1,NA
"2801",1,1,11,"53,4",1,0
"2802",0,1,13,"42,3",1,NA
"2803",0,1,17,"29,3",1,NA
"2804",3,3,16,"74,4",NA,0
"2805",2,3,16,"22,6",1,0
"2806",0,0,11,"22,6",1,NA
"2807",2,2,16,"73,2",1,NA
"2808",2,1,12,"38,2",1,0
"2809",2,1,12,"37,3",NA,0
"2810",0,0,11," ",NA,NA
"2811",4,1,12,"63,2",NA,0
"2812",1,1,14,"36,9",1,NA
"2813",0,0,11," ",1,NA
"2814",5,3,16,"72",0,NA
"2815",3,1,14,"50,7",NA,0
"2816",6,1,13,"37,3",0,0
"2817",3,1,12,"31,3",NA,1
"2818",1,1,13,"38,9",0,1
"2819",0,3,17,"78,5",NA,0
"2820",0,1,15,"33,3",1,NA
"2821",2,1,12,"33,1",NA,0
"2822",2,3,16,"69,2",1,1
"2823",2,1,15,"76,3",1,NA
"2824",0,2,17,"38,2",1,NA
"2825",2,1,12,"36,5",1,0
"2826",0,4,17,"80,3",1,NA
"2827",1,3,15,"51",0,0
"2828",2,3,16,"83,7",NA,0
"2829",0,4,20,"82,7",NA,NA
"2830",2,1,17,"63,5",NA,0
"2831",0,2,14,"73,2",1,NA
"2832",1,1,14,"43,3",0,NA
"2833",2,1,14,"31,9",1,NA
"2834",2,3,16,"64,2",NA,0
"2835",6,1,12,"63,5",NA,0
"2836",4,1,12,"40,2",1,NA
"2837",2,1,12,"22,9",NA,NA
"2838",1,1,14,"47,8",1,NA
"2839",0,0,11,"35,1",0,NA
"2840",0,1,12,"38,4",0,NA
"2841",3,0,9,"63,5",0,0
"2842",3,0,12,"38,7",NA,0
"2843",2,1,12,"61,9",NA,NA
"2844",1,1,14,"86,5",1,NA
"2845",2,1,12,"32,4",1,0
"2846",4,1,12,"52,3",NA,NA
"2847",2,1,12,"51",0,1
"2848",7,1,15,"28,4",0,0
"2849",3,1,12," ",0,0
"2850",5,1,12,"38",NA,0
"2851",1,3,19,"78,5",NA,0
"2852",5,0,8,"37,3",NA,0
"2853",1,1,12,"30,8",0,1
"2854",3,1,12,"38",1,0
"2855",3,0,11,"37,4",1,0
"2856",4,0,8,"29,3",NA,1
"2857",4,1,15,"37,2",1,0
"2858",4,0,8,"42,4",NA,0
"2859",0,1,14,"64,2",1,NA
"2860",2,0,9,"25,8",NA,0
"2861",3,1,12,"63,5",0,NA
"2862",0,1,15,"56,5",NA,NA
"2863",3,1,14,"38,9",1,1
"2864",3,3,16,"33,3",NA,NA
"2865",2,1,12,"34,3",1,NA
"2866",4,1,13,"30,8",NA,0
"2867",1,0,11,"28,6",NA,1
"2868",3,1,12,"37,7",1,0
"2869",2,1,12," ",1,0
"2870",1,2,17,"73,2",1,NA
"2871",7,0,12,"21,2",1,NA
"2872",3,2,15,"80,3",1,0
"2873",0,4,19,"92,3",NA,0
"2874",3,1,13,"29,3",0,1
"2875",2,4,20,"87,9",NA,0
"2876",0,4,18,"62,5",1,NA
"2877",1,1,13,"33,1",NA,NA
"2878",3,0,10,"39,7",1,NA
"2879",2,1,12,"69,7",NA,1
"2880",2,1,12,"49,9",NA,NA
"2881",0,1,13,"38,9",NA,NA
"2882",0,2,14,"39,4",1,NA
"2883",0,1,16,"76,4",1,NA
"2884",2,1,12,"48,5",1,NA
"2885",0,1,14,"26,4",NA,NA
"2886",0,3,16,"42,2",1,NA
"2887",4,1,12,"50,7",0,0
"2888",2,1,13,"54,5",NA,0
"2889",1,1,12,"52,5",1,0
"2890",1,3,16,"62,2",NA,1
"2891",2,1,12,"50,5",1,0
"2892",1,1,12,"33,1",0,1
"2893",3,1,12,"38,1",1,0
"2894",3,1,14,"74,4",1,0
"2895",1,1,13," ",0,0
"2896",2,1,12,"28,4",NA,1
"2897",0,3,16,"32,4",1,NA
"2898",0,2,14,"28,6",NA,NA
"2899",4,1,11,"38,9",1,NA
"2900",0,0,11,"38,1",0,NA
"2901",2,1,12,"38,4",0,0
"2902",2,1,12,"28,4",0,NA
"2903",3,1,9,"68,1",NA,0
"2904",2,1,12,"32,4",0,0
