id;ses;genre;reseau;scolarite;experience
4;62,5;2;24;2;6
5;17,1;2;10;0;1
6;69,2;2;13;3;12
7;29,8;1;4;0;4
8;37,7;2;24;1;4
9;37,7;2;6;1;6
10;47,9;2;14;2;9
11;92,3;2;9;4;27
12;80,9;2;5;4;14
13;76,4;2;10;3;13
14;37,4;1;5;1;3
15;38,4;2;8;1;8
16;38,9;1;14;1;6
18;83,9;1;3;4;21
20;37,7;2;5;1;4
21;39,4;1;5;1;5
73;47,9;2;12;2;9
78;45,8;1;8;2;7
2377;38,4;2;2;1;8
2396;69,7;2;14;3;17
2476;18,5;2;16;0;6
2545;60,6;2;21;2;12
2747;38,4;2;7;1;6
2887;50,7;2;21;2;10
2897;32,4;1;4;1;7
2251;62,5;2;3;2;16
2898;28,6;1;15;0;12
2899;38,9;2;12;1;6
1087;38,9;2;10;1;9
2715;50,7;2;19;2;9
2900;38,1;1;6;1;3
2662;28,4;2;7;0;2
2902;28,4;1;8;0;3
2854;38;2;10;1;8
1;43,4;1;16;2;6
1968;34,4;2;3;1;4
17;62,5;1;19;2;13
109;53,3;1;7;2;8
23;49,9;1;18;2;9
24;29,3;2;9;0;4
215;53,7;2;0;2;8
711;37,7;2;4;1;5
25;29,3;2;8;0;2
26;52,5;2;15;2;9
434;26,4;2;12;0;4
1139;60,6;2;6;2;17
28;76,3;1;18;3;15
29;72,5;2;2;3;17
30;33,9;2;17;1;9
31;78,7;2;3;4;21
32;28,4;1;12;0;2
114;44,7;1;10;2;6
311;29,8;2;3;0;2
516;78,5;2;11;3;20
1294;63,5;2;3;3;19
2791;27,5;1;9;0;4
33;60,6;1;3;2;18
439;33,1;2;14;1;6
34;63,5;2;10;3;13
35;67;1;26;3;15
36;63,5;2;7;3;31
37;47,9;1;21;2;2
38;28,4;2;5;0;9
39;47,9;2;8;2;2
40;69,2;2;11;3;16
41;50,7;1;4;2;6
42;22,5;2;12;0;2
43;56,6;2;2;2;12
44;47,9;2;15;2;2
45;37,6;1;15;1;2
46;67;2;13;3;15
47;33,1;2;12;1;2
48;32,1;1;4;1;2
49;34,2;1;7;1;6
50;23,3;2;13;0;3
51;31,4;2;14;1;4
52;96;2;24;4;17
53;53,7;1;3;2;12
54;28,6;1;6;0;5
55;97,2;2;18;4;25
56;63,5;1;21;3;17
57;33,9;1;4;1;6
58;53,7;1;5;2;10
59;60,6;1;9;2;16
60;29,6;1;14;0;2
63;63,5;1;17;3;13
84;68,1;2;7;3;10
85;33,9;2;9;1;5
86;76,4;2;19;3;13
87;39;1;4;1;8
88;63,5;2;10;2;17
90;73,9;1;23;3;20
91;47,9;2;6;2;2
92;38,9;1;2;1;6
93;38,9;2;7;1;10
95;50,7;2;3;2;11
97;32,1;1;4;1;2
98;35,1;1;5;1;5
99;22,7;1;9;0;2
100;30,8;2;17;1;4
102;33,1;2;11;1;3
103;47,9;2;15;2;8
104;26,4;2;10;0;4
105;47,9;1;11;2;9
123;50,7;2;1;2;7
124;58,3;1;7;2;10
125;63,5;2;13;3;16
127;26,4;2;5;0;4
128;35,1;1;0;1;14
129;37,3;1;11;1;6
131;38,1;1;16;1;5
133;73,6;2;17;3;6
134;33,9;2;15;1;2
151;50,5;2;8;2;14
152;22,7;2;16;0;1
153;76,3;2;20;3;25
154;76,3;1;2;3;25
155;33,1;1;8;1;5
156;47,9;2;1;2;10
158;45,8;2;5;2;6
159;74,4;1;17;3;23
160;36,5;2;12;1;2
161;63,5;2;14;3;13
162;63,5;1;4;3;6
163;76,5;2;0;3;28
164;37,7;2;9;1;7
167;36,5;1;9;1;6
168;64,4;2;10;3;23
169;60,5;1;2;2;15
170;48,8;2;15;2;4
171;38,2;1;12;1;8
172;34,2;1;12;1;5
173;28,4;1;11;0;2
174;50,5;2;6;2;10
175;74,4;2;13;3;19
184;63,2;1;19;3;19
189;73,6;2;20;3;16
190;53,7;1;3;2;13
192;63,5;1;3;3;16
193;58,3;1;21;2;8
194;34,4;2;5;1;5
195;50,7;2;12;2;15
196;63,5;1;12;3;12
197;32;1;10;1;7
198;39;2;8;1;6
199;32;2;3;1;4
201;38,1;1;21;1;4
202;73,2;2;17;3;12
208;32,3;1;10;1;3
211;78,5;2;25;4;16
212;44,7;1;6;2;4
213;81,9;1;13;4;14
214;53,7;2;21;2;9
217;61,1;2;8;2;17
218;63,5;2;10;3;21
219;38,4;2;20;1;5
221;82,7;1;3;4;16
222;63,5;1;8;3;26
223;61,1;2;12;2;20
224;26,4;2;8;0;7
225;42,5;1;8;2;4
226;52,5;1;9;2;13
228;84,7;1;14;4;15
229;52,5;1;11;2;13
230;40,2;1;13;1;10
231;82,7;1;5;4;18
232;22,5;1;12;0;4
233;63,5;1;3;3;16
234;33,9;2;9;1;5
235;76,4;2;15;3;15
236;75,9;2;17;3;24
237;40,1;1;8;1;7
239;60,5;1;11;2;26
242;76,4;1;22;3;25
243;60,6;2;20;2;14
244;36,5;2;0;1;3
245;36,9;2;8;1;5
246;22,5;2;11;0;2
247;36,9;2;8;1;5
248;43,7;2;6;2;3
249;28,4;2;11;0;6
250;47,9;2;3;2;4
252;29,3;2;9;0;5
253;42,3;2;31;2;4
254;29,3;2;4;0;3
255;76,4;2;11;3;18
256;49,6;1;19;2;8
257;38;2;9;1;15
260;63,2;2;11;3;15
261;53,1;1;1;2;8
262;63,5;1;17;2;9
263;80,3;2;12;4;12
264;38;2;9;1;5
265;86,5;1;30;4;32
266;50,7;1;11;2;14
267;81;2;5;4;23
268;46,7;2;17;2;5
269;20,1;2;15;0;3
270;73,2;2;25;3;15
271;61,9;2;23;2;14
272;63,5;2;5;2;15
273;41,6;2;8;1;5
274;28,6;1;12;1;3
275;49,6;1;6;2;6
276;47,9;2;16;2;8
277;73,2;1;27;3;19
278;53,7;2;11;2;5
279;53,7;2;13;2;9
281;68,1;2;4;3;5
282;45,3;1;8;2;6
283;28,6;1;1;0;2
284;37,7;2;15;1;6
286;86,8;1;13;4;18
287;32,7;1;10;1;3
288;31,4;2;4;1;5
289;37,9;2;3;1;6
290;31,4;1;10;1;6
291;53,3;2;18;2;7
292;38,4;2;6;1;14
293;47,9;2;24;2;4
294;50,7;2;4;2;15
295;32,4;2;13;1;2
296;40;1;10;1;3
297;32,3;1;9;1;6
298;33,1;2;7;1;4
299;32,4;2;11;1;3
300;38,7;1;9;1;8
301;34,2;1;12;1;6
303;50,5;2;8;2;7
2286;62,1;1;22;3;12
2287;38,4;2;11;1;8
2288;50,7;1;3;2;9
2289;80,3;2;4;4;24
2290;29,6;1;9;0;9
2292;38,4;1;2;1;3
2293;50,7;2;2;2;5
2294;30,1;1;6;0;4
2295;29,8;1;19;1;4
2296;38,4;2;5;1;5
2297;26,5;2;16;0;2
2298;26,4;2;2;0;5
2299;45,8;1;2;2;6
2300;31,5;1;1;1;6
2301;66,1;1;4;3;22
2302;26,4;2;8;0;3
2303;73,7;2;18;3;34
2304;29,2;1;16;0;2
2305;69,7;2;10;3;19
2306;51,8;2;9;2;9
2307;63,5;2;3;3;10
2308;47,9;2;5;2;5
2309;38,4;2;2;1;5
2311;36,5;1;14;1;5
2312;37,3;1;12;1;7
2314;45,8;1;6;2;6
2315;73,9;1;3;3;17
2316;32,4;2;6;1;8
2318;67;2;14;3;22
2320;33,1;2;12;1;6
2321;35,1;1;5;1;6
2322;80,3;1;17;4;25
2323;31,5;1;8;1;3
2324;26,7;2;10;0;4
2325;38,4;2;4;1;6
2326;36,5;2;14;1;7
2327;82,7;2;11;4;11
2328;26,7;2;12;0;3
2329;47,9;2;12;2;4
2330;34,2;1;1;1;5
2331;29,2;1;4;0;4
2333;32;2;17;1;4
2334;25,2;2;10;0;2
2335;31,1;1;2;0;3
2336;29,3;1;18;0;5
2337;50,7;1;15;2;10
2338;17,1;2;7;0;3
2339;31,5;1;12;1;6
2341;78,5;2;7;3;27
2342;62,5;2;5;2;18
2343;47,9;1;6;2;8
2344;88,9;1;9;4;14
2345;76,4;1;15;3;22
2346;48,9;1;18;2;10
2347;76,4;2;13;3;15
2348;85,5;2;2;4;20
2349;84,2;2;18;4;23
2350;33,1;2;15;1;5
2351;61,9;1;3;2;10
2352;36,5;2;14;1;14
2353;44,3;1;1;2;12
2354;33,3;2;8;1;4
2355;21,2;2;14;0;4
2356;75,2;2;3;3;18
2357;47,9;2;12;2;19
2358;66,1;1;2;3;31
2360;33,1;2;5;1;4
2361;63,5;2;10;3;10
2362;34,3;1;19;1;6
2363;33,1;2;9;1;5
2365;25,8;1;22;0;2
2366;42,9;2;4;2;6
2367;29;2;19;0;2
2368;31,3;1;20;1;5
2369;40;1;20;1;3
2370;21,1;2;5;0;3
2373;22,7;2;11;0;4
2374;63,5;2;14;2;17
2375;78,5;2;15;4;21
2376;58,3;2;6;2;9
2378;32,4;2;9;1;4
2379;33,1;2;11;1;2
2380;26,7;1;12;0;4
2381;17,1;2;12;0;4
2382;63,2;2;10;2;25
2383;26,7;2;10;0;4
2384;26,7;1;10;0;4
2385;63,5;2;6;3;6
2386;63,5;1;9;2;15
2387;32,4;2;21;1;3
2388;28,4;1;15;0;3
2389;78,5;2;3;3;22
2390;78,5;2;21;3;20
2391;37,3;1;3;1;5
2400;33,1;1;10;1;5
2403;27,7;1;12;0;4
2404;26,4;2;13;0;4
2405;46,7;1;9;2;7
2406;47,9;2;8;2;3
2408;35,7;1;7;1;6
2409;53,3;1;3;2;5
2410;42,1;1;16;2;9
2411;29,3;2;13;0;4
2412;48,5;1;15;2;9
2413;26,4;2;13;0;9
2414;73,9;1;1;3;16
2415;27,2;2;8;0;4
2416;38,4;2;12;1;3
2417;29,2;2;11;0;4
2418;63,5;1;11;3;16
2419;44,7;1;11;2;7
2421;29,3;2;6;0;4
2422;68,1;2;2;3;10
2423;48,5;1;8;2;4
2424;37,3;1;8;1;3
2425;21,2;2;10;0;2
2426;31,1;1;12;0;3
2427;43,2;1;19;1;13
2428;33,1;2;1;1;6
2429;37,3;1;7;1;6
2432;30,8;2;27;0;5
2433;69,7;2;1;3;17
2434;33,1;1;9;1;5
2435;35,4;2;12;1;7
2436;64,1;1;7;3;18
2437;69,7;1;6;3;10
2438;80,3;2;10;4;13
2439;59,3;1;7;2;7
2441;80;1;12;4;16
2442;33,1;2;4;1;6
2444;97,2;1;3;4;25
2445;73,2;2;28;3;17
2446;69,7;2;8;3;15
2448;36,5;1;1;1;8
2449;28,2;1;15;0;6
2451;73,2;2;6;3;34
2452;38,1;1;0;1;5
2458;29,3;2;9;0;11
2461;29;2;17;0;6
2462;42,2;1;6;1;13
2463;48,5;1;4;2;10
2464;47,9;2;12;2;3
2465;33,1;2;6;1;3
2467;29,5;1;20;0;5
2469;32,1;1;9;1;5
2470;66,1;1;1;3;24
2471;50,7;1;7;2;9
2472;29,2;1;8;0;4
2477;33,1;2;11;1;4
2478;35,1;1;16;1;3
2483;63,2;1;15;2;14
2493;38,4;2;13;1;5
2494;29,2;2;3;0;2
2495;50,7;2;9;2;7
2496;17,1;2;11;0;2
2497;78;1;9;3;19
2498;26,4;2;1;0;4
2501;24,2;1;15;0;2
2502;38;2;19;1;9
2503;49,6;1;19;2;4
2504;22,5;2;11;0;1
2505;25,4;2;10;0;1
2506;47,9;2;12;2;3
2507;29,4;2;7;0;4
2508;53,9;1;17;2;6
2509;29,2;2;2;0;3
2510;22,9;2;17;0;2
2511;17,1;2;9;0;3
2512;38,9;2;11;1;4
2513;24,2;1;15;0;2
2514;47,9;2;5;2;4
2515;73,3;1;9;3;27
2516;38;2;5;1;7
2517;35,4;2;10;1;6
2518;47,9;2;12;2;4
2519;32,7;1;11;1;5
2521;32,3;1;26;1;3
2522;36,5;2;9;1;6
2524;38;2;5;1;4
2525;33,1;2;9;1;3
2526;63,2;2;0;3;11
2527;26,5;2;12;0;5
2528;71,5;1;19;3;15
2529;63,5;1;5;3;14
2530;22,6;2;10;0;2
2531;33,1;1;7;1;4
2532;33,9;1;2;1;6
2533;50,7;2;13;2;8
2537;47,9;1;2;2;9
2538;17,6;2;18;0;1
2539;78,5;2;16;4;22
2540;73,2;2;21;3;16
2542;69,7;2;18;3;17
2543;22,6;1;7;0;4
2544;33,1;2;15;1;7
2546;24,2;1;10;0;2
2548;33,1;2;12;1;2
2549;36,5;1;3;1;5
2550;50,7;1;8;2;8
2551;32,3;1;3;1;3
2552;47,9;2;11;2;8
2553;17,1;2;21;0;3
2555;27,5;2;3;0;2
2556;32,3;1;9;1;3
2557;78,5;2;16;4;24
2558;34,3;1;10;1;4
2560;33,1;2;11;1;3
2561;37,3;1;9;1;4
2567;17,1;2;7;0;2
2568;17,1;2;13;0;1
2572;34,2;1;4;1;2
2573;47,9;2;10;2;7
2574;27,5;2;13;0;4
2575;27,5;2;7;0;4
2576;47,9;2;7;2;9
2577;17,1;2;10;0;4
2579;47,9;2;17;2;6
2580;47,9;2;10;2;18
2582;17,1;2;8;0;2
2583;47,9;2;6;2;8
2584;33,1;2;7;1;7
2585;34,2;1;0;1;4
2587;51,9;2;19;2;8
2588;26,5;2;10;0;2
2589;17,1;2;11;0;2
2590;26,5;2;2;0;2
2591;46,7;2;6;2;8
2596;29,3;2;14;0;4
2599;38,4;2;12;1;10
2609;38,4;2;14;1;6
2611;63,2;2;21;3;18
2612;31,3;1;6;1;4
2617;73,6;2;7;3;15
2620;26,4;2;21;0;5
2627;26,6;1;14;0;4
2628;33,1;2;9;1;6
2629;26,5;1;12;0;3
2630;31,5;1;10;1;2
2632;50,7;2;5;2;5
2633;50,7;2;9;2;7
2634;29,4;2;18;1;2
2635;54,7;1;11;2;12
2636;43,7;2;15;2;7
2637;21,2;2;9;0;3
2638;32;2;7;1;4
2639;48,5;1;19;2;12
2640;39,4;2;25;1;6
2641;26,7;2;12;0;4
2643;29,3;2;2;0;4
2644;50,7;2;12;2;9
2646;78,5;2;19;4;18
2647;36,5;1;7;1;6
2648;48,9;1;7;2;3
2650;22,7;1;8;0;2
2651;66,1;1;1;3;6
2652;73,6;2;5;3;15
2653;28,2;1;11;0;2
2654;59,1;2;6;2;9
2655;36,5;1;14;1;5
2656;36,5;1;11;1;3
2657;29,4;2;11;0;2
2658;69,7;1;2;3;6
2660;47,9;2;26;2;8
2661;37,3;2;10;1;2
2663;39;2;14;1;4
2664;31,5;1;2;1;3
2665;33,1;2;9;1;4
2666;50,7;2;14;2;7
2667;38,4;2;4;1;5
2668;47,9;2;9;2;2
2669;63,5;1;24;3;5
2671;35,4;2;1;1;7
2672;92,3;1;2;4;34
2674;73,2;2;11;3;14
2675;63,5;1;4;2;16
2676;69,2;2;0;3;27
2677;47,9;1;19;2;8
2679;28,4;2;13;0;4
2680;38;2;13;1;5
2681;47,9;2;16;2;4
2682;29,5;1;2;0;3
2683;37,3;1;5;1;4
2684;80,3;2;13;4;17
2685;35,1;1;5;1;4
2686;28,4;1;20;0;1
2687;59,9;1;10;2;10
2688;21,1;2;9;0;2
2689;26,5;1;6;0;2
2690;47,9;2;10;2;3
2691;36,7;1;9;1;3
2692;32,3;1;13;1;3
2693;30,2;1;6;0;5
2694;27,5;2;8;0;5
2695;39,5;1;10;1;3
2696;47,9;2;12;2;2
2697;28,4;2;9;0;2
2698;29,3;2;7;0;4
2699;26,7;2;10;0;3
2701;62,1;1;10;2;14
2702;48,9;1;12;2;4
2704;29,2;2;9;0;4
2705;85,1;1;18;4;32
2709;63,5;2;7;3;19
2711;32,8;1;5;1;5
2714;64,4;2;6;3;27
2716;85,1;1;26;4;24
2719;78,5;2;10;4;14
2720;49,6;1;9;2;5
2722;31,3;1;2;1;3
2725;37,3;1;16;1;8
2726;26,7;1;13;0;4
2728;37,7;1;25;1;3
2729;73,2;2;18;3;35
2730;50,7;2;16;2;7
2731;63,5;2;10;3;25
2732;31,4;1;9;1;3
2734;31,4;1;5;1;3
2735;35,2;2;8;1;3
2736;29,3;2;14;0;2
2737;38,9;1;20;1;6
2738;31,5;1;16;1;5
2739;52,4;1;1;2;10
2742;27,7;2;15;0;5
2743;50,7;2;5;2;6
2744;29,2;1;13;0;6
2745;29,3;2;4;0;2
2746;32,4;2;2;1;4
2748;32,4;2;5;1;2
2749;25,8;2;7;0;5
2751;38,5;2;19;1;7
2752;26,5;1;11;0;3
2754;30,7;2;9;0;4
2755;50,7;2;6;2;9
2757;69,7;1;9;3;15
2758;31,5;1;10;1;5
2768;27,7;2;11;0;5
2769;54,7;2;1;2;9
2770;63,2;2;4;3;10
2771;54,5;2;9;2;8
2773;63,5;1;22;3;13
2774;83,7;1;26;4;18
2776;84,7;1;1;4;20
2777;64,2;2;20;3;13
2778;26,4;2;13;0;6
2779;33,1;1;13;1;5
2780;29,4;2;13;0;2
2781;18,5;2;16;0;1
2783;47,9;2;6;2;7
2784;25,3;2;14;0;2
2785;27,5;1;6;0;2
2786;26,9;1;13;0;4
2787;37,5;1;9;1;5
2788;17,1;2;9;0;2
2789;84,2;1;12;4;22
2790;36,9;2;7;1;10
2792;38,4;2;5;1;4
2793;26,7;2;18;0;3
2794;32,4;2;19;1;4
2795;31,2;2;17;0;4
2796;60,5;1;17;2;10
2797;50,7;1;7;2;10
2798;73,2;2;4;3;19
2799;63,5;1;13;3;15
2800;35,2;2;10;1;5
2801;53,4;1;23;2;9
2802;42,3;1;18;1;7
2803;29,3;2;16;0;3
2804;74,4;2;9;3;16
2806;22,6;2;12;0;2
2807;73,2;2;13;3;34
2808;38,2;1;19;1;5
2809;37,3;1;9;1;5
2810;47,9;2;19;2;2
2811;63,2;1;4;3;20
2812;36,9;2;4;1;6
2813;47,9;2;13;2;1
2814;72;2;6;3;15
2815;50,7;2;11;2;8
2816;37,3;2;13;1;5
2817;31,3;2;11;1;3
2818;38,9;2;2;1;5
2819;78,5;2;10;4;14
2820;33,3;2;18;1;4
2828;83,7;1;19;4;22
2830;63,5;2;9;3;13
2835;63,5;1;4;3;13
2836;40,2;2;7;1;4
2837;22,9;2;12;0;3
2838;47,8;1;3;2;7
2839;35,1;1;14;1;3
2840;38,4;1;1;1;5
2841;63,5;2;7;3;3
2843;61,9;2;17;2;13
2844;86,5;1;18;4;20
2846;52,3;1;12;2;5
2847;51;1;17;2;6
2848;28,4;2;9;0;3
2851;78,5;2;13;4;16
2853;30,8;2;4;1;5
2857;37,2;1;10;1;5
2858;42,4;1;16;2;4
2859;64,2;2;10;3;11
2860;25,8;1;2;0;2
2864;33,3;2;11;1;7
2865;34,3;1;7;1;4
2866;30,8;2;1;0;5
2867;28,6;1;5;0;2
2868;37,7;2;6;1;6
2870;73,2;2;8;3;27
2871;21,2;2;9;0;1
2872;80,3;2;6;4;30
2874;29,3;2;3;0;4
2875;87,9;1;2;4;23
2880;49,9;2;17;2;4
2881;38,9;1;6;1;6
2882;39,4;1;0;1;17
2883;76,4;1;4;3;16
2884;48,5;1;13;2;7
2885;26,4;2;11;0;5
2886;42,2;1;3;1;11
2889;52,5;1;6;2;5
2890;62,2;2;17;2;16
2891;50,5;2;10;2;8
2895;47,9;2;13;2;9
2896;28,4;1;12;0;4
2903;68,1;1;2;3;16
2904;32,4;2;15;1;4
62;33,1;2;15;1;7
74;36,5;2;16;1;9
75;47,9;2;20;2;7
76;47,9;2;12;2;4
77;69,2;2;10;3;27
119;33,6;2;22;1;13
120;80,3;2;13;4;24
121;38,4;2;11;1;5
122;53,7;1;1;2;4
126;62,5;2;15;3;13
135;92,3;1;12;4;37
136;49,9;1;14;2;7
137;36,5;2;16;1;5
138;33,1;2;6;1;3
139;50,3;2;9;2;9
141;36,5;2;10;1;6
142;36,2;1;11;1;5
143;22,7;2;4;0;1
144;48,5;2;24;2;2
145;33,1;1;8;1;5
146;50,5;2;9;2;10
147;33,1;2;12;1;9
148;60,5;1;13;2;13
149;30,7;1;9;0;5
178;74,4;1;23;3;29
179;63,5;1;0;3;13
180;63,5;1;16;2;16
187;52,5;2;7;2;12
188;73,2;2;11;3;20
204;38,4;2;27;1;6
207;86,5;1;11;4;22
210;33,6;1;13;1;6
2393;63,5;1;6;3;19
2395;26,7;2;2;0;4
2401;22,7;1;9;0;2
2402;35,1;1;2;1;4
2454;62;2;1;2;15
2455;26,7;1;2;0;3
2456;31,5;1;17;1;4
2457;63,5;1;14;3;13
2460;29,2;2;7;0;4
2473;27,5;2;17;0;5
2481;38,4;2;8;1;6
2484;45,9;1;4;2;13
2487;48,5;1;3;2;4
2488;46,1;2;5;2;7
2489;29;2;6;0;2
2490;34,6;2;1;1;2
2491;76,4;1;12;3;18
2492;43,3;1;14;2;9
2535;58,3;2;18;2;8
2536;32,4;2;11;1;4
2563;63,5;2;24;3;9
2564;47,9;2;20;2;4
2570;36,5;1;14;1;2
2571;33,6;2;14;1;5
2593;44,7;1;8;2;23
2594;47,9;2;12;2;2
2595;33,1;2;16;1;4
2614;33,1;2;2;1;5
2615;38,4;1;2;1;5
2616;32,3;1;13;1;2
2618;30,8;2;1;1;4
2622;47,9;2;11;2;3
2623;22,5;2;12;0;2
2624;22,5;2;9;0;3
2626;33,9;2;0;1;6
2710;57,1;2;3;2;17
2713;38,9;1;18;1;3
2718;27,2;2;15;0;2
2750;50,7;1;16;2;6
2760;78,5;2;10;4;23
2761;74,9;2;26;3;17
2762;47,9;2;11;2;3
2766;38;2;5;1;6
2767;48,6;2;25;2;8
2823;76,3;1;0;3;13
2824;38,2;1;11;1;14
2825;36,5;2;14;1;6
2826;80,3;2;28;4;24
2829;82,7;1;17;4;25
2849;47,9;2;6;2;9
2850;38;2;6;1;6
2852;37,3;1;8;1;3
2861;63,5;1;10;3;20
2862;56,5;1;22;2;9
2876;62,5;2;4;2;21
2877;33,1;2;6;1;4
2878;39,7;1;10;1;4
19;17,1;1;4;0;2
22;27,5;2;6;0;2
27;53,7;2;3;2;11
61;28,6;1;14;1;5
64;38,9;2;15;1;5
65;63,5;1;5;3;16
66;38;2;4;1;10
67;28,6;1;11;0;9
68;47,9;2;17;2;5
69;38;2;3;1;7
70;36,5;2;11;1;6
71;29,3;2;11;0;3
72;81;1;16;4;18
79;28,4;1;0;0;1
80;38;2;6;1;6
81;69,2;1;7;3;18
82;29,3;2;15;0;4
83;50,5;2;18;2;11
89;76,4;1;13;3;20
94;52,5;1;1;2;9
96;64,1;1;13;3;12
106;47,8545127651924;2;16;2;3
107;29,2;1;10;0;2
108;28,6;1;6;0;1
110;29,3;2;9;0;3
111;47,8545127651924;2;7;2;6
112;48,9;2;14;2;6
113;22,5;2;2;0;6
115;29,3;2;8;0;5
116;38,9;2;4;1;6
117;28,4;2;18;0;2
118;87;1;8;4;20
130;70,5;2;27;3;17
132;37,6;2;14;1;4
140;31,4;2;14;1;10
150;38,1;1;16;1;7
157;28,4;1;13;0;3
165;63,5;1;12;2;6
166;32;1;10;1;5
176;38,4;2;9;1;5
177;38,2;1;4;1;6
182;28,6;1;11;0;4
183;83,7;2;2;4;18
185;34,2;1;9;1;8
186;73,3;2;9;3;18
191;37,4;2;16;1;7
200;32,3;1;6;1;7
203;50,5;2;28;2;4
205;33,9;1;6;1;10
206;51,9;2;18;2;8
209;28,6;1;21;0;3
216;63,5;2;5;2;16
220;63,5;2;9;2;7
227;72,5;1;9;3;15
238;78,5;2;25;4;17
251;50,5;2;4;2;4
258;67;2;20;3;17
259;67;2;13;3;23
302;48,9;1;13;2;9
2310;36,5;1;8;1;5
2313;48,6;2;14;2;10
2317;28,2;2;10;0;5
2319;69,2;2;18;3;10
2332;38,2;1;12;1;5
2340;31,5;1;12;1;1
2359;28,4;1;10;0;4
2371;36,5;2;3;1;8
2372;37,3;1;14;1;3
2392;73,2;2;5;3;19
2394;29,3;2;7;0;7
2397;32,3;1;3;1;7
2398;37,3;1;12;1;6
2399;30,8;1;8;1;5
2407;78,5;2;18;4;24
2420;29,2;1;9;0;5
2430;96;1;4;4;26
2431;77,8;2;15;3;24
2440;80,3;1;6;4;12
2443;33,1;2;7;1;5
2447;69,7;1;5;3;15
2450;22,9;1;8;0;1
2453;33,1;2;3;1;3
2459;26,7;1;5;0;6
2466;26,7;2;14;0;4
2468;63,5;2;7;3;27
2475;38,9;1;8;1;6
2479;26,4;2;9;0;10
2480;38,9;2;15;1;7
2482;29,3;1;9;1;2
2486;73,2;1;16;3;26
2499;32;2;4;1;5
2520;38;2;29;1;5
2523;38,2;1;3;1;7
2534;80,3;1;8;4;18
2541;73,2;2;11;3;14
2547;28,6;1;2;0;5
2554;43,7;2;2;2;6
2559;18,5;1;9;0;2
2562;47,9;2;25;2;3
2565;24,2;1;7;0;2
2566;29,3;2;11;0;2
2569;37,3;1;10;1;2
2578;29;1;7;0;5
2581;47,9;2;14;2;5
2586;63,5;1;21;3;12
2592;47,9;2;2;2;3
2597;36,5;1;10;1;14
2598;26,4;2;16;0;4
2600;27,5;2;17;0;3
2601;38;2;11;1;7
2602;53,3;2;19;2;5
2603;53,4;1;7;2;5
2604;29,2;1;15;0;6
2605;63,5;1;18;2;9
2606;38,4;2;17;1;5
2607;80;1;15;4;21
2608;53,7;1;6;2;17
2610;78,5;2;4;4;24
2613;48,5;2;12;2;7
2619;33,6;2;16;1;5
2621;28,4;1;6;0;1
2625;78,5;1;2;4;18
2631;38,4;2;19;1;4
2642;80,3;2;3;4;18
2645;50,7;2;5;2;7
2649;29,4;2;13;0;5
2659;47,9;2;7;2;2
2670;36,5;2;8;1;7
2673;78,5;2;19;4;20
2678;36,5;2;1;1;5
2700;50,7;1;22;2;9
2703;26,5;2;8;0;5
2706;25,8;2;11;0;5
2707;48,5;1;7;2;6
2708;21,2;2;7;0;1
2712;38,9;2;7;1;4
2717;38,4;2;8;1;6
2721;37,7;2;6;1;6
2723;78,5;2;11;4;19
2724;26,4;2;17;0;4
2727;62;1;2;2;14
2733;33,1;2;7;1;5
2740;38;2;14;1;5
2741;38,2;1;15;1;6
2753;56,6;2;14;2;8
2756;80,3;2;15;4;22
2759;36,5;1;14;1;6
2763;36,5;1;6;1;2
2764;47,9;2;1;2;10
2765;47,9;2;12;2;14
2772;26,4;2;8;0;4
2775;30,7;2;16;0;2
2782;28,4;1;15;0;3
2805;22,6;2;6;0;6
2821;33,1;2;7;1;3
2822;69,2;2;3;3;16
2827;51;1;30;2;8
2831;73,2;1;10;3;37
2832;43,3;1;14;1;5
2833;31,9;1;19;1;5
2834;64,2;1;7;3;14
2842;38,7;2;10;1;3
2845;32,4;2;14;1;4
2855;37,4;1;5;1;4
2856;29,3;2;1;0;2
2863;38,9;2;3;1;6
2869;47,9;2;15;2;7
2873;92,3;1;26;4;30
2879;69,7;2;7;3;18
2888;54,5;1;3;2;8
2892;33,1;2;12;1;7
2893;38,1;1;16;1;6
2894;74,4;2;21;3;12
2901;38,4;2;9;1;6
2;38,9;1;16;1;8
3;35,1;1;12;1;9
101;29,4;1;16;0;4
240;78,5;1;14;4;17
241;60,6;1;9;2;5
280;74,4;2;7;3;19
304;37,3;2;15;1;4
305;36,5;2;18;1;5
306;60,6;2;6;2;26
307;38,4;2;6;1;3
308;39,6;2;1;1;6
309;32;1;7;1;4
310;50,7;1;23;2;24
312;54,2;2;7;2;7
313;36,9;2;6;1;9
314;47,9;2;5;2;6
315;47,9;2;17;2;4
316;47,9;2;11;2;10
317;38,9;2;8;1;7
318;38,2;1;14;1;5
319;30,1;1;21;0;3
320;68,1;2;30;3;14
321;33,9;2;17;1;2
322;50,7;1;14;2;11
323;38;2;20;1;6
324;48,9;1;11;2;21
325;78,5;2;1;4;10
326;50,7;2;17;2;16
327;54,2;1;15;2;4
328;63,5;2;3;3;15
329;32,1;1;13;1;3
330;50,7;2;18;2;4
332;36,1;2;15;1;5
333;76,4;2;3;3;22
334;29;2;10;0;5
335;48,5;1;15;2;8
336;36,5;1;6;1;6
337;32,7;1;7;1;4
338;28,4;1;18;0;4
339;31,2;1;13;1;12
340;50,7;1;20;2;22
341;50,5;1;11;2;13
342;47,9;1;6;2;6
343;29;2;13;0;5
344;29,2;1;9;0;2
345;54,7;2;19;2;7
346;22,7;2;6;0;2
348;33,1;2;17;1;5
349;17,1;2;12;0;2
351;47,9;2;20;2;7
352;85,1;1;16;4;27
353;33,9;2;13;1;7
354;36,5;2;8;1;3
355;47,9;2;10;2;3
356;54,5;2;22;2;11
357;22,5;2;5;0;1
358;26,4;2;3;0;3
359;22,7;2;7;0;2
360;21,2;2;11;0;3
361;42,3;2;13;1;2
362;32,4;2;8;1;6
363;43,2;1;15;1;6
364;28,4;1;5;0;4
365;73,2;2;9;3;21
367;40,1;2;15;1;4
368;86,6;1;5;4;24
369;69,2;2;6;3;16
370;36,5;2;1;1;7
371;83,7;1;22;4;20
372;69,2;1;24;3;24
373;78,5;2;18;4;28
374;57,1;2;15;2;10
376;38,9;2;13;1;15
377;50,7;1;13;2;8
380;37,3;2;28;1;4
381;83,7;1;9;4;26
382;51,9;2;2;2;16
383;80,3;1;19;4;21
384;35,1;1;11;1;5
390;60,5;1;8;2;29
391;29,2;1;9;0;5
392;37,8;1;6;1;5
394;57,1;1;12;2;8
395;27,2;1;0;0;2
398;29,5;1;5;0;5
399;69,2;2;2;3;12
400;21,3;2;2;0;1
401;32;2;19;1;10
402;38,9;2;5;1;6
403;32,3;1;7;1;6
404;29,4;2;1;0;2
405;68,8;2;19;3;15
406;32,7;2;10;1;5
407;63,5;1;29;2;13
408;59;1;13;2;15
409;44,2;2;14;2;13
410;36,5;2;5;1;5
411;28,4;2;9;0;2
412;47,9;2;20;2;4
413;56,6;2;1;2;15
416;67;2;8;3;12
417;53,2;1;10;2;26
419;63,5;1;13;2;15
420;68,8;1;13;3;24
421;76,4;1;15;3;20
422;34,3;1;11;1;15
423;74,4;2;13;3;23
424;67;1;3;3;14
425;86,5;1;5;4;15
427;35,4;1;22;1;5
428;46,8;2;6;2;4
429;60,5;1;8;2;4
430;31,4;1;12;1;11
431;38,1;1;11;1;6
432;35,1;2;5;1;2
433;50,7;2;9;2;8
435;33,1;1;1;1;8
436;28,4;2;3;0;13
438;26,4;1;4;0;14
440;47,9;2;13;2;4
441;33,9;2;9;1;5
442;85,1;1;15;4;18
443;28,6;1;9;0;5
444;38,4;2;13;1;2
445;31,5;1;1;0;2
446;51,9;2;20;2;7
447;63,5;2;14;2;15
448;78,5;2;9;4;22
449;59,1;1;0;2;13
450;34,4;2;5;1;12
451;63,5;1;17;3;11
452;34,2;1;13;1;7
453;78,5;1;15;4;14
455;76,4;2;8;3;14
456;39,4;2;13;1;6
457;73,2;2;13;3;13
458;45,9;1;14;2;8
459;25,5;2;13;0;2
460;28,4;1;4;0;3
461;29,3;2;4;0;4
462;28,4;1;13;0;2
463;47,9;2;11;2;4
464;83,7;1;14;4;33
465;86,6;1;15;4;22
467;83,7;2;7;4;18
469;31,4;2;12;1;5
470;69,2;2;4;3;18
471;50,7;2;7;2;7
472;31,4;2;11;0;3
474;53,9;1;13;2;7
476;36,4;1;20;1;5
477;37,8;1;12;1;8
479;29,2;1;14;0;5
480;32,3;1;10;1;3
481;66,1;2;19;3;4
483;32,4;2;6;1;5
484;53,9;1;14;2;10
485;36,5;2;10;1;6
486;81,9;2;7;4;28
487;34,4;2;7;1;7
488;45,2;1;10;2;7
489;38,9;2;20;1;10
490;74,4;2;6;3;20
491;78,5;2;7;4;22
492;29;1;5;1;2
493;47,9;2;7;2;4
494;33,2;1;9;1;2
495;63,9;1;15;3;14
496;43,7;2;7;2;6
497;63,5;2;12;3;17
498;43,3;1;7;2;3
499;22,6;2;8;0;1
500;17,1;2;10;0;1
501;86,5;2;17;4;15
502;27,5;2;6;0;2
503;31,2;2;14;0;2
504;53,3;2;18;2;8
505;31,4;2;5;1;6
506;28,4;2;4;0;6
507;63,5;2;10;3;14
508;23,3;2;7;0;2
511;69,7;2;5;3;17
512;29,2;1;7;0;4
514;88,8;2;7;4;26
515;37,9;2;10;1;5
517;33,2;1;7;1;6
518;19,4;2;8;0;4
519;86,6;1;15;4;18
520;35,4;2;17;1;4
522;50,5;2;14;2;7
523;39,4;2;5;1;6
524;47,9;2;3;2;4
525;30,1;1;20;0;5
526;86,8;1;2;4;23
527;63,5;2;0;3;5
528;86,6;1;9;4;16
530;50,7;1;22;2;10
531;31,5;1;13;1;3
532;50,7;2;6;2;17
533;26,7;2;7;0;2
534;37,4;2;11;1;3
535;56,6;2;4;2;9
536;67;2;5;3;13
537;78,5;2;3;4;20
538;63,5;1;5;3;18
539;82,7;1;10;4;20
541;37,4;1;13;1;6
542;34,4;2;4;1;7
544;58,3;2;1;2;8
545;76,4;2;10;3;15
546;42,2;1;7;1;3
547;80,9;2;2;4;19
549;61,9;2;5;3;14
564;63,5;1;14;3;12
571;45,9;1;12;2;5
572;38,9;2;8;1;6
573;83,7;1;3;4;30
575;87,4;1;3;4;32
577;33,3;1;11;1;5
578;63,5;1;3;3;14
579;97,2;2;9;4;26
580;50,5;2;10;2;13
581;45,4;2;6;2;6
582;38,4;2;2;1;10
584;33,1;2;13;1;10
585;47,9;2;2;2;6
586;63,5;2;6;2;14
587;35,1;1;2;1;4
588;29,2;2;3;0;4
589;65,8;1;8;3;18
590;64,8;2;19;3;13
591;38,9;1;2;1;8
592;78,5;2;6;4;26
593;38,9;1;7;1;8
594;50,7;2;4;2;7
595;65,8;2;13;3;17
596;26,7;2;10;0;3
597;48,6;1;8;2;10
598;32,3;1;15;1;5
599;63,5;1;31;3;25
600;63,5;2;4;3;11
601;63,5;1;3;3;16
602;38,2;1;8;1;16
603;73,9;1;4;3;21
604;30,7;1;13;1;4
606;65,2;2;17;3;15
607;38,9;1;11;1;8
608;57,1;2;6;2;10
609;50,5;2;6;2;9
610;76,4;1;6;3;32
611;83,7;2;9;4;17
612;63,5;2;3;3;12
613;50,7;2;12;2;15
614;83,7;2;17;4;23
615;38,4;2;4;1;4
618;38,4;2;6;1;8
626;63,5;1;0;3;8
639;61,9;2;3;2;19
640;84;1;9;4;23
647;35,4;2;16;1;7
648;82,7;1;23;4;18
649;32,3;1;1;1;4
650;50,7;2;5;2;11
655;87,9;1;10;4;24
659;38,9;1;16;1;5
670;51;1;9;2;8
671;63,5;1;18;3;15
672;63,2;2;8;2;17
673;85,1;2;21;4;26
682;38,4;2;7;1;2
697;26,4;1;8;0;2
699;47,9;2;11;2;10
700;83,7;1;12;4;18
703;29,2;1;11;0;3
704;38,4;2;2;1;5
705;38,4;2;4;1;5
706;63,5;2;24;2;14
710;60,6;2;2;2;10
723;38;2;15;1;5
724;68,1;2;16;3;18
726;50,7;1;4;2;7
731;28,4;1;8;0;5
737;38,9;2;7;1;7
739;63,5;1;1;3;19
740;63,5;2;17;3;13
742;63,5;1;5;3;18
743;47,9;2;25;2;8
744;73,6;1;7;3;17
746;63,5;1;17;2;12
747;37,6;1;8;1;8
748;63,5;1;0;3;11
749;63,2;1;8;2;13
750;29;2;20;0;3
751;32,3;1;12;1;9
752;36,5;2;13;1;5
753;34,2;1;4;1;6
754;86,5;1;13;4;15
761;63,5;1;9;2;19
766;47,9;1;13;2;8
767;28,4;2;8;0;2
772;47,9;2;5;2;9
773;60,5;1;7;2;30
775;33,1;2;11;1;3
776;35,4;2;18;1;4
777;64,1;1;11;3;18
778;43,7;2;12;2;13
779;38,2;1;12;1;5
780;88,8;1;12;4;22
781;37,4;1;13;1;4
782;63,5;2;10;3;21
783;88,3;2;20;4;25
784;80;1;16;4;20
785;76,4;2;20;3;33
786;38,4;2;5;1;7
787;38,4;2;0;1;6
788;21,2;2;12;0;3
790;44,8;1;23;2;2
791;29;2;14;0;1
793;29,2;2;4;0;2
794;59,1;1;11;2;11
795;38,4;2;13;1;6
796;32,4;2;3;1;3
797;28,6;2;13;0;2
798;63,5;1;7;3;14
800;32,4;2;9;1;3
801;73,2;2;5;3;41
802;27,5;1;3;0;13
803;73,2;2;8;3;18
804;69,7;1;14;3;13
805;34,2;1;8;1;6
806;34,3;2;16;1;5
807;28,4;1;12;0;2
808;28,4;2;10;0;3
809;64,8;2;14;3;23
810;29,3;2;12;0;2
811;29,3;2;12;0;4
812;32,3;1;8;1;4
813;21,2;2;7;0;3
814;30,8;2;12;1;3
815;62,1;1;7;2;16
817;63,5;1;18;3;9
820;50,7;2;30;2;8
821;39;2;14;1;7
822;29;2;22;0;5
823;28,4;1;17;0;5
824;50,7;1;6;2;4
825;21,2;2;10;0;2
826;47,9;1;19;2;3
827;73,2;2;13;3;18
828;29,4;2;18;0;4
829;48,5;2;5;2;9
830;78,5;2;14;4;22
831;73,3;1;10;3;16
832;37,7;2;13;1;5
833;27,7;2;1;0;4
834;53,3;2;12;2;7
835;65,8;2;20;3;16
836;60,6;1;15;2;15
838;39;2;7;1;2
839;48,5;1;21;2;6
840;73,3;2;7;3;12
841;76,4;1;18;3;18
842;37,9;1;10;1;4
843;31,4;2;10;1;4
844;32,3;1;17;1;6
845;81;2;24;4;32
868;63,5;2;26;3;15
874;64,2;2;17;3;15
875;63,5;1;14;3;17
893;63,5;1;21;3;13
894;41,1;1;8;1;5
895;35,4;2;3;1;15
897;33,1;1;6;1;3
898;28,4;1;8;0;3
899;32,3;1;9;1;7
900;27,5;1;5;0;2
902;33,1;1;5;1;5
903;64,8;2;8;3;19
904;47,9;2;11;2;14
905;37,9;1;18;1;5
906;47,9;2;15;2;8
907;20,1;1;5;0;2
908;34,2;1;11;1;7
909;36,4;1;3;1;5
910;27,9;1;8;0;3
911;76,4;2;1;3;28
912;87,9;1;21;4;35
913;30,8;2;12;1;4
914;63,5;1;16;3;22
915;29,3;2;18;0;4
916;37,4;1;5;1;3
917;83,9;1;13;4;20
920;82,7;2;4;4;29
921;97,2;1;15;4;41
922;92,3;1;4;4;28
923;78,5;2;13;3;30
924;31,3;1;9;1;5
925;62,5;1;25;2;13
926;29,3;2;11;0;4
927;29,3;2;8;0;5
929;18,5;2;11;0;3
930;43,5;2;11;1;8
931;29,1;2;6;0;3
932;38,9;2;21;1;4
933;36,5;2;9;1;2
935;33,6;2;7;1;4
936;38;2;5;1;7
938;63,5;1;15;3;17
939;31,4;1;1;1;7
940;47,9;1;11;2;9
941;38,2;1;8;1;5
942;49,6;2;14;2;12
944;38,4;2;15;1;5
945;64,1;1;1;3;16
946;73,2;2;15;3;18
947;68,8;1;7;3;16
948;63,2;1;8;3;17
949;31,5;1;11;1;3
950;73,6;1;1;3;18
951;32,4;2;9;1;6
952;63,5;1;4;3;18
953;47,9;1;7;2;6
961;31,4;1;5;1;2
968;63,5;1;17;3;18
969;38,4;2;11;1;13
971;38,4;2;14;1;8
972;73,3;2;14;3;14
973;36,5;2;3;1;7
974;73,2;2;1;3;28
975;39,4;1;4;1;8
976;52,3;2;0;2;8
977;38,9;1;7;1;11
978;48,5;2;7;2;14
979;32,4;2;10;1;4
980;35,2;2;7;1;4
981;49,6;1;15;2;6
982;38,9;1;1;1;4
984;62,1;2;9;2;18
989;63,5;1;6;2;15
996;33,1;2;10;1;4
1006;65,8;2;2;3;18
1007;48,5;1;3;2;5
1008;27,7;1;13;0;5
1009;86,6;1;19;4;36
1012;56,6;2;19;2;17
1013;73,8;2;16;3;17
1032;62,5;2;2;2;13
1034;63,5;1;7;3;26
1035;62,1;1;1;2;17
1036;37,6;2;10;1;6
1037;29,3;2;7;0;5
1038;32,4;2;10;1;7
1039;29,3;1;11;0;9
1040;27,7;1;12;0;5
1041;78,5;2;10;3;18
1042;31,7;1;9;1;4
1043;86,6;1;11;4;38
1044;73,2;2;4;3;31
1046;32,4;2;7;1;5
1047;50,7;2;24;2;12
1048;28,6;1;3;0;5
1049;31,4;2;22;1;5
1050;63,5;1;1;2;16
1051;26,7;1;16;0;5
1053;66,1;2;22;3;13
1054;26,7;2;9;0;5
1055;33,1;2;5;1;6
1060;50,7;2;19;2;9
1075;21,2;2;7;0;2
1078;59,9;2;5;2;22
1110;32;1;6;1;4
1119;37,5;2;4;1;6
1121;31,5;1;6;1;3
1122;47,9;2;19;2;4
1123;29,2;2;16;0;4
1124;17,1;2;5;0;1
1125;29,3;2;5;0;4
1126;60,6;2;5;2;27
1128;36,5;2;9;1;14
1129;48,6;2;4;2;6
1130;29,8;2;0;0;5
1131;31,4;1;13;1;2
1132;63,5;1;10;2;18
1134;49,6;1;6;2;7
1135;45,4;1;9;2;8
1137;69,7;1;2;3;12
1138;38,4;2;16;1;6
1140;28,4;1;3;0;5
1141;37,7;2;9;1;3
1142;39;1;14;1;4
1143;87,9;1;7;4;13
1145;35,4;2;17;1;7
1147;45,3;1;15;2;14
1148;86,5;1;16;4;21
1149;38,9;2;13;1;5
1150;27,5;1;14;0;4
1151;43,7;2;10;2;18
1152;47,9;2;7;2;8
1153;22,5;2;10;0;4
1154;37,6;1;15;1;4
1155;31,5;1;10;1;2
1157;74,4;2;12;3;27
1158;50,5;2;14;2;8
1159;47,8545127651924;2;7;2;3
1160;32;1;8;1;4
1161;29,4;1;15;0;5
1162;29,4;1;10;0;4
1163;17,1;2;4;0;2
1164;59,1;1;8;2;4
1168;62,5;2;17;2;31
1169;25,2;2;4;0;5
1170;29,2;2;9;0;5
1171;47,9;2;7;2;4
1172;38,4;2;12;1;4
1173;78,5;2;13;4;19
1174;53,3;2;3;2;13
1175;63,5;2;8;3;19
1176;86,5;1;3;4;13
1178;31,1;2;9;1;4
1179;43,4;1;16;1;7
1181;27,9;2;9;0;2
1182;38;2;10;1;5
1189;37,1;1;15;1;6
1190;27,7;2;4;0;5
1195;50,7;1;3;2;5
1196;29,3;2;23;0;2
1197;73,2;2;8;3;15
1199;35,1;1;15;1;2
1200;34,3;1;1;1;3
1202;78,5;2;7;4;15
1204;38,4;2;16;1;8
1207;62,2;2;8;2;17
1221;37,9;2;18;1;6
1223;36,5;1;3;1;4
1249;29,1;2;14;0;6
1250;69,7;1;12;3;18
1269;80,3;2;6;4;30
1270;38;2;2;1;9
1271;69,2;2;7;3;23
1272;53,3;2;16;2;19
1273;65,8;1;6;3;12
1274;84,7;2;7;4;26
1275;81;1;29;4;12
1276;26,4;2;18;0;4
1277;82,7;2;10;4;32
1278;63,5;2;0;3;14
1279;64,2;1;10;3;26
1280;63,5;1;6;3;20
1281;63,2;1;16;2;17
1283;85,8;2;6;4;19
1284;57,1;2;5;2;12
1285;33,3;1;11;1;5
1287;33,1;2;17;1;2
1290;73,3;1;3;3;23
1299;29,4;1;13;0;2
1301;36,5;1;10;1;5
1302;29;1;11;0;5
1303;31,3;1;3;1;5
1304;38;2;13;1;7
1305;37,3;1;15;1;5
1306;38,2;1;3;1;6
1307;34,6;2;8;1;4
1308;26,6;1;15;0;4
1310;48,5;1;11;2;3
1311;33,6;1;7;1;4
1313;34,6;2;14;1;6
1314;35,7;1;13;1;5
1315;37,9;1;7;1;17
1316;38;2;15;1;8
1317;63,5;2;1;2;20
1318;29,8;2;4;0;5
1319;38,4;2;14;1;6
1320;28,4;2;10;0;2
1321;26,4;2;11;0;5
1322;28,4;2;7;0;2
1323;29,5;1;5;1;2
1324;28,4;1;10;0;3
1325;63,5;2;2;2;16
1326;38,9;1;28;1;6
1327;47,9;2;3;2;3
1328;34,2;1;10;1;4
1329;26,4;2;11;0;5
1332;26,7;2;17;0;4
1334;34,2;1;12;1;4
1335;37,3;1;20;1;9
1336;53,9;2;20;2;8
1337;54,9;1;18;2;10
1338;63,5;1;19;2;15
1339;69,7;1;19;3;17
1341;63,2;1;16;3;19
1342;35,4;1;2;1;2
1343;54,2;1;20;2;11
1344;56,5;1;6;2;12
1345;37,3;1;12;1;3
1346;45,8;1;4;2;6
1347;32,1;1;13;1;2
1348;37,7;2;11;1;5
1349;37,4;1;14;1;3
1351;78,5;2;2;3;21
1353;73,8;1;5;3;16
1354;38,4;2;11;1;8
1355;38,4;2;16;1;4
1356;37,8;1;21;1;5
1357;53,9;1;9;2;20
1358;85,1;1;16;4;20
1359;88,3;1;17;4;19
1361;85,1;1;5;4;25
1362;80,9;2;2;4;30
1363;64,1;1;22;3;10
1364;62,5;2;20;3;17
1365;71,6;2;4;3;26
1366;37,4;2;6;1;8
1367;82,7;2;14;4;22
1368;59,3;1;0;2;25
1369;85,1;1;7;4;17
1370;32,4;2;12;1;10
1371;38,4;2;2;1;7
1376;45,3;1;6;2;5
1379;32,3;1;0;1;4
1383;44,2;2;9;2;6
1386;85,1;2;20;4;23
1389;47,9;1;9;2;14
1390;36,7;2;4;1;5
1392;64,8;2;3;3;15
1393;32,4;1;16;1;3
1394;41,6;2;15;1;5
1395;33,6;1;6;1;6
1396;78,5;2;21;3;24
1397;29,2;1;2;0;11
1398;49,6;1;20;2;7
1399;28,6;1;8;0;3
1400;39,4;1;13;1;6
1401;70;1;13;3;14
1404;49,6;1;10;2;6
1407;48,6;1;21;2;7
1411;28,4;1;6;0;6
1413;30,8;2;17;1;5
1414;33,1;2;15;1;6
1415;60,6;2;8;2;15
1417;92,3;1;14;4;26
1418;38,4;2;9;1;4
1419;63,5;1;5;3;15
1420;63,5;1;20;3;17
1421;63,5;1;10;2;16
1422;50,5;2;3;2;11
1423;28,4;1;19;0;7
1425;50,5;2;2;2;10
1427;63,5;2;11;2;14
1432;36,5;1;8;1;4
1435;26,7;1;8;0;2
1436;37,3;2;16;1;4
1438;39,4;1;16;1;7
1439;29,2;2;11;0;6
1440;78;1;1;3;23
1441;53,3;2;11;2;6
1442;28,4;1;9;0;7
1443;31,4;1;10;1;4
1444;29,3;2;15;0;5
1445;54,7;2;3;2;11
1446;47,9;1;1;2;8
1448;28,6;1;9;0;4
1449;78,5;1;18;4;20
1450;64,8;1;2;3;16
1451;83,7;2;2;4;17
1453;63,5;1;3;3;10
1454;63,5;1;9;3;26
1455;63,5;1;5;3;12
1457;48,9;2;20;2;7
1461;21,1;1;15;0;5
1465;61,9;1;27;2;15
1466;26,4;2;6;0;3
1468;63,5;2;15;3;19
1471;26,4;1;16;0;2
1472;37,9;2;6;1;3
1474;37,4;1;4;1;11
1475;29,2;1;6;0;6
1476;33,6;2;3;1;5
1477;79,9;2;8;4;27
1478;32,4;2;5;1;5
1479;69,2;2;23;3;14
1482;37,7;2;8;1;4
1483;37,9;2;18;1;6
1484;50,5;2;6;2;8
1485;63,5;1;4;2;23
1486;29,4;1;2;0;6
1487;29,6;2;14;0;5
1488;48,5;1;7;2;17
1489;33,9;1;11;1;2
1490;34,3;1;13;1;2
1491;29,4;2;1;0;3
1492;25,8;1;17;0;2
1493;32,4;2;12;1;5
1498;44,7;1;12;2;4
1502;44,3;2;10;2;15
1503;17,6;1;18;0;2
1510;31,3;1;4;1;5
1515;78,5;2;10;4;15
1523;73,6;2;6;3;16
1527;32;2;17;1;3
1531;65,8;1;6;3;16
1532;38,4;2;7;1;7
1534;34,2;1;14;1;5
1535;69,2;2;11;3;21
1536;42,4;1;19;2;7
1537;36,5;2;8;1;4
1538;63,5;2;13;3;11
1539;73,9;1;20;3;5
1540;30,1;2;7;0;3
1541;61,9;1;19;2;12
1542;45,9;1;3;2;7
1543;63,5;1;7;3;4
1544;97,2;1;5;4;33
1545;45,4;1;11;2;8
1546;53,7;1;12;2;4
1547;53,7;1;3;2;13
1548;65,8;1;12;3;17
1549;63,5;2;19;3;14
1550;53,7;2;15;2;12
1551;26,4;2;10;0;4
1552;63,2;1;6;3;5
1553;31,5;1;18;1;2
1554;26,7;2;19;0;2
1555;38;2;5;1;5
1556;31,5;1;3;1;6
1557;63,5;2;10;2;12
1558;38;2;17;1;8
1560;24,8;1;8;0;2
1562;47,9;2;18;2;7
1563;31,5;1;0;1;5
1565;63,5;1;16;3;15
1566;56,6;2;14;2;12
1567;36,5;1;11;1;18
1568;37,7;2;3;1;6
1569;73,2;2;9;3;16
1570;38,4;2;3;1;7
1573;20,1;2;13;0;1
1575;26,5;2;14;0;2
1576;25,2;2;14;0;3
1579;38,1;1;13;1;8
1580;31,5;1;11;1;2
1584;63,5;1;11;3;15
1595;78,5;2;3;3;13
1613;26,7;2;8;0;3
1614;30;2;13;0;2
1616;31,4;1;12;1;7
1617;36,9;2;18;1;7
1618;97,2;1;3;4;28
1619;38,4;2;13;1;5
1620;32,3;1;21;1;4
1621;48,9;1;14;2;6
1622;74,9;1;4;3;18
1623;56,5;1;11;2;7
1624;69,2;2;12;3;20
1625;38;2;11;1;5
1626;38;2;14;1;5
1627;97,2;1;1;4;31
1628;37,3;2;11;1;4
1631;63,5;1;12;3;10
1633;26,7;2;9;0;2
1634;63,5;1;5;3;27
1635;66,3;2;2;3;14
1636;63,5;1;16;3;23
1637;35,1;1;13;1;5
1638;53,3;2;20;2;19
1639;84,7;1;19;4;23
1640;65,8;1;1;3;14
1641;68,1;2;9;3;14
1643;92,3;2;4;4;19
1644;50,7;1;6;2;12
1645;84,7;2;7;4;16
1646;63,5;1;19;3;16
1647;62,5;2;1;2;13
1648;78,5;2;16;4;14
1649;45,8;1;7;2;5
1650;62,5;1;2;3;15
1651;65,2;2;4;3;27
1652;45,4;2;9;2;4
1653;63,5;1;8;3;17
1654;39,4;2;20;1;8
1655;27,5;1;2;0;2
1656;37,6;1;10;1;8
1657;33,9;1;2;1;5
1658;74,4;2;7;3;22
1659;54,7;2;8;2;10
1660;63,5;1;23;3;13
1661;37,6;1;12;1;5
1662;27,5;2;10;0;2
1663;62,1;2;8;2;4
1664;80,3;1;7;4;29
1665;64,4;2;10;3;20
1666;38,1;1;11;1;3
1667;25,2;2;10;0;2
1668;83,7;2;17;4;19
1670;80,3;1;18;4;11
1672;22,5;1;6;0;3
1673;39;1;12;1;5
1674;37,7;2;17;1;4
1675;38,4;2;11;1;10
1676;28,4;1;6;0;4
1677;63,2;2;10;3;15
1679;29,3;2;7;0;5
1680;21,2;2;5;0;2
1681;22,5;2;20;0;1
1682;31,5;1;2;1;4
1683;34,6;2;1;1;5
1684;47,9;2;7;2;4
1685;78,5;2;9;4;13
1686;28,4;1;10;0;5
1687;69,2;2;7;3;25
1688;47,9;2;7;2;4
1689;36,5;2;9;1;8
1691;33,1;2;7;1;1
1692;33,6;2;5;1;3
1693;63,2;1;7;3;9
1694;35,4;1;14;1;5
1695;33,2;2;17;1;3
1696;63,5;2;6;3;12
1697;29,4;1;9;0;3
1698;43,7;2;18;2;7
1699;86,5;1;12;4;19
1700;27,5;1;11;0;2
1701;29,8;2;11;0;2
1702;37,7;2;10;1;6
1704;47,9;1;2;2;3
1705;26,4;2;12;0;10
1708;29,3;2;19;0;4
1713;53,3;2;19;2;10
1717;63,5;1;17;2;14
1718;40,2;2;9;1;5
1720;47,9;2;17;2;4
1721;63,5;2;5;3;11
1722;38;2;14;1;5
1723;50,7;1;6;2;9
1724;29;2;8;0;4
1726;53,4;1;6;2;6
1727;74,4;2;19;3;14
1728;29,2;2;12;0;1
1729;69,7;1;18;3;35
1730;29,3;2;4;0;4
1731;37,3;1;9;1;5
1732;28,6;1;10;0;5
1733;53,4;1;11;2;4
1734;44,7;1;10;2;5
1735;52,3;2;1;2;8
1736;83,7;1;11;4;24
1737;33,1;2;14;1;3
1738;36,5;1;5;1;3
1739;73,6;2;8;3;14
1740;73,7;2;21;3;18
1741;53,7;1;17;2;6
1742;68,1;2;6;3;17
1743;62,5;1;6;2;14
1744;74,4;2;2;3;12
1745;83,7;1;2;4;20
1746;47,9;2;4;2;8
1749;32,3;1;16;1;4
1751;38,1;1;11;1;5
1754;28,4;1;12;0;5
1759;38,4;2;16;1;5
1761;29,2;1;3;0;4
1769;65,8;2;18;3;11
1771;80,3;2;6;4;21
1775;25,8;1;7;0;5
1776;73,6;2;4;3;20
1795;32,7;2;7;1;3
1802;28,6;1;6;0;4
1804;32;2;10;1;3
1808;34,2;1;11;1;6
1810;29,2;2;5;0;5
1811;80,3;1;16;4;26
1812;38,9;1;22;1;6
1813;29,2;1;7;0;4
1814;29,2;2;8;0;5
1815;27,7;2;15;0;4
1816;36,5;2;4;1;2
1817;31,5;1;16;1;4
1818;37,3;2;13;1;5
1819;17,6;2;8;0;2
1820;38,4;2;18;1;6
1821;37,3;1;19;1;5
1822;57,1;2;7;2;13
1823;66,1;2;13;3;26
1824;28,6;1;10;0;7
1825;43,7;2;12;2;5
1826;43,7;2;12;2;3
1827;36,5;2;25;1;6
1828;78,5;2;1;3;20
1829;32,3;1;13;1;7
1830;38,4;2;0;1;6
1831;38,4;2;8;1;7
1832;33,1;2;12;1;6
1833;80,3;1;32;4;21
1834;43,7;2;12;2;5
1835;48,9;1;10;2;7
1836;53,9;1;0;2;10
1838;27,5;1;11;0;4
1839;48,5;1;5;2;18
1840;48,9;1;17;2;4
1841;38,4;2;12;1;5
1842;74,4;2;16;3;25
1843;38,4;2;16;1;13
1844;37,3;1;7;1;6
1845;62,5;1;23;2;15
1846;50,7;2;14;2;4
1848;36,5;1;24;1;5
1849;97,2;2;3;4;22
1850;43,7;2;16;2;5
1851;36,5;1;14;1;10
1853;73,2;2;15;3;31
1854;37,7;2;4;1;6
1855;63,5;1;9;3;12
1856;63,5;1;12;3;12
1859;55,1;2;15;2;13
1860;31,5;1;15;1;3
1867;28,4;2;5;0;5
1872;35,4;2;5;1;6
1873;80,9;2;20;4;21
1875;37,7;2;3;1;5
1876;78,5;2;30;4;25
1877;33,1;2;14;1;4
1878;32,7;2;8;1;4
1879;37,9;2;1;1;7
1880;28,6;1;5;0;5
1881;29,8;2;16;0;5
1882;37,3;1;8;1;3
1884;37,3;1;11;1;6
1885;43,7;2;6;2;5
1886;47,9;2;10;2;6
1887;27,7;2;11;0;4
1888;47,9;2;10;2;7
1889;38,4;2;12;1;5
1891;29,3;2;12;0;2
1892;47,9;2;12;2;8
1893;63,5;2;17;3;13
1894;36,5;2;2;1;4
1895;38,9;1;6;1;7
1898;29;2;0;0;4
1900;47,9;1;15;2;10
1901;29,2;2;10;0;5
1902;29,2;2;3;0;4
1903;38,4;2;18;1;4
1914;38,9;1;11;1;7
1917;47,9;2;9;2;2
1918;31,4;1;9;0;6
1919;73,8;1;11;3;16
1920;38,9;1;4;1;7
1921;66,1;1;18;3;14
1923;28,6;1;17;0;7
1924;63,2;1;11;3;4
1925;57,1;2;9;2;13
1926;63,5;2;22;3;18
1927;32,4;1;21;1;4
1929;74,9;2;1;3;33
1930;73,2;1;19;3;32
1931;30,8;2;14;1;8
1932;80,9;1;18;4;15
1933;43,7;2;16;2;9
1934;53,3;1;8;2;12
1935;83,7;2;4;4;18
1936;28,6;1;6;0;4
1937;38;2;7;1;6
1938;39,4;1;5;1;7
1939;66,1;1;8;3;14
1941;63,2;1;9;3;14
1946;50,7;1;15;2;13
1971;29,5;1;18;1;2
1975;33,1;2;3;1;3
1976;47,9;2;12;2;10
1984;38,4;2;15;1;14
1986;30,8;2;20;1;2
1988;48,5;1;1;2;9
1989;41,6;2;2;1;8
1993;35,1;1;7;1;6
1994;66,1;2;11;3;15
1995;78;1;14;4;28
1999;80,3;2;17;4;28
2000;38,4;1;10;1;6
2001;36,5;1;12;1;8
2004;48,5;1;23;2;6
2005;61,9;2;7;2;14
2006;27,7;1;5;0;5
2007;31,5;2;20;1;12
2008;34,8;2;13;1;1
2009;38,4;2;15;1;6
2010;38,4;2;12;1;6
2011;50,7;2;11;2;9
2012;33,1;1;3;1;3
2013;44,3;2;13;2;6
2014;53,3;1;3;2;13
2015;73,2;2;22;3;11
2016;47,9;2;6;2;6
2017;78,5;2;6;4;16
2018;73,2;2;11;3;17
2019;38,9;2;3;1;5
2020;63,5;2;10;3;19
2021;80,3;2;18;4;19
2022;38,2;1;5;1;4
2023;78,5;2;4;3;25
2024;32,4;2;7;1;8
2025;26,6;1;7;0;3
2026;36,5;2;5;1;8
2027;58,3;2;10;2;6
2028;63,5;1;3;3;24
2029;60,6;2;3;2;16
2030;26,7;1;13;0;4
2031;59;2;5;2;14
2032;63,5;1;9;3;10
2033;47,9;2;8;2;9
2035;70,5;2;12;3;10
2036;69,2;2;16;3;18
2038;63,5;2;5;3;5
2039;21,1;2;6;0;2
2040;33,1;1;19;1;6
2041;38,4;2;16;1;6
2042;38;2;8;1;7
2043;38,4;1;6;1;5
2044;73,8;1;9;3;11
2045;52,3;1;11;2;9
2046;87,9;1;11;4;11
2047;73,8;2;7;3;20
2048;63,2;2;15;3;12
2049;88,2;1;10;4;20
2050;29;2;2;0;4
2051;78,5;2;8;4;36
2052;68,1;2;6;3;16
2062;29,3;2;20;0;4
2066;48,6;1;5;2;9
2069;63,5;1;7;3;14
2072;76,4;2;20;3;10
2073;37,7;2;15;1;13
2074;53,5;2;5;2;17
2075;68,1;2;7;3;17
2077;69,7;2;4;3;15
2078;78,5;2;16;4;13
2079;31,5;1;18;0;4
2080;38;2;2;1;2
2081;27,5;1;15;0;4
2082;38;2;6;1;2
2083;22,5;2;12;0;4
2084;82,7;1;7;4;27
2086;78,5;2;20;3;24
2088;64,2;1;31;3;16
2089;67;2;6;3;22
2090;53,3;2;21;2;8
2091;63,5;1;0;3;15
2092;84;2;28;4;16
2093;82,7;2;7;4;17
2094;76,3;1;12;3;24
2095;93,3;1;9;4;22
2096;73,3;2;17;3;15
2097;86,6;1;4;4;22
2098;92,3;2;7;4;20
2099;28,6;1;3;0;6
2100;53,7;2;3;2;8
2101;59,9;2;8;2;21
2102;29,8;1;13;1;5
2104;32,4;2;21;1;15
2105;61,9;1;13;2;14
2106;80,3;2;3;4;11
2107;39;1;11;1;19
2108;50,7;1;7;2;3
2109;32,3;1;13;1;3
2110;80,9;1;16;4;25
2111;44,7;1;11;2;6
2112;27,5;1;9;0;4
2113;63,5;1;18;2;24
2114;34,3;1;11;1;6
2115;62,5;1;12;3;18
2116;27,3;2;11;0;2
2117;26,7;2;13;0;4
2118;26,4;2;9;0;3
2119;63,5;2;15;2;15
2121;86,9;2;14;4;29
2122;47;1;1;2;16
2123;53,7;1;2;2;14
2124;63,5;1;10;3;15
2126;58,1;2;0;2;14
2127;38;2;8;1;6
2128;63,5;1;10;2;16
2130;73,8;1;6;3;12
2131;74,9;1;3;3;17
2132;62,2;1;16;2;15
2133;32,8;1;4;1;4
2134;63,5;2;31;3;12
2136;38,4;2;0;1;5
2137;97,2;1;18;4;19
2138;62,1;1;20;3;14
2139;63,5;2;21;2;19
2140;43,4;1;9;1;11
2141;50,7;1;0;2;9
2142;37,3;1;9;1;5
2143;36,5;2;9;1;6
2144;50,5;2;14;2;8
2145;56,5;1;5;2;10
2146;31,5;1;13;1;5
2147;43,7;2;2;2;8
2148;52,5;1;25;2;6
2150;28,6;1;9;0;5
2151;38,4;2;3;1;2
2152;38;2;0;1;8
2154;39;2;2;1;4
2155;80,3;2;13;4;11
2156;35,4;1;7;1;4
2157;50,7;2;13;2;4
2158;26,7;2;17;0;3
2159;47,9;2;15;2;5
2161;24,8;1;6;0;4
2162;33,1;2;12;1;5
2163;21,2;1;19;0;3
2164;97,2;2;3;4;25
2165;72,5;1;17;3;16
2166;38,4;2;6;1;8
2167;29,4;1;7;0;5
2168;36,5;2;12;1;9
2169;31,4;1;6;1;4
2170;38,9;2;6;1;5
2172;50,7;1;0;2;10
2176;31,4;1;8;1;3
2189;33,1;1;9;1;15
2190;86,6;1;11;4;25
2197;83,7;1;21;4;32
2198;76,4;2;3;3;17
2209;63,2;1;5;3;10
2211;80,3;1;6;4;29
2212;34,2;1;2;1;6
2213;73,6;2;12;3;16
2214;60,5;1;2;2;18
2215;25,2;2;13;0;2
2216;38,2;1;3;1;2
2218;34,6;2;14;1;3
2219;32,4;2;13;1;7
2220;46,8;1;13;2;6
2222;80,3;2;4;4;24
2223;38,1;1;11;1;7
2224;60,6;2;11;2;11
2226;62,5;2;13;2;20
2227;50,7;2;14;2;6
2228;63,5;2;5;2;4
2229;47,9;2;12;2;6
2230;37,3;1;18;1;6
2231;58,8;1;10;2;10
2232;39;1;10;1;15
2234;36,5;2;12;1;5
2235;28,4;2;4;0;5
2236;25,5;1;17;0;5
2237;47;2;16;2;13
2238;38,4;2;12;1;7
2239;22,7;1;17;0;4
2240;38,4;2;0;1;5
2241;69,2;1;2;3;16
2242;78,5;2;7;3;15
2243;82,7;1;12;4;20
2244;28,4;1;14;0;2
2245;50,7;2;18;2;9
2246;36,5;1;4;1;8
2247;63,5;2;7;3;7
2249;50,7;2;2;2;22
2250;85,1;1;0;4;31
2252;38,4;2;1;1;6
2253;69,7;1;27;3;22
2254;35,4;1;7;1;11
2255;17,1;2;8;0;1
2256;68,8;1;7;3;15
2257;17,1;2;10;0;1
2259;34,3;1;16;1;5
2260;47,9;2;4;2;4
2261;34,2;1;11;1;4
2262;26,7;1;9;0;4
2263;32;1;2;1;4
2264;63,5;2;14;3;15
2266;49,9;1;6;2;7
2268;26,7;1;8;0;6
2270;71,6;2;1;3;19
2271;80,3;1;13;4;26
2273;50,7;2;12;2;5
2275;33,1;2;10;1;3
2277;34,6;2;7;1;6
2278;32,3;2;0;1;5
2280;38,2;1;13;1;3
2281;35,1;2;18;1;5
2282;36,5;2;14;1;5
2284;38,9;2;10;1;16
2500;80,3;2;0;4;21
385;38,4;2;7;1;7
386;73,7;2;18;3;19
387;36,2;1;10;1;4
388;38;2;1;1;8
389;29,7;1;13;0;6
548;63,2;2;21;3;16
550;47,9;2;26;2;8
551;29,3;2;13;0;4
552;21,2;2;9;0;1
553;22,6;2;9;0;2
554;41,6;2;7;1;4
555;17,1;2;14;0;2
556;35,4;2;22;1;3
557;29,2;2;6;0;5
559;22,9;1;16;0;2
560;27,7;2;12;0;2
561;30,2;1;12;1;4
617;82,7;1;4;4;27
620;61,1;1;4;2;19
621;28,6;1;12;0;3
622;38,4;2;11;1;5
623;73,9;2;23;3;21
624;71,2;2;12;3;16
625;87;1;6;4;17
627;36,5;2;20;1;9
628;37,7;2;5;1;6
629;63,5;2;14;3;19
630;53,7;2;10;2;7
631;63,5;2;4;3;13
641;86,5;1;2;4;18
642;27,5;2;5;0;3
645;37,7;1;9;1;8
646;76,3;1;7;3;19
651;26,7;1;2;0;6
652;38,9;2;13;1;5
653;33,9;2;5;1;6
654;36,5;1;14;1;6
665;29,2;2;10;0;4
666;28,4;2;13;0;2
667;47,9;1;22;2;4
668;36,1;2;17;1;4
669;52,4;1;7;2;9
701;78,5;2;11;4;20
702;83,7;1;19;4;22
712;51,9;1;3;2;7
713;68,1;2;22;3;26
714;64,1;1;2;3;13
715;71,6;1;8;3;26
716;36,5;1;10;1;5
717;26,7;2;13;0;2
718;64,4;2;11;3;11
719;33,3;2;1;1;5
720;57,1;2;3;2;9
721;29,5;1;13;0;6
722;49,6;1;9;2;5
727;36,5;2;13;1;9
728;68,8;2;2;3;19
757;47,8;1;13;2;12
759;97,2;1;6;4;33
760;63,5;1;1;3;14
846;22,5;2;11;0;3
847;48,5;1;0;2;9
848;55,1;2;9;2;10
849;40;1;15;1;5
850;90,8;1;16;4;17
851;29,8;1;23;0;4
852;84;2;8;4;19
853;73,6;2;9;3;18
854;50,7;2;7;2;8
855;34,2;1;11;1;4
856;21,2;2;11;0;3
857;63,5;1;5;2;16
858;63,5;1;2;3;12
860;69,7;1;4;3;18
861;51;1;23;2;5
862;42,3;2;18;2;4
877;32,3;1;14;1;11
878;39,4;2;13;1;15
879;34,3;1;21;1;6
880;57,1;2;9;2;22
881;76,4;2;13;3;20
882;63,5;2;22;3;14
883;63,5;2;20;2;15
884;38,1;1;14;1;5
885;37,7;2;6;1;10
886;32,4;1;5;1;4
887;33,9;1;4;1;4
888;78,5;2;2;4;20
889;43,3;1;21;2;5
890;63,5;1;17;3;16
891;33,6;1;11;1;5
892;29,2;1;10;0;3
955;60,5;1;12;2;21
957;27,5;1;17;0;3
959;29,8;1;10;0;4
960;47,9;2;20;2;4
994;39;2;4;1;5
995;60,5;1;4;2;22
997;74,4;2;14;3;23
999;28,4;2;13;0;5
1000;69,7;2;10;3;13
1001;73,7;2;5;3;17
1002;36,7;1;18;1;9
1003;62,2;2;24;2;32
1004;29,4;1;10;0;6
1005;31,7;1;16;1;2
1014;64,4;2;1;3;16
1015;73,2;2;14;3;23
1016;73,2;2;12;3;15
1017;35,1;1;2;1;5
1018;34,2;1;15;1;2
1019;53,9;1;21;2;4
1020;33,1;2;7;1;7
1022;62;2;10;2;5
1023;53,9;1;12;2;7
1024;36,9;2;4;1;6
1025;38,5;2;12;1;5
1026;67;2;3;3;15
1030;80,9;2;19;4;15
1031;37,7;2;12;1;6
1033;27,5;1;13;0;2
1056;32,3;1;1;1;5
1057;29;2;12;1;4
1058;38,1;1;4;1;6
1059;76,3;1;15;3;24
1183;31,5;1;8;1;2
1184;17,1;2;14;0;1
1185;38;2;1;1;12
1198;29,5;1;14;1;3
1265;22,7;2;13;0;2
1266;33,6;1;12;1;5
1267;78;1;23;4;12
1268;26,4;2;23;0;3
1295;47,9;2;6;2;9
1296;32,3;1;2;1;4
1405;87;2;31;4;40
1406;73,9;1;15;3;11
1408;80,3;2;18;4;18
1409;78,5;2;10;4;16
1429;63,2;2;4;2;12
1430;63,5;1;7;3;19
1433;33,6;1;3;1;7
1434;33,1;2;16;1;13
1458;32,3;1;7;1;5
1459;28,4;1;13;0;2
1460;78,5;1;11;4;19
1462;21,2;2;8;0;3
1463;64,4;2;10;3;31
1464;63,2;1;9;3;17
1473;29;1;6;0;4
1497;26,3;1;3;0;5
1499;46,7;2;10;2;7
1500;39;2;14;1;9
1501;47,9;2;10;2;4
1504;50,7;2;19;2;7
1505;33,1;2;7;1;4
1506;80,3;1;6;4;25
1508;17,1;2;12;0;2
1511;28,4;1;11;0;5
1512;63,5;1;5;3;15
1513;29,4;1;11;0;5
1514;31,9;2;19;1;3
1519;63,5;2;4;2;9
1520;63,5;2;17;3;11
1521;71,6;2;15;3;14
1522;43,7;2;7;2;5
1525;34,3;2;11;1;6
1526;32,3;1;3;1;5
1528;48,6;1;17;2;9
1529;51;2;9;2;15
1577;49,4;1;5;2;6
1578;38,4;2;8;1;6
1581;48,5;1;13;2;15
1582;29,2;2;3;0;5
1583;57,1;2;19;2;10
1707;50,7;1;15;2;6
1709;31,5;1;10;1;12
1714;63,5;1;18;3;24
1715;50,7;2;19;2;6
1752;61,1;1;0;2;6
1753;29,2;1;12;0;4
1755;38,1;1;7;1;7
1756;33,2;1;0;1;2
1757;50,7;2;23;2;5
1758;29,5;2;13;0;5
1762;61,4;2;18;2;28
1778;48,5;2;1;2;14
1780;27,5;2;15;0;6
1781;39,5;1;10;1;7
1782;27,5;1;6;0;7
1783;64,4;2;13;3;20
1784;56,5;1;12;2;12
1785;67;1;2;3;17
1786;37,3;1;6;1;7
1787;29,3;2;11;0;5
1789;47,9;2;5;2;8
1790;31,5;1;15;0;2
1791;64,1;2;12;3;23
1792;36,4;1;14;1;6
1793;29,3;2;6;0;4
1794;34,2;2;10;1;2
1805;51;2;17;2;6
1904;32,3;2;7;1;2
1905;38,9;2;5;1;6
1906;38,9;2;19;1;7
1907;38,4;2;5;1;3
1908;22,5;2;4;0;2
1909;29,1;2;12;0;2
1910;28,4;2;9;0;2
1911;38,9;2;9;1;18
1912;28,6;1;10;0;4
1913;43,7;1;22;2;3
1943;97,2;1;6;4;17
1944;38,9;1;13;1;6
1945;38,4;2;2;1;6
1982;50,7;2;13;2;7
1983;43,7;2;12;2;8
1991;38,4;2;10;1;7
1992;73,3;2;18;3;29
1997;53,9;1;5;2;9
2056;37,7;2;7;1;7
2057;63,5;1;9;2;15
2058;38,9;1;12;1;5
2059;42,5;1;8;1;10
2060;29,3;2;13;0;6
2173;67;1;19;3;22
2175;29,3;2;13;0;5
2177;26,7;2;14;0;4
2178;31,5;1;15;1;3
2179;38,1;1;16;1;3
2180;25,3;2;10;0;4
2181;78,5;2;4;4;23
2182;53,7;1;5;2;8
2183;29,3;2;6;0;6
2184;29,2;1;13;0;4
2208;27,5;1;10;0;4
2279;22,6;2;7;0;2
2485;26,7;2;10;0;3
331;38,1;1;12;1;8
347;39;2;11;1;8
350;45,3;1;8;2;6
366;56,5;1;23;2;12
378;46,8;2;25;2;10
379;34,2;1;9;1;7
393;29;1;8;0;6
396;63,5;1;7;2;11
397;73,2;2;5;3;21
414;34,2;1;9;1;3
415;31,5;1;7;1;4
418;78,7;2;12;3;21
426;60,6;1;10;2;13
437;31,5;1;7;1;2
454;50,7;1;11;2;6
466;75,2;2;1;3;29
468;38;2;11;1;6
478;31,5;1;1;1;4
482;32,3;1;10;1;5
510;38,4;2;12;1;10
513;53,1;1;19;2;8
521;63,5;2;7;3;14
529;38,9;2;15;1;13
540;78,5;2;2;4;27
543;83,7;2;9;4;29
558;38,4;2;10;1;6
562;33,1;2;11;1;2
563;48,8;1;8;2;17
565;68,1;2;17;3;17
566;35,4;2;19;1;6
567;65,8;2;7;3;14
568;64,4;2;12;3;14
569;37,3;2;19;1;5
570;76,4;1;7;3;10
576;63,5;1;11;3;18
583;17,1;2;14;0;3
605;73,2;2;12;3;18
616;83,7;1;3;4;16
619;84;2;8;4;16
632;76,3;1;6;3;25
633;73,2;2;5;3;19
634;36,5;2;8;1;6
635;34,4;2;17;1;2
636;47,9;2;11;2;3
637;50,7;2;1;2;4
638;37,7;1;14;1;9
643;63,5;2;23;3;17
644;69,7;2;12;3;22
656;38;2;4;1;7
657;63,5;1;8;3;22
658;63,5;1;5;3;18
660;84;1;3;4;23
661;26,5;2;13;0;4
662;67;2;1;3;16
663;38,9;1;11;1;10
664;29,8;2;6;0;4
674;80,9;2;28;4;18
675;35,4;2;2;1;6
676;86,6;1;24;4;15
677;35,1;1;15;1;4
678;86;1;3;4;21
679;36,1;2;16;1;8
680;63,5;2;16;3;17
681;33,1;2;15;1;5
683;78,5;2;5;3;21
684;27,9;2;9;0;2
685;22,5;2;6;0;4
686;38,2;1;11;1;3
687;37,7;2;16;1;7
688;48,6;2;15;2;7
689;73,2;2;3;3;29
691;86,8;1;14;4;25
692;38;2;13;1;6
693;63,5;1;9;3;15
694;64,2;2;13;3;15
695;63,5;1;4;3;14
696;26,7;2;17;0;2
698;63,5;2;4;3;12
707;63,5;2;15;3;27
708;50,5;1;14;2;7
709;29,5;1;10;1;2
725;31,4;1;5;1;4
730;63,5;2;11;2;22
732;87;2;13;4;22
733;63,5;1;7;3;26
734;63,5;1;7;3;17
736;64,2;2;8;3;10
738;50,7;1;10;2;9
741;63,5;1;12;2;11
745;73,6;1;16;3;17
756;78,5;2;22;4;26
758;87,9;1;0;4;16
762;25,2;1;16;0;5
763;31,4;1;4;0;4
764;64,2;1;7;3;13
765;76,3;1;3;3;14
768;38;2;13;1;7
769;26,5;2;9;0;2
770;52,4;1;7;2;6
771;38,9;2;11;1;14
774;31,4;2;2;1;3
789;31,4;1;12;1;4
792;44,3;2;17;2;5
816;33,1;2;17;1;4
818;50,7;1;2;2;7
819;35,1;1;13;1;5
837;38,4;2;3;1;7
859;33,1;2;10;1;5
863;76,3;1;11;3;17
864;73,2;2;7;3;16
865;75,2;1;0;3;22
866;29,8;1;1;0;4
867;97,2;1;6;4;27
869;38,4;2;3;1;7
870;96;1;23;4;36
871;53,3;2;21;2;8
873;33,9;1;18;1;7
876;83,7;1;15;4;13
896;39;1;20;1;6
901;47,9;2;11;2;8
918;97,2;1;15;4;26
919;73,3;1;11;3;21
928;28,4;2;6;0;3
934;48,5;1;9;2;5
937;86,6;1;11;4;29
943;88,8;1;9;4;28
954;73,2;2;11;3;27
956;37,4;2;7;1;6
958;37,7;2;4;1;7
962;32,3;1;12;1;6
963;34,3;2;13;1;5
964;27,5;2;15;0;2
965;29,3;2;11;0;6
966;69,7;1;14;3;22
967;50,7;2;6;2;8
970;50,7;2;12;2;15
983;49,6;2;17;2;12
985;76,3;1;21;3;13
986;26,4;2;10;0;6
987;38,1;1;17;1;7
988;56,5;2;4;2;16
990;73,2;2;16;3;17
991;73,3;2;27;3;17
992;45,3;1;2;2;17
993;39;2;2;1;4
998;53,3;2;8;2;24
1010;29,1;2;10;0;4
1021;42,7;1;10;2;8
1027;29,2;1;4;0;2
1028;29,2;2;0;0;4
1045;29,3;1;16;0;6
1052;47,9;2;13;2;8
1061;97,2;1;17;4;21
1062;69,2;2;2;3;15
1063;33,6;2;4;1;5
1064;32,3;1;2;1;2
1065;47,9;1;10;2;4
1066;34,2;1;1;1;6
1067;87,9;1;9;4;26
1068;36,5;2;17;1;5
1069;29,2;1;8;0;3
1070;44,7;1;8;2;5
1071;31,5;1;13;1;1
1072;32,3;1;18;1;5
1073;47,9;2;12;2;4
1074;28,4;2;8;0;5
1076;63,5;2;2;3;14
1077;34,2;1;0;1;4
1079;64,2;1;24;3;19
1080;63,2;2;6;2;15
1081;37,7;2;22;1;3
1082;38,4;2;12;1;6
1083;26,7;2;13;0;2
1084;21,2;2;8;0;3
1085;73,8;2;8;3;17
1086;36,5;1;22;1;7
1088;73,9;2;4;3;22
1089;43,3;1;8;2;9
1090;33,6;1;19;1;5
1091;38;2;11;1;18
1092;47;2;8;2;5
1093;63,2;2;3;2;20
1094;54,2;2;18;2;4
1095;37,7;2;13;1;2
1096;36,9;2;18;1;6
1097;33,1;2;17;1;6
1098;37,4;2;11;1;5
1099;47,9;2;16;2;4
1100;33,6;2;7;1;4
1101;33,1;2;19;1;4
1102;21,2;2;9;0;1
1103;78,5;1;7;3;30
1104;52,5;2;16;2;7
1105;29,3;2;11;0;5
1106;51,9;2;10;2;5
1107;47,9;2;14;2;6
1108;80,3;1;14;4;27
1109;78,5;2;6;4;22
1111;86,6;1;9;4;26
1112;38,4;2;11;1;7
1113;45,8;2;4;2;5
1114;31,5;1;21;0;5
1115;26,4;1;15;0;2
1116;37,7;2;4;1;15
1117;37,7;2;19;1;7
1118;73,9;2;1;3;18
1120;86;1;5;4;19
1127;50,7;1;7;2;3
1133;50,7;1;18;2;16
1136;38,2;1;13;1;5
1144;51,9;2;9;2;9
1146;32,8;1;3;1;6
1156;53,4;1;19;2;5
1165;35,4;2;9;1;12
1166;36,5;1;9;1;8
1167;28,4;1;9;0;5
1177;73,2;2;12;3;11
1180;80,9;2;15;4;17
1186;32;2;10;1;4
1187;42,7;1;14;1;6
1188;27,5;1;2;0;2
1191;31,2;2;11;1;3
1192;29,3;1;12;0;4
1193;33,1;2;21;1;4
1194;33,9;1;21;1;3
1201;48,9;1;5;2;9
1203;33,6;1;16;1;5
1205;73,3;1;6;3;14
1206;52,3;2;9;2;10
1208;45,3;1;7;2;7
1209;39,4;1;14;1;5
1210;37,6;1;14;1;4
1211;43,7;2;10;2;7
1212;39,4;1;12;1;4
1213;21,2;2;11;0;5
1214;29,8;2;11;0;5
1215;37,1;1;4;1;5
1217;27,7;2;10;0;2
1218;69,2;2;12;3;19
1219;62,1;2;7;2;14
1220;33,1;2;7;1;4
1222;35,4;1;14;1;3
1224;73,2;2;2;3;21
1225;28,6;1;1;0;4
1226;33;1;13;1;6
1227;27,5;2;4;0;3
1228;45,8;2;7;2;9
1229;29,3;2;3;0;5
1230;28,4;1;1;0;2
1231;36,5;1;3;1;8
1232;51,9;2;10;2;9
1233;47,9;2;11;2;4
1234;31,4;1;4;1;5
1235;38,4;2;15;1;5
1236;33,3;1;11;1;2
1238;64,2;2;16;3;15
1239;36,5;2;1;1;5
1240;37,7;2;5;1;8
1241;33,1;2;10;1;3
1242;35,7;2;5;1;4
1243;33,9;2;13;1;6
1244;64,1;1;10;3;12
1245;37,9;2;10;1;2
1246;27,2;2;13;0;2
1247;48,5;1;15;2;6
1248;31,5;1;8;1;4
1251;28,6;1;10;0;4
1252;37,6;2;14;1;7
1253;29,4;1;10;0;6
1254;63,5;2;17;3;13
1255;71,6;2;14;3;20
1256;80,9;2;4;4;16
1257;26,7;2;5;0;4
1258;32,4;2;11;1;4
1259;26,7;1;12;0;4
1260;73,2;2;4;3;12
1261;33,6;2;11;1;7
1262;63,5;1;1;3;17
1263;22,7;2;3;0;2
1282;51;2;4;2;7
1286;33,1;2;13;1;12
1288;92,3;1;18;4;19
1289;63,2;1;3;3;14
1291;36,9;2;17;1;16
1292;29,2;1;9;0;2
1293;47,9;2;6;2;3
1297;67;2;2;3;14
1298;38,4;2;9;1;12
1300;73,2;2;10;3;20
1309;30,1;1;6;0;4
1312;29,2;1;7;0;4
1330;29,2;1;15;0;3
1331;39;1;9;1;4
1333;32,7;2;11;1;2
1340;30,7;2;10;1;5
1350;33,1;2;2;1;3
1352;76,4;2;11;3;18
1360;71,6;2;9;3;19
1372;29,3;2;13;0;5
1373;29;2;8;0;5
1374;37;1;2;1;2
1375;33,1;2;1;1;3
1377;63,2;2;8;2;18
1378;37,7;2;10;1;6
1380;92,3;1;4;4;32
1381;34,3;1;3;1;4
1382;74,4;2;25;3;39
1384;28,6;1;7;0;2
1385;56,6;2;18;2;8
1387;73,2;2;11;3;29
1388;63,5;2;7;3;17
1391;74,1;2;13;3;27
1402;62,2;1;8;2;13
1410;73,9;2;22;3;28
1412;33,1;2;3;1;3
1416;92,9;2;13;4;26
1424;54,2;1;20;2;19
1426;42,2;1;16;1;7
1428;29,2;1;12;0;3
1431;32,4;2;5;1;4
1437;26,4;2;10;0;5
1447;62,5;1;9;2;14
1452;53,9;1;8;2;9
1456;38,4;2;23;1;7
1467;67;2;12;3;14
1469;64,8;2;0;3;15
1470;55,1;2;10;2;16
1480;55,1;2;11;2;13
1481;47,9;2;8;2;7
1494;32,3;1;7;1;5
1495;38,4;1;15;1;5
1496;48,5;1;18;2;6
1507;36,9;2;8;1;5
1509;56,6;2;12;2;9
1516;44,7;1;10;2;5
1517;38;2;14;1;6
1518;66,1;2;30;3;9
1524;74,4;1;9;3;27
1530;48,5;2;13;2;8
1533;69,7;1;12;3;13
1559;35,1;1;24;1;2
1561;50,7;2;4;2;5
1564;38,4;2;12;1;18
1571;38,9;2;26;1;5
1572;20,1;2;13;0;2
1574;46,3;2;11;2;14
1585;63,5;1;17;3;16
1586;87;1;20;4;21
1587;63,5;1;4;3;13
1588;59;2;22;2;13
1589;49,6;1;8;2;8
1591;63,5;2;1;2;13
1592;63,5;1;19;3;14
1593;47,9;2;10;2;10
1594;90;2;6;4;24
1596;76,4;2;4;3;16
1597;33,6;1;14;1;5
1598;50,7;2;7;2;10
1599;26,4;2;11;0;5
1600;29,8;1;12;1;4
1601;33,1;2;10;1;5
1602;86;1;1;4;19
1603;50,5;2;3;2;19
1604;74,4;1;7;3;16
1605;29,2;1;8;0;6
1606;37,4;2;7;1;6
1607;43,6;2;11;2;20
1608;46,7;2;2;2;10
1609;38,9;2;22;1;3
1610;38,4;2;10;1;7
1611;43,4;1;12;2;3
1612;30,1;1;7;1;14
1615;61,4;2;6;2;11
1629;38,4;2;7;1;6
1630;50,7;2;8;2;9
1632;74,4;2;0;3;30
1642;40;2;17;1;6
1669;63,2;1;12;3;14
1671;78,5;2;10;3;16
1678;31,5;1;12;1;5
1690;51,9;1;22;2;8
1703;22,5;2;12;0;3
1706;37,3;2;6;1;5
1710;62,1;2;17;2;15
1711;73,2;2;3;3;32
1712;36,9;2;9;1;7
1716;73,3;1;3;3;20
1719;45,3;1;16;2;9
1725;44,7;1;9;2;8
1747;39,4;2;10;1;5
1748;61,9;2;9;3;19
1750;63,5;1;10;2;2
1760;39;1;14;1;3
1763;32,4;2;14;1;6
1765;40;1;9;1;6
1766;38,9;1;5;1;4
1767;38,9;2;9;1;6
1768;76,4;2;24;3;18
1770;38;2;12;1;6
1772;87,9;1;21;4;19
1773;48,5;2;4;2;7
1774;61,9;1;8;2;13
1777;32,7;1;11;1;5
1779;51;2;6;2;15
1788;22,9;1;2;0;3
1796;33,1;2;0;1;4
1797;22,5;2;15;0;2
1798;47,9;2;3;2;5
1799;47,9;2;17;2;4
1800;30,7;2;6;1;6
1801;27,5;2;18;0;4
1803;74,4;2;12;3;19
1806;31,5;1;8;1;4
1807;48,5;1;9;2;7
1809;48,5;1;7;2;7
1837;96;1;5;4;35
1847;28,4;1;2;0;4
1852;73,2;2;31;3;15
1857;36,5;2;11;1;5
1858;64,1;1;6;3;14
1861;36,5;1;13;1;3
1862;63,5;2;15;2;5
1863;63,5;1;6;2;12
1864;32,3;1;4;1;6
1865;21,2;2;11;0;1
1868;29,1;2;7;0;3
1869;47,9;2;8;2;3
1870;30,2;1;5;1;2
1871;31,5;1;13;1;6
1874;63,5;1;11;3;16
1883;33,1;2;5;1;2
1890;63,5;2;3;3;6
1896;62,1;1;13;2;21
1897;88,8;2;6;4;16
1899;69,2;2;13;3;12
1916;78,5;1;13;4;21
1922;63,5;1;12;2;5
1928;29,2;2;3;0;4
1940;61,9;2;6;2;19
1942;38,4;2;13;1;6
1947;29,2;1;12;0;4
1948;33,1;2;3;1;3
1949;38,9;2;19;1;3
1950;36,5;1;3;1;5
1951;30,1;1;9;1;5
1952;80,3;1;1;4;22
1953;38,4;2;10;1;7
1954;47,9;1;16;2;6
1955;64,8;2;9;3;30
1956;47,9;2;3;2;4
1957;33,1;1;5;1;6
1958;38,4;2;18;1;5
1959;53,1;1;20;2;19
1960;31,5;1;18;1;2
1961;35,1;1;18;1;7
1962;53,3;2;19;2;6
1963;29,3;2;16;0;4
1964;38,4;2;7;1;4
1965;47,9;1;2;2;5
1966;38,4;1;3;1;5
1967;35,4;2;12;1;6
1970;36,5;2;4;1;5
1974;74;2;6;3;16
1977;43,7;2;5;2;21
1978;27,5;2;10;0;6
1979;56,6;2;3;2;7
1980;43,7;2;10;2;13
1985;29,8;2;2;0;4
1987;29,2;1;10;0;3
1990;50,7;2;10;2;19
2002;62;1;14;2;14
2003;36,5;2;15;1;5
2034;63,5;2;3;3;9
2037;54,2;1;9;2;9
2054;53,7;2;14;2;3
2055;53,7;1;20;2;8
2061;52,5;2;9;2;10
2063;59;1;14;2;10
2064;30,7;2;9;0;5
2065;72,5;1;1;3;18
2067;50,7;1;8;2;8
2068;63,5;2;4;3;12
2070;38,1;2;14;1;6
2071;59,9;1;5;2;15
2076;68,1;2;17;3;13
2085;33,3;2;11;1;5
2103;26,4;2;9;0;4
2120;64,1;1;5;3;15
2125;62,5;1;3;2;22
2129;76,3;1;3;3;26
2135;38,9;2;20;1;6
2149;63,5;2;5;3;22
2153;78,5;2;19;4;25
2171;48,5;1;8;2;8
2174;29,5;1;1;0;12
2185;33,1;2;6;1;2
2186;27,7;2;10;0;5
2187;29,3;2;17;0;5
2188;33,1;2;7;1;3
2191;87,9;1;7;4;34
2192;86,6;1;6;4;23
2193;73,2;2;4;3;19
2194;93,3;1;4;4;25
2195;27,5;1;20;0;4
2196;29,3;2;13;0;3
2199;38,4;2;12;1;7
2200;82,7;2;13;4;19
2201;61,9;2;12;2;22
2202;33,1;1;22;1;5
2203;59,3;2;7;2;7
2204;68,8;2;5;3;16
2205;50,7;2;16;2;6
2206;63,5;1;20;2;9
2207;31,3;1;10;1;3
2210;28,6;1;16;0;1
2217;63,2;2;5;3;16
2221;32,3;1;1;1;3
2225;37,3;1;1;1;13
2233;29,3;2;14;0;3
2248;37,3;1;10;1;7
2258;50,7;1;2;2;14
2265;38,9;2;12;1;5
2267;78,5;2;1;4;27
2269;32,3;1;5;1;3
2272;28,6;1;2;0;2
2274;18,5;2;11;0;3
2276;29,2;2;5;0;5
2283;38;2;15;1;6
2474;26,7;1;15;0;4
475;66,1;1;2;3;3
574;48,5;1;6;2;13
729;65,8;1;17;3;19
735;81;1;14;4;17
755;48,6;1;2;2;16
799;28,6;1;16;0;4
872;86,6;1;17;4;21
1029;52,4;1;17;2;16
1216;17,1;2;6;0;2
1237;74,9;1;1;3;20
1264;32,4;2;1;1;3
1403;38,1;1;1;1;6
1866;37,6;1;15;1;5
1969;29,2;1;9;0;5
1972;31,5;1;17;1;2
1996;78,5;1;7;3;18
1998;76,5;2;0;3;15
2053;39,4;1;16;1;12
2087;46,8;2;30;2;5
2160;29,2;1;9;0;5
690;73,6;2;23;3;30
1981;37,2;1;10;1;6
181;76,4;2;6;3;14
375;63,2;2;18;3;11
509;66,1;1;13;3;14
1011;51,9;1;1;2;11
1590;63,5;2;10;3;17
1764;54,9;1;9;2;10
2291;52,4;2;19;2;6
2285;30,1;1;17;0;5
2364;26,7;2;12;0;5
1973;38,9;1;11;1;6
285;28,6;1;7;0;4
473;69,2;1;16;3;9
1915;63,5;2;8;3;15